-- UniMente Backup
-- Tipo:   COMPLETO
-- Fecha:  2026-03-15T03:21:10.499Z

SET FOREIGN_KEY_CHECKS = 0;

-- ── Rol (3 filas) ──
TRUNCATE TABLE `Rol`;
INSERT INTO `Rol` (`id_rol`, `nombre`) VALUES (1, 'administrador');
INSERT INTO `Rol` (`id_rol`, `nombre`) VALUES (3, 'estudiante');
INSERT INTO `Rol` (`id_rol`, `nombre`) VALUES (2, 'psicologo');

-- ── Usuario (96 filas) ──
TRUNCATE TABLE `Usuario`;
INSERT INTO `Usuario` (`id_usuario`, `nombre`, `correo`, `password_hash`, `id_rol`, `mfa_secret`, `mfa_enabled`, `created_at`) VALUES (1, 'Administrador', 'admin@unimente.edu', '$2b$10$iU3YEFqt.dKz3XzJ9HWGFeLmq5goPTJfzkSDC/DK0gjwdq8HVqx/i', 1, 'NRJXQYZ2ENJE4QZRHAUDQSZRIFGTSVBK', 1, '2026-03-15 08:54:34');
INSERT INTO `Usuario` (`id_usuario`, `nombre`, `correo`, `password_hash`, `id_rol`, `mfa_secret`, `mfa_enabled`, `created_at`) VALUES (2, 'Brenda Admin', 'brendaAdmin@unimente.com', '$2b$10$W0jgp42Xnj7TqWCxOGbOfeYE4U87FlLrOqh.OJspl.PxVA7LQ65uW', 1, NULL, 0, '2026-03-15 08:54:34');
INSERT INTO `Usuario` (`id_usuario`, `nombre`, `correo`, `password_hash`, `id_rol`, `mfa_secret`, `mfa_enabled`, `created_at`) VALUES (3, 'Abril Admin', 'abrilAdmin@unimente.com', '$2b$10$Uiu027sdStb.VLcQRnVzOuIocc0LUso2mwIqDhP3NWZvKo04UizmW', 1, NULL, 0, '2026-03-15 08:54:34');
INSERT INTO `Usuario` (`id_usuario`, `nombre`, `correo`, `password_hash`, `id_rol`, `mfa_secret`, `mfa_enabled`, `created_at`) VALUES (4, 'Mai Admin', 'maiAdmin@unimente.com', '$2b$10$YmAzqGw2dEtlkRz1Rii4RuaMKG2PADEJTlJgDlMtJyUumZGlbhdhy', 1, NULL, 0, '2026-03-15 08:54:34');
INSERT INTO `Usuario` (`id_usuario`, `nombre`, `correo`, `password_hash`, `id_rol`, `mfa_secret`, `mfa_enabled`, `created_at`) VALUES (5, 'Pedro Ramos Ramírez', 'psicologo1@unimente.edu', '$2b$10$r0TbQCPjE4uuRU8VNflSzOeWgDAf7m2CPjthY39OSTCGHADHj./4m', 2, NULL, 0, '2026-03-15 08:54:34');
INSERT INTO `Usuario` (`id_usuario`, `nombre`, `correo`, `password_hash`, `id_rol`, `mfa_secret`, `mfa_enabled`, `created_at`) VALUES (6, 'Verónica Castillo Pérez', 'psicologo2@unimente.edu', '$2b$10$r0TbQCPjE4uuRU8VNflSzOeWgDAf7m2CPjthY39OSTCGHADHj./4m', 2, NULL, 0, '2026-03-15 08:54:34');
INSERT INTO `Usuario` (`id_usuario`, `nombre`, `correo`, `password_hash`, `id_rol`, `mfa_secret`, `mfa_enabled`, `created_at`) VALUES (7, 'Jorge López Martínez', 'psicologo3@unimente.edu', '$2b$10$r0TbQCPjE4uuRU8VNflSzOeWgDAf7m2CPjthY39OSTCGHADHj./4m', 2, NULL, 0, '2026-03-15 08:54:34');
INSERT INTO `Usuario` (`id_usuario`, `nombre`, `correo`, `password_hash`, `id_rol`, `mfa_secret`, `mfa_enabled`, `created_at`) VALUES (8, 'Elena Gutiérrez Herrera', 'psicologo4@unimente.edu', '$2b$10$r0TbQCPjE4uuRU8VNflSzOeWgDAf7m2CPjthY39OSTCGHADHj./4m', 2, NULL, 0, '2026-03-15 08:54:34');
INSERT INTO `Usuario` (`id_usuario`, `nombre`, `correo`, `password_hash`, `id_rol`, `mfa_secret`, `mfa_enabled`, `created_at`) VALUES (9, 'Jorge Gómez Morales', 'psicologo5@unimente.edu', '$2b$10$r0TbQCPjE4uuRU8VNflSzOeWgDAf7m2CPjthY39OSTCGHADHj./4m', 2, NULL, 0, '2026-03-15 08:54:34');
INSERT INTO `Usuario` (`id_usuario`, `nombre`, `correo`, `password_hash`, `id_rol`, `mfa_secret`, `mfa_enabled`, `created_at`) VALUES (10, 'Mónica Mendoza Gutiérrez', 'psicologo6@unimente.edu', '$2b$10$r0TbQCPjE4uuRU8VNflSzOeWgDAf7m2CPjthY39OSTCGHADHj./4m', 2, NULL, 0, '2026-03-15 08:54:34');
INSERT INTO `Usuario` (`id_usuario`, `nombre`, `correo`, `password_hash`, `id_rol`, `mfa_secret`, `mfa_enabled`, `created_at`) VALUES (11, 'Juan Vargas Flores', 'psicologo7@unimente.edu', '$2b$10$r0TbQCPjE4uuRU8VNflSzOeWgDAf7m2CPjthY39OSTCGHADHj./4m', 2, NULL, 0, '2026-03-15 08:54:34');
INSERT INTO `Usuario` (`id_usuario`, `nombre`, `correo`, `password_hash`, `id_rol`, `mfa_secret`, `mfa_enabled`, `created_at`) VALUES (12, 'Mónica Gómez Rodríguez', 'psicologo8@unimente.edu', '$2b$10$r0TbQCPjE4uuRU8VNflSzOeWgDAf7m2CPjthY39OSTCGHADHj./4m', 2, NULL, 0, '2026-03-15 08:54:34');
INSERT INTO `Usuario` (`id_usuario`, `nombre`, `correo`, `password_hash`, `id_rol`, `mfa_secret`, `mfa_enabled`, `created_at`) VALUES (13, 'Diego Flores Ramírez', 'psicologo9@unimente.edu', '$2b$10$r0TbQCPjE4uuRU8VNflSzOeWgDAf7m2CPjthY39OSTCGHADHj./4m', 2, NULL, 0, '2026-03-15 08:54:34');
INSERT INTO `Usuario` (`id_usuario`, `nombre`, `correo`, `password_hash`, `id_rol`, `mfa_secret`, `mfa_enabled`, `created_at`) VALUES (14, 'Ana Castillo Castillo', 'psicologo10@unimente.edu', '$2b$10$r0TbQCPjE4uuRU8VNflSzOeWgDAf7m2CPjthY39OSTCGHADHj./4m', 2, NULL, 0, '2026-03-15 08:54:34');
INSERT INTO `Usuario` (`id_usuario`, `nombre`, `correo`, `password_hash`, `id_rol`, `mfa_secret`, `mfa_enabled`, `created_at`) VALUES (15, 'Iván Moreno Gutiérrez', 'psicologo11@unimente.edu', '$2b$10$r0TbQCPjE4uuRU8VNflSzOeWgDAf7m2CPjthY39OSTCGHADHj./4m', 2, NULL, 0, '2026-03-15 08:54:34');
INSERT INTO `Usuario` (`id_usuario`, `nombre`, `correo`, `password_hash`, `id_rol`, `mfa_secret`, `mfa_enabled`, `created_at`) VALUES (16, 'Daniela Sánchez Gutiérrez', 'psicologo12@unimente.edu', '$2b$10$r0TbQCPjE4uuRU8VNflSzOeWgDAf7m2CPjthY39OSTCGHADHj./4m', 2, NULL, 0, '2026-03-15 08:54:34');
INSERT INTO `Usuario` (`id_usuario`, `nombre`, `correo`, `password_hash`, `id_rol`, `mfa_secret`, `mfa_enabled`, `created_at`) VALUES (17, 'María Castillo Cruz', 'estudiante1@unimente.edu', '$2b$10$r0TbQCPjE4uuRU8VNflSzOeWgDAf7m2CPjthY39OSTCGHADHj./4m', 3, NULL, 0, '2026-03-15 08:54:34');
INSERT INTO `Usuario` (`id_usuario`, `nombre`, `correo`, `password_hash`, `id_rol`, `mfa_secret`, `mfa_enabled`, `created_at`) VALUES (18, 'Andrea Gómez Rodríguez', 'estudiante2@unimente.edu', '$2b$10$r0TbQCPjE4uuRU8VNflSzOeWgDAf7m2CPjthY39OSTCGHADHj./4m', 3, NULL, 0, '2026-03-15 08:54:34');
INSERT INTO `Usuario` (`id_usuario`, `nombre`, `correo`, `password_hash`, `id_rol`, `mfa_secret`, `mfa_enabled`, `created_at`) VALUES (19, 'Pedro Moreno Rivera', 'estudiante3@unimente.edu', '$2b$10$r0TbQCPjE4uuRU8VNflSzOeWgDAf7m2CPjthY39OSTCGHADHj./4m', 3, NULL, 0, '2026-03-15 08:54:34');
INSERT INTO `Usuario` (`id_usuario`, `nombre`, `correo`, `password_hash`, `id_rol`, `mfa_secret`, `mfa_enabled`, `created_at`) VALUES (20, 'Camila Morales Cruz', 'estudiante4@unimente.edu', '$2b$10$r0TbQCPjE4uuRU8VNflSzOeWgDAf7m2CPjthY39OSTCGHADHj./4m', 3, NULL, 0, '2026-03-15 08:54:34');
INSERT INTO `Usuario` (`id_usuario`, `nombre`, `correo`, `password_hash`, `id_rol`, `mfa_secret`, `mfa_enabled`, `created_at`) VALUES (21, 'Lucía Aguilar Castillo', 'estudiante5@unimente.edu', '$2b$10$r0TbQCPjE4uuRU8VNflSzOeWgDAf7m2CPjthY39OSTCGHADHj./4m', 3, NULL, 0, '2026-03-15 08:54:34');
INSERT INTO `Usuario` (`id_usuario`, `nombre`, `correo`, `password_hash`, `id_rol`, `mfa_secret`, `mfa_enabled`, `created_at`) VALUES (22, 'Diego Aguilar Rivera', 'estudiante6@unimente.edu', '$2b$10$r0TbQCPjE4uuRU8VNflSzOeWgDAf7m2CPjthY39OSTCGHADHj./4m', 3, NULL, 0, '2026-03-15 08:54:34');
INSERT INTO `Usuario` (`id_usuario`, `nombre`, `correo`, `password_hash`, `id_rol`, `mfa_secret`, `mfa_enabled`, `created_at`) VALUES (23, 'Andrea Rivera Flores', 'estudiante7@unimente.edu', '$2b$10$r0TbQCPjE4uuRU8VNflSzOeWgDAf7m2CPjthY39OSTCGHADHj./4m', 3, NULL, 0, '2026-03-15 08:54:34');
INSERT INTO `Usuario` (`id_usuario`, `nombre`, `correo`, `password_hash`, `id_rol`, `mfa_secret`, `mfa_enabled`, `created_at`) VALUES (24, 'Laura Cruz Vargas', 'estudiante8@unimente.edu', '$2b$10$r0TbQCPjE4uuRU8VNflSzOeWgDAf7m2CPjthY39OSTCGHADHj./4m', 3, NULL, 0, '2026-03-15 08:54:34');
INSERT INTO `Usuario` (`id_usuario`, `nombre`, `correo`, `password_hash`, `id_rol`, `mfa_secret`, `mfa_enabled`, `created_at`) VALUES (25, 'Ricardo Morales Cruz', 'estudiante9@unimente.edu', '$2b$10$r0TbQCPjE4uuRU8VNflSzOeWgDAf7m2CPjthY39OSTCGHADHj./4m', 3, NULL, 0, '2026-03-15 08:54:34');
INSERT INTO `Usuario` (`id_usuario`, `nombre`, `correo`, `password_hash`, `id_rol`, `mfa_secret`, `mfa_enabled`, `created_at`) VALUES (26, 'Valentina Aguilar Pérez', 'estudiante10@unimente.edu', '$2b$10$r0TbQCPjE4uuRU8VNflSzOeWgDAf7m2CPjthY39OSTCGHADHj./4m', 3, NULL, 0, '2026-03-15 08:54:34');
INSERT INTO `Usuario` (`id_usuario`, `nombre`, `correo`, `password_hash`, `id_rol`, `mfa_secret`, `mfa_enabled`, `created_at`) VALUES (27, 'Sandra Ramírez Moreno', 'estudiante11@unimente.edu', '$2b$10$r0TbQCPjE4uuRU8VNflSzOeWgDAf7m2CPjthY39OSTCGHADHj./4m', 3, NULL, 0, '2026-03-15 08:54:34');
INSERT INTO `Usuario` (`id_usuario`, `nombre`, `correo`, `password_hash`, `id_rol`, `mfa_secret`, `mfa_enabled`, `created_at`) VALUES (28, 'Ricardo Jiménez Martínez', 'estudiante12@unimente.edu', '$2b$10$r0TbQCPjE4uuRU8VNflSzOeWgDAf7m2CPjthY39OSTCGHADHj./4m', 3, NULL, 0, '2026-03-15 08:54:34');
INSERT INTO `Usuario` (`id_usuario`, `nombre`, `correo`, `password_hash`, `id_rol`, `mfa_secret`, `mfa_enabled`, `created_at`) VALUES (29, 'Claudia Sánchez García', 'estudiante13@unimente.edu', '$2b$10$r0TbQCPjE4uuRU8VNflSzOeWgDAf7m2CPjthY39OSTCGHADHj./4m', 3, NULL, 0, '2026-03-15 08:54:34');
INSERT INTO `Usuario` (`id_usuario`, `nombre`, `correo`, `password_hash`, `id_rol`, `mfa_secret`, `mfa_enabled`, `created_at`) VALUES (30, 'Sofía Reyes Cruz', 'estudiante14@unimente.edu', '$2b$10$r0TbQCPjE4uuRU8VNflSzOeWgDAf7m2CPjthY39OSTCGHADHj./4m', 3, NULL, 0, '2026-03-15 08:54:34');
INSERT INTO `Usuario` (`id_usuario`, `nombre`, `correo`, `password_hash`, `id_rol`, `mfa_secret`, `mfa_enabled`, `created_at`) VALUES (31, 'Jorge García Aguilar', 'estudiante15@unimente.edu', '$2b$10$r0TbQCPjE4uuRU8VNflSzOeWgDAf7m2CPjthY39OSTCGHADHj./4m', 3, NULL, 0, '2026-03-15 08:54:34');
INSERT INTO `Usuario` (`id_usuario`, `nombre`, `correo`, `password_hash`, `id_rol`, `mfa_secret`, `mfa_enabled`, `created_at`) VALUES (32, 'Patricia Medina Reyes', 'estudiante16@unimente.edu', '$2b$10$r0TbQCPjE4uuRU8VNflSzOeWgDAf7m2CPjthY39OSTCGHADHj./4m', 3, NULL, 0, '2026-03-15 08:54:34');
INSERT INTO `Usuario` (`id_usuario`, `nombre`, `correo`, `password_hash`, `id_rol`, `mfa_secret`, `mfa_enabled`, `created_at`) VALUES (33, 'Lucía Hernández Flores', 'estudiante17@unimente.edu', '$2b$10$r0TbQCPjE4uuRU8VNflSzOeWgDAf7m2CPjthY39OSTCGHADHj./4m', 3, NULL, 0, '2026-03-15 08:54:34');
INSERT INTO `Usuario` (`id_usuario`, `nombre`, `correo`, `password_hash`, `id_rol`, `mfa_secret`, `mfa_enabled`, `created_at`) VALUES (34, 'Luis Gómez Rivera', 'estudiante18@unimente.edu', '$2b$10$r0TbQCPjE4uuRU8VNflSzOeWgDAf7m2CPjthY39OSTCGHADHj./4m', 3, NULL, 0, '2026-03-15 08:54:34');
INSERT INTO `Usuario` (`id_usuario`, `nombre`, `correo`, `password_hash`, `id_rol`, `mfa_secret`, `mfa_enabled`, `created_at`) VALUES (35, 'Fernanda Gutiérrez Torres', 'estudiante19@unimente.edu', '$2b$10$r0TbQCPjE4uuRU8VNflSzOeWgDAf7m2CPjthY39OSTCGHADHj./4m', 3, NULL, 0, '2026-03-15 08:54:34');
INSERT INTO `Usuario` (`id_usuario`, `nombre`, `correo`, `password_hash`, `id_rol`, `mfa_secret`, `mfa_enabled`, `created_at`) VALUES (36, 'Mónica Mendoza Martínez', 'estudiante20@unimente.edu', '$2b$10$r0TbQCPjE4uuRU8VNflSzOeWgDAf7m2CPjthY39OSTCGHADHj./4m', 3, NULL, 0, '2026-03-15 08:54:34');
INSERT INTO `Usuario` (`id_usuario`, `nombre`, `correo`, `password_hash`, `id_rol`, `mfa_secret`, `mfa_enabled`, `created_at`) VALUES (37, 'José Vargas Ramírez', 'estudiante21@unimente.edu', '$2b$10$r0TbQCPjE4uuRU8VNflSzOeWgDAf7m2CPjthY39OSTCGHADHj./4m', 3, NULL, 0, '2026-03-15 08:54:34');
INSERT INTO `Usuario` (`id_usuario`, `nombre`, `correo`, `password_hash`, `id_rol`, `mfa_secret`, `mfa_enabled`, `created_at`) VALUES (38, 'Claudia Sánchez Moreno', 'estudiante22@unimente.edu', '$2b$10$r0TbQCPjE4uuRU8VNflSzOeWgDAf7m2CPjthY39OSTCGHADHj./4m', 3, NULL, 0, '2026-03-15 08:54:34');
INSERT INTO `Usuario` (`id_usuario`, `nombre`, `correo`, `password_hash`, `id_rol`, `mfa_secret`, `mfa_enabled`, `created_at`) VALUES (39, 'Sofía Rodríguez Flores', 'estudiante23@unimente.edu', '$2b$10$r0TbQCPjE4uuRU8VNflSzOeWgDAf7m2CPjthY39OSTCGHADHj./4m', 3, NULL, 0, '2026-03-15 08:54:34');
INSERT INTO `Usuario` (`id_usuario`, `nombre`, `correo`, `password_hash`, `id_rol`, `mfa_secret`, `mfa_enabled`, `created_at`) VALUES (40, 'Luis Morales Pérez', 'estudiante24@unimente.edu', '$2b$10$r0TbQCPjE4uuRU8VNflSzOeWgDAf7m2CPjthY39OSTCGHADHj./4m', 3, NULL, 0, '2026-03-15 08:54:34');
INSERT INTO `Usuario` (`id_usuario`, `nombre`, `correo`, `password_hash`, `id_rol`, `mfa_secret`, `mfa_enabled`, `created_at`) VALUES (41, 'Verónica Hernández Herrera', 'estudiante25@unimente.edu', '$2b$10$r0TbQCPjE4uuRU8VNflSzOeWgDAf7m2CPjthY39OSTCGHADHj./4m', 3, NULL, 0, '2026-03-15 08:54:34');
INSERT INTO `Usuario` (`id_usuario`, `nombre`, `correo`, `password_hash`, `id_rol`, `mfa_secret`, `mfa_enabled`, `created_at`) VALUES (42, 'Camila López Ramos', 'estudiante26@unimente.edu', '$2b$10$r0TbQCPjE4uuRU8VNflSzOeWgDAf7m2CPjthY39OSTCGHADHj./4m', 3, NULL, 0, '2026-03-15 08:54:34');
INSERT INTO `Usuario` (`id_usuario`, `nombre`, `correo`, `password_hash`, `id_rol`, `mfa_secret`, `mfa_enabled`, `created_at`) VALUES (43, 'Alejandro Torres Herrera', 'estudiante27@unimente.edu', '$2b$10$r0TbQCPjE4uuRU8VNflSzOeWgDAf7m2CPjthY39OSTCGHADHj./4m', 3, NULL, 0, '2026-03-15 08:54:34');
INSERT INTO `Usuario` (`id_usuario`, `nombre`, `correo`, `password_hash`, `id_rol`, `mfa_secret`, `mfa_enabled`, `created_at`) VALUES (44, 'Gabriela Jiménez Jiménez', 'estudiante28@unimente.edu', '$2b$10$r0TbQCPjE4uuRU8VNflSzOeWgDAf7m2CPjthY39OSTCGHADHj./4m', 3, NULL, 0, '2026-03-15 08:54:34');
INSERT INTO `Usuario` (`id_usuario`, `nombre`, `correo`, `password_hash`, `id_rol`, `mfa_secret`, `mfa_enabled`, `created_at`) VALUES (45, 'Claudia Mendoza Flores', 'estudiante29@unimente.edu', '$2b$10$r0TbQCPjE4uuRU8VNflSzOeWgDAf7m2CPjthY39OSTCGHADHj./4m', 3, NULL, 0, '2026-03-15 08:54:34');
INSERT INTO `Usuario` (`id_usuario`, `nombre`, `correo`, `password_hash`, `id_rol`, `mfa_secret`, `mfa_enabled`, `created_at`) VALUES (46, 'Diego López González', 'estudiante30@unimente.edu', '$2b$10$r0TbQCPjE4uuRU8VNflSzOeWgDAf7m2CPjthY39OSTCGHADHj./4m', 3, NULL, 0, '2026-03-15 08:54:34');
INSERT INTO `Usuario` (`id_usuario`, `nombre`, `correo`, `password_hash`, `id_rol`, `mfa_secret`, `mfa_enabled`, `created_at`) VALUES (47, 'Sandra Castillo Flores', 'estudiante31@unimente.edu', '$2b$10$r0TbQCPjE4uuRU8VNflSzOeWgDAf7m2CPjthY39OSTCGHADHj./4m', 3, NULL, 0, '2026-03-15 08:54:34');
INSERT INTO `Usuario` (`id_usuario`, `nombre`, `correo`, `password_hash`, `id_rol`, `mfa_secret`, `mfa_enabled`, `created_at`) VALUES (48, 'Andrea Pérez Díaz', 'estudiante32@unimente.edu', '$2b$10$r0TbQCPjE4uuRU8VNflSzOeWgDAf7m2CPjthY39OSTCGHADHj./4m', 3, NULL, 0, '2026-03-15 08:54:34');
INSERT INTO `Usuario` (`id_usuario`, `nombre`, `correo`, `password_hash`, `id_rol`, `mfa_secret`, `mfa_enabled`, `created_at`) VALUES (49, 'Alejandro García Flores', 'estudiante33@unimente.edu', '$2b$10$r0TbQCPjE4uuRU8VNflSzOeWgDAf7m2CPjthY39OSTCGHADHj./4m', 3, NULL, 0, '2026-03-15 08:54:34');
INSERT INTO `Usuario` (`id_usuario`, `nombre`, `correo`, `password_hash`, `id_rol`, `mfa_secret`, `mfa_enabled`, `created_at`) VALUES (50, 'Gabriela Rodríguez Rodríguez', 'estudiante34@unimente.edu', '$2b$10$r0TbQCPjE4uuRU8VNflSzOeWgDAf7m2CPjthY39OSTCGHADHj./4m', 3, NULL, 0, '2026-03-15 08:54:34');
INSERT INTO `Usuario` (`id_usuario`, `nombre`, `correo`, `password_hash`, `id_rol`, `mfa_secret`, `mfa_enabled`, `created_at`) VALUES (51, 'Mónica Aguilar Flores', 'estudiante35@unimente.edu', '$2b$10$r0TbQCPjE4uuRU8VNflSzOeWgDAf7m2CPjthY39OSTCGHADHj./4m', 3, NULL, 0, '2026-03-15 08:54:34');
INSERT INTO `Usuario` (`id_usuario`, `nombre`, `correo`, `password_hash`, `id_rol`, `mfa_secret`, `mfa_enabled`, `created_at`) VALUES (52, 'Pablo Pérez Rojas', 'estudiante36@unimente.edu', '$2b$10$r0TbQCPjE4uuRU8VNflSzOeWgDAf7m2CPjthY39OSTCGHADHj./4m', 3, NULL, 0, '2026-03-15 08:54:34');
INSERT INTO `Usuario` (`id_usuario`, `nombre`, `correo`, `password_hash`, `id_rol`, `mfa_secret`, `mfa_enabled`, `created_at`) VALUES (53, 'Sofía Gómez Hernández', 'estudiante37@unimente.edu', '$2b$10$r0TbQCPjE4uuRU8VNflSzOeWgDAf7m2CPjthY39OSTCGHADHj./4m', 3, NULL, 0, '2026-03-15 08:54:34');
INSERT INTO `Usuario` (`id_usuario`, `nombre`, `correo`, `password_hash`, `id_rol`, `mfa_secret`, `mfa_enabled`, `created_at`) VALUES (54, 'Gabriela Moreno Mendoza', 'estudiante38@unimente.edu', '$2b$10$r0TbQCPjE4uuRU8VNflSzOeWgDAf7m2CPjthY39OSTCGHADHj./4m', 3, NULL, 0, '2026-03-15 08:54:34');
INSERT INTO `Usuario` (`id_usuario`, `nombre`, `correo`, `password_hash`, `id_rol`, `mfa_secret`, `mfa_enabled`, `created_at`) VALUES (55, 'Luis Pérez Gómez', 'estudiante39@unimente.edu', '$2b$10$r0TbQCPjE4uuRU8VNflSzOeWgDAf7m2CPjthY39OSTCGHADHj./4m', 3, NULL, 0, '2026-03-15 08:54:34');
INSERT INTO `Usuario` (`id_usuario`, `nombre`, `correo`, `password_hash`, `id_rol`, `mfa_secret`, `mfa_enabled`, `created_at`) VALUES (56, 'Ana Ramos Hernández', 'estudiante40@unimente.edu', '$2b$10$r0TbQCPjE4uuRU8VNflSzOeWgDAf7m2CPjthY39OSTCGHADHj./4m', 3, NULL, 0, '2026-03-15 08:54:34');
INSERT INTO `Usuario` (`id_usuario`, `nombre`, `correo`, `password_hash`, `id_rol`, `mfa_secret`, `mfa_enabled`, `created_at`) VALUES (57, 'Mariana Gómez Medina', 'estudiante41@unimente.edu', '$2b$10$r0TbQCPjE4uuRU8VNflSzOeWgDAf7m2CPjthY39OSTCGHADHj./4m', 3, NULL, 0, '2026-03-15 08:54:34');
INSERT INTO `Usuario` (`id_usuario`, `nombre`, `correo`, `password_hash`, `id_rol`, `mfa_secret`, `mfa_enabled`, `created_at`) VALUES (58, 'Daniel Díaz Reyes', 'estudiante42@unimente.edu', '$2b$10$r0TbQCPjE4uuRU8VNflSzOeWgDAf7m2CPjthY39OSTCGHADHj./4m', 3, NULL, 0, '2026-03-15 08:54:34');
INSERT INTO `Usuario` (`id_usuario`, `nombre`, `correo`, `password_hash`, `id_rol`, `mfa_secret`, `mfa_enabled`, `created_at`) VALUES (59, 'Mariana Jiménez Mendoza', 'estudiante43@unimente.edu', '$2b$10$r0TbQCPjE4uuRU8VNflSzOeWgDAf7m2CPjthY39OSTCGHADHj./4m', 3, NULL, 0, '2026-03-15 08:54:34');
INSERT INTO `Usuario` (`id_usuario`, `nombre`, `correo`, `password_hash`, `id_rol`, `mfa_secret`, `mfa_enabled`, `created_at`) VALUES (60, 'Mónica Jiménez Medina', 'estudiante44@unimente.edu', '$2b$10$r0TbQCPjE4uuRU8VNflSzOeWgDAf7m2CPjthY39OSTCGHADHj./4m', 3, NULL, 0, '2026-03-15 08:54:34');
INSERT INTO `Usuario` (`id_usuario`, `nombre`, `correo`, `password_hash`, `id_rol`, `mfa_secret`, `mfa_enabled`, `created_at`) VALUES (61, 'Pedro Rodríguez Gutiérrez', 'estudiante45@unimente.edu', '$2b$10$r0TbQCPjE4uuRU8VNflSzOeWgDAf7m2CPjthY39OSTCGHADHj./4m', 3, NULL, 0, '2026-03-15 08:54:34');
INSERT INTO `Usuario` (`id_usuario`, `nombre`, `correo`, `password_hash`, `id_rol`, `mfa_secret`, `mfa_enabled`, `created_at`) VALUES (62, 'Laura Chávez González', 'estudiante46@unimente.edu', '$2b$10$r0TbQCPjE4uuRU8VNflSzOeWgDAf7m2CPjthY39OSTCGHADHj./4m', 3, NULL, 0, '2026-03-15 08:54:34');
INSERT INTO `Usuario` (`id_usuario`, `nombre`, `correo`, `password_hash`, `id_rol`, `mfa_secret`, `mfa_enabled`, `created_at`) VALUES (63, 'Ana Torres Vargas', 'estudiante47@unimente.edu', '$2b$10$r0TbQCPjE4uuRU8VNflSzOeWgDAf7m2CPjthY39OSTCGHADHj./4m', 3, NULL, 0, '2026-03-15 08:54:34');
INSERT INTO `Usuario` (`id_usuario`, `nombre`, `correo`, `password_hash`, `id_rol`, `mfa_secret`, `mfa_enabled`, `created_at`) VALUES (64, 'Daniel Rodríguez Díaz', 'estudiante48@unimente.edu', '$2b$10$r0TbQCPjE4uuRU8VNflSzOeWgDAf7m2CPjthY39OSTCGHADHj./4m', 3, NULL, 0, '2026-03-15 08:54:34');
INSERT INTO `Usuario` (`id_usuario`, `nombre`, `correo`, `password_hash`, `id_rol`, `mfa_secret`, `mfa_enabled`, `created_at`) VALUES (65, 'Fernanda Jiménez Mendoza', 'estudiante49@unimente.edu', '$2b$10$r0TbQCPjE4uuRU8VNflSzOeWgDAf7m2CPjthY39OSTCGHADHj./4m', 3, NULL, 0, '2026-03-15 08:54:34');
INSERT INTO `Usuario` (`id_usuario`, `nombre`, `correo`, `password_hash`, `id_rol`, `mfa_secret`, `mfa_enabled`, `created_at`) VALUES (66, 'Sofía Ramos Pérez', 'estudiante50@unimente.edu', '$2b$10$r0TbQCPjE4uuRU8VNflSzOeWgDAf7m2CPjthY39OSTCGHADHj./4m', 3, NULL, 0, '2026-03-15 08:54:34');
INSERT INTO `Usuario` (`id_usuario`, `nombre`, `correo`, `password_hash`, `id_rol`, `mfa_secret`, `mfa_enabled`, `created_at`) VALUES (67, 'Jorge Rivera Reyes', 'estudiante51@unimente.edu', '$2b$10$r0TbQCPjE4uuRU8VNflSzOeWgDAf7m2CPjthY39OSTCGHADHj./4m', 3, NULL, 0, '2026-03-15 08:54:34');
INSERT INTO `Usuario` (`id_usuario`, `nombre`, `correo`, `password_hash`, `id_rol`, `mfa_secret`, `mfa_enabled`, `created_at`) VALUES (68, 'Claudia García Flores', 'estudiante52@unimente.edu', '$2b$10$r0TbQCPjE4uuRU8VNflSzOeWgDAf7m2CPjthY39OSTCGHADHj./4m', 3, NULL, 0, '2026-03-15 08:54:34');
INSERT INTO `Usuario` (`id_usuario`, `nombre`, `correo`, `password_hash`, `id_rol`, `mfa_secret`, `mfa_enabled`, `created_at`) VALUES (69, 'María Rodríguez Ramos', 'estudiante53@unimente.edu', '$2b$10$r0TbQCPjE4uuRU8VNflSzOeWgDAf7m2CPjthY39OSTCGHADHj./4m', 3, NULL, 0, '2026-03-15 08:54:34');
INSERT INTO `Usuario` (`id_usuario`, `nombre`, `correo`, `password_hash`, `id_rol`, `mfa_secret`, `mfa_enabled`, `created_at`) VALUES (70, 'Pablo Cruz Jiménez', 'estudiante54@unimente.edu', '$2b$10$r0TbQCPjE4uuRU8VNflSzOeWgDAf7m2CPjthY39OSTCGHADHj./4m', 3, NULL, 0, '2026-03-15 08:54:34');
INSERT INTO `Usuario` (`id_usuario`, `nombre`, `correo`, `password_hash`, `id_rol`, `mfa_secret`, `mfa_enabled`, `created_at`) VALUES (71, 'Sandra Moreno Díaz', 'estudiante55@unimente.edu', '$2b$10$r0TbQCPjE4uuRU8VNflSzOeWgDAf7m2CPjthY39OSTCGHADHj./4m', 3, NULL, 0, '2026-03-15 08:54:34');
INSERT INTO `Usuario` (`id_usuario`, `nombre`, `correo`, `password_hash`, `id_rol`, `mfa_secret`, `mfa_enabled`, `created_at`) VALUES (72, 'Verónica Morales Cruz', 'estudiante56@unimente.edu', '$2b$10$r0TbQCPjE4uuRU8VNflSzOeWgDAf7m2CPjthY39OSTCGHADHj./4m', 3, NULL, 0, '2026-03-15 08:54:34');
INSERT INTO `Usuario` (`id_usuario`, `nombre`, `correo`, `password_hash`, `id_rol`, `mfa_secret`, `mfa_enabled`, `created_at`) VALUES (73, 'Mario Moreno Rivera', 'estudiante57@unimente.edu', '$2b$10$r0TbQCPjE4uuRU8VNflSzOeWgDAf7m2CPjthY39OSTCGHADHj./4m', 3, NULL, 0, '2026-03-15 08:54:34');
INSERT INTO `Usuario` (`id_usuario`, `nombre`, `correo`, `password_hash`, `id_rol`, `mfa_secret`, `mfa_enabled`, `created_at`) VALUES (74, 'Lucía Díaz Jiménez', 'estudiante58@unimente.edu', '$2b$10$r0TbQCPjE4uuRU8VNflSzOeWgDAf7m2CPjthY39OSTCGHADHj./4m', 3, NULL, 0, '2026-03-15 08:54:34');
INSERT INTO `Usuario` (`id_usuario`, `nombre`, `correo`, `password_hash`, `id_rol`, `mfa_secret`, `mfa_enabled`, `created_at`) VALUES (75, 'Elena Cruz Martínez', 'estudiante59@unimente.edu', '$2b$10$r0TbQCPjE4uuRU8VNflSzOeWgDAf7m2CPjthY39OSTCGHADHj./4m', 3, NULL, 0, '2026-03-15 08:54:34');
INSERT INTO `Usuario` (`id_usuario`, `nombre`, `correo`, `password_hash`, `id_rol`, `mfa_secret`, `mfa_enabled`, `created_at`) VALUES (76, 'Diego Sánchez Aguilar', 'estudiante60@unimente.edu', '$2b$10$r0TbQCPjE4uuRU8VNflSzOeWgDAf7m2CPjthY39OSTCGHADHj./4m', 3, NULL, 0, '2026-03-15 08:54:34');
INSERT INTO `Usuario` (`id_usuario`, `nombre`, `correo`, `password_hash`, `id_rol`, `mfa_secret`, `mfa_enabled`, `created_at`) VALUES (77, 'Gabriela Ramos González', 'estudiante61@unimente.edu', '$2b$10$r0TbQCPjE4uuRU8VNflSzOeWgDAf7m2CPjthY39OSTCGHADHj./4m', 3, NULL, 0, '2026-03-15 08:54:34');
INSERT INTO `Usuario` (`id_usuario`, `nombre`, `correo`, `password_hash`, `id_rol`, `mfa_secret`, `mfa_enabled`, `created_at`) VALUES (78, 'Laura Herrera Morales', 'estudiante62@unimente.edu', '$2b$10$r0TbQCPjE4uuRU8VNflSzOeWgDAf7m2CPjthY39OSTCGHADHj./4m', 3, NULL, 0, '2026-03-15 08:54:34');
INSERT INTO `Usuario` (`id_usuario`, `nombre`, `correo`, `password_hash`, `id_rol`, `mfa_secret`, `mfa_enabled`, `created_at`) VALUES (79, 'Ricardo Moreno Pérez', 'estudiante63@unimente.edu', '$2b$10$r0TbQCPjE4uuRU8VNflSzOeWgDAf7m2CPjthY39OSTCGHADHj./4m', 3, NULL, 0, '2026-03-15 08:54:34');
INSERT INTO `Usuario` (`id_usuario`, `nombre`, `correo`, `password_hash`, `id_rol`, `mfa_secret`, `mfa_enabled`, `created_at`) VALUES (80, 'María Herrera Chávez', 'estudiante64@unimente.edu', '$2b$10$r0TbQCPjE4uuRU8VNflSzOeWgDAf7m2CPjthY39OSTCGHADHj./4m', 3, NULL, 0, '2026-03-15 08:54:34');
INSERT INTO `Usuario` (`id_usuario`, `nombre`, `correo`, `password_hash`, `id_rol`, `mfa_secret`, `mfa_enabled`, `created_at`) VALUES (81, 'Patricia Castillo Moreno', 'estudiante65@unimente.edu', '$2b$10$r0TbQCPjE4uuRU8VNflSzOeWgDAf7m2CPjthY39OSTCGHADHj./4m', 3, NULL, 0, '2026-03-15 08:54:34');
INSERT INTO `Usuario` (`id_usuario`, `nombre`, `correo`, `password_hash`, `id_rol`, `mfa_secret`, `mfa_enabled`, `created_at`) VALUES (82, 'Andrés Gutiérrez Ortiz', 'estudiante66@unimente.edu', '$2b$10$r0TbQCPjE4uuRU8VNflSzOeWgDAf7m2CPjthY39OSTCGHADHj./4m', 3, NULL, 0, '2026-03-15 08:54:34');
INSERT INTO `Usuario` (`id_usuario`, `nombre`, `correo`, `password_hash`, `id_rol`, `mfa_secret`, `mfa_enabled`, `created_at`) VALUES (83, 'Patricia Cruz Morales', 'estudiante67@unimente.edu', '$2b$10$r0TbQCPjE4uuRU8VNflSzOeWgDAf7m2CPjthY39OSTCGHADHj./4m', 3, NULL, 0, '2026-03-15 08:54:34');
INSERT INTO `Usuario` (`id_usuario`, `nombre`, `correo`, `password_hash`, `id_rol`, `mfa_secret`, `mfa_enabled`, `created_at`) VALUES (84, 'Camila Chávez Medina', 'estudiante68@unimente.edu', '$2b$10$r0TbQCPjE4uuRU8VNflSzOeWgDAf7m2CPjthY39OSTCGHADHj./4m', 3, NULL, 0, '2026-03-15 08:54:34');
INSERT INTO `Usuario` (`id_usuario`, `nombre`, `correo`, `password_hash`, `id_rol`, `mfa_secret`, `mfa_enabled`, `created_at`) VALUES (85, 'Miguel Gutiérrez Hernández', 'estudiante69@unimente.edu', '$2b$10$r0TbQCPjE4uuRU8VNflSzOeWgDAf7m2CPjthY39OSTCGHADHj./4m', 3, NULL, 0, '2026-03-15 08:54:34');
INSERT INTO `Usuario` (`id_usuario`, `nombre`, `correo`, `password_hash`, `id_rol`, `mfa_secret`, `mfa_enabled`, `created_at`) VALUES (86, 'María Gómez Vargas', 'estudiante70@unimente.edu', '$2b$10$r0TbQCPjE4uuRU8VNflSzOeWgDAf7m2CPjthY39OSTCGHADHj./4m', 3, NULL, 0, '2026-03-15 08:54:34');
INSERT INTO `Usuario` (`id_usuario`, `nombre`, `correo`, `password_hash`, `id_rol`, `mfa_secret`, `mfa_enabled`, `created_at`) VALUES (87, 'Isabella Martínez Gutiérrez', 'estudiante71@unimente.edu', '$2b$10$r0TbQCPjE4uuRU8VNflSzOeWgDAf7m2CPjthY39OSTCGHADHj./4m', 3, NULL, 0, '2026-03-15 08:54:34');
INSERT INTO `Usuario` (`id_usuario`, `nombre`, `correo`, `password_hash`, `id_rol`, `mfa_secret`, `mfa_enabled`, `created_at`) VALUES (88, 'José Díaz Martínez', 'estudiante72@unimente.edu', '$2b$10$r0TbQCPjE4uuRU8VNflSzOeWgDAf7m2CPjthY39OSTCGHADHj./4m', 3, NULL, 0, '2026-03-15 08:54:34');
INSERT INTO `Usuario` (`id_usuario`, `nombre`, `correo`, `password_hash`, `id_rol`, `mfa_secret`, `mfa_enabled`, `created_at`) VALUES (89, 'Ana Sánchez Chávez', 'estudiante73@unimente.edu', '$2b$10$r0TbQCPjE4uuRU8VNflSzOeWgDAf7m2CPjthY39OSTCGHADHj./4m', 3, NULL, 0, '2026-03-15 08:54:34');
INSERT INTO `Usuario` (`id_usuario`, `nombre`, `correo`, `password_hash`, `id_rol`, `mfa_secret`, `mfa_enabled`, `created_at`) VALUES (90, 'Mariana Castillo Gutiérrez', 'estudiante74@unimente.edu', '$2b$10$r0TbQCPjE4uuRU8VNflSzOeWgDAf7m2CPjthY39OSTCGHADHj./4m', 3, NULL, 0, '2026-03-15 08:54:34');
INSERT INTO `Usuario` (`id_usuario`, `nombre`, `correo`, `password_hash`, `id_rol`, `mfa_secret`, `mfa_enabled`, `created_at`) VALUES (91, 'Miguel Rodríguez Castillo', 'estudiante75@unimente.edu', '$2b$10$r0TbQCPjE4uuRU8VNflSzOeWgDAf7m2CPjthY39OSTCGHADHj./4m', 3, NULL, 0, '2026-03-15 08:54:34');
INSERT INTO `Usuario` (`id_usuario`, `nombre`, `correo`, `password_hash`, `id_rol`, `mfa_secret`, `mfa_enabled`, `created_at`) VALUES (92, 'Valentina Medina Ramos', 'estudiante76@unimente.edu', '$2b$10$r0TbQCPjE4uuRU8VNflSzOeWgDAf7m2CPjthY39OSTCGHADHj./4m', 3, NULL, 0, '2026-03-15 08:54:34');
INSERT INTO `Usuario` (`id_usuario`, `nombre`, `correo`, `password_hash`, `id_rol`, `mfa_secret`, `mfa_enabled`, `created_at`) VALUES (93, 'Isabella Flores Díaz', 'estudiante77@unimente.edu', '$2b$10$r0TbQCPjE4uuRU8VNflSzOeWgDAf7m2CPjthY39OSTCGHADHj./4m', 3, NULL, 0, '2026-03-15 08:54:34');
INSERT INTO `Usuario` (`id_usuario`, `nombre`, `correo`, `password_hash`, `id_rol`, `mfa_secret`, `mfa_enabled`, `created_at`) VALUES (94, 'Eduardo Ramírez Rojas', 'estudiante78@unimente.edu', '$2b$10$r0TbQCPjE4uuRU8VNflSzOeWgDAf7m2CPjthY39OSTCGHADHj./4m', 3, NULL, 0, '2026-03-15 08:54:34');
INSERT INTO `Usuario` (`id_usuario`, `nombre`, `correo`, `password_hash`, `id_rol`, `mfa_secret`, `mfa_enabled`, `created_at`) VALUES (95, 'Lucía Jiménez Jiménez', 'estudiante79@unimente.edu', '$2b$10$r0TbQCPjE4uuRU8VNflSzOeWgDAf7m2CPjthY39OSTCGHADHj./4m', 3, NULL, 0, '2026-03-15 08:54:34');
INSERT INTO `Usuario` (`id_usuario`, `nombre`, `correo`, `password_hash`, `id_rol`, `mfa_secret`, `mfa_enabled`, `created_at`) VALUES (96, 'Mariana Rojas López', 'estudiante80@unimente.edu', '$2b$10$r0TbQCPjE4uuRU8VNflSzOeWgDAf7m2CPjthY39OSTCGHADHj./4m', 3, NULL, 0, '2026-03-15 08:54:35');

-- ── Estudiante (80 filas) ──
TRUNCATE TABLE `Estudiante`;
INSERT INTO `Estudiante` (`id_estudiante`, `id_usuario`, `matricula`, `carrera`, `telefono`) VALUES (1, 17, '2223060', 'Administración de Empresas', '5522989607');
INSERT INTO `Estudiante` (`id_estudiante`, `id_usuario`, `matricula`, `carrera`, `telefono`) VALUES (2, 18, '2202892', 'Ingeniería Industrial', '5556486755');
INSERT INTO `Estudiante` (`id_estudiante`, `id_usuario`, `matricula`, `carrera`, `telefono`) VALUES (3, 19, '2226198', 'Ingeniería Industrial', '5552331403');
INSERT INTO `Estudiante` (`id_estudiante`, `id_usuario`, `matricula`, `carrera`, `telefono`) VALUES (4, 20, '2205970', 'Nutrición', '5583689278');
INSERT INTO `Estudiante` (`id_estudiante`, `id_usuario`, `matricula`, `carrera`, `telefono`) VALUES (5, 21, '2208701', 'Diseño Gráfico', '5555861941');
INSERT INTO `Estudiante` (`id_estudiante`, `id_usuario`, `matricula`, `carrera`, `telefono`) VALUES (6, 22, '2244094', 'Psicología', '5531269623');
INSERT INTO `Estudiante` (`id_estudiante`, `id_usuario`, `matricula`, `carrera`, `telefono`) VALUES (7, 23, '2203222', 'Ingeniería Industrial', '5572189135');
INSERT INTO `Estudiante` (`id_estudiante`, `id_usuario`, `matricula`, `carrera`, `telefono`) VALUES (8, 24, '2223057', 'Psicología', '5564092038');
INSERT INTO `Estudiante` (`id_estudiante`, `id_usuario`, `matricula`, `carrera`, `telefono`) VALUES (9, 25, '2218979', 'Medicina', '5567539328');
INSERT INTO `Estudiante` (`id_estudiante`, `id_usuario`, `matricula`, `carrera`, `telefono`) VALUES (10, 26, '2229373', 'Diseño Gráfico', '5587639293');
INSERT INTO `Estudiante` (`id_estudiante`, `id_usuario`, `matricula`, `carrera`, `telefono`) VALUES (11, 27, '2223045', 'Derecho', '5591964161');
INSERT INTO `Estudiante` (`id_estudiante`, `id_usuario`, `matricula`, `carrera`, `telefono`) VALUES (12, 28, '2216515', 'Diseño Gráfico', '5511213959');
INSERT INTO `Estudiante` (`id_estudiante`, `id_usuario`, `matricula`, `carrera`, `telefono`) VALUES (13, 29, '2232255', 'Derecho', '5582613791');
INSERT INTO `Estudiante` (`id_estudiante`, `id_usuario`, `matricula`, `carrera`, `telefono`) VALUES (14, 30, '2211177', 'Derecho', '5564158370');
INSERT INTO `Estudiante` (`id_estudiante`, `id_usuario`, `matricula`, `carrera`, `telefono`) VALUES (15, 31, '2229077', 'Administración de Empresas', '5565326979');
INSERT INTO `Estudiante` (`id_estudiante`, `id_usuario`, `matricula`, `carrera`, `telefono`) VALUES (16, 32, '2225128', 'Arquitectura', '5583324311');
INSERT INTO `Estudiante` (`id_estudiante`, `id_usuario`, `matricula`, `carrera`, `telefono`) VALUES (17, 33, '2207287', 'Comunicación', '5522613530');
INSERT INTO `Estudiante` (`id_estudiante`, `id_usuario`, `matricula`, `carrera`, `telefono`) VALUES (18, 34, '2247944', 'Nutrición', '5545699196');
INSERT INTO `Estudiante` (`id_estudiante`, `id_usuario`, `matricula`, `carrera`, `telefono`) VALUES (19, 35, '2215457', 'Ingeniería en Sistemas Computacionales', '5590510243');
INSERT INTO `Estudiante` (`id_estudiante`, `id_usuario`, `matricula`, `carrera`, `telefono`) VALUES (20, 36, '2205149', 'Enfermería', '5581914028');
INSERT INTO `Estudiante` (`id_estudiante`, `id_usuario`, `matricula`, `carrera`, `telefono`) VALUES (21, 37, '2226993', 'Nutrición', '5574910678');
INSERT INTO `Estudiante` (`id_estudiante`, `id_usuario`, `matricula`, `carrera`, `telefono`) VALUES (22, 38, '2223408', 'Ingeniería en Sistemas Computacionales', '5558841071');
INSERT INTO `Estudiante` (`id_estudiante`, `id_usuario`, `matricula`, `carrera`, `telefono`) VALUES (23, 39, '2241151', 'Psicología', '5515753261');
INSERT INTO `Estudiante` (`id_estudiante`, `id_usuario`, `matricula`, `carrera`, `telefono`) VALUES (24, 40, '2237277', 'Enfermería', '5533261007');
INSERT INTO `Estudiante` (`id_estudiante`, `id_usuario`, `matricula`, `carrera`, `telefono`) VALUES (25, 41, '2204777', 'Ingeniería en Sistemas Computacionales', '5574557067');
INSERT INTO `Estudiante` (`id_estudiante`, `id_usuario`, `matricula`, `carrera`, `telefono`) VALUES (26, 42, '2214205', 'Psicología', '5535485843');
INSERT INTO `Estudiante` (`id_estudiante`, `id_usuario`, `matricula`, `carrera`, `telefono`) VALUES (27, 43, '2223773', 'Contaduría Pública', '5568434687');
INSERT INTO `Estudiante` (`id_estudiante`, `id_usuario`, `matricula`, `carrera`, `telefono`) VALUES (28, 44, '2215584', 'Enfermería', '5571220281');
INSERT INTO `Estudiante` (`id_estudiante`, `id_usuario`, `matricula`, `carrera`, `telefono`) VALUES (29, 45, '2237104', 'Ingeniería Industrial', '5516596406');
INSERT INTO `Estudiante` (`id_estudiante`, `id_usuario`, `matricula`, `carrera`, `telefono`) VALUES (30, 46, '2224050', 'Ingeniería en Sistemas Computacionales', '5572553662');
INSERT INTO `Estudiante` (`id_estudiante`, `id_usuario`, `matricula`, `carrera`, `telefono`) VALUES (31, 47, '2239082', 'Contaduría Pública', '5564279071');
INSERT INTO `Estudiante` (`id_estudiante`, `id_usuario`, `matricula`, `carrera`, `telefono`) VALUES (32, 48, '2205550', 'Ingeniería Industrial', '5584171527');
INSERT INTO `Estudiante` (`id_estudiante`, `id_usuario`, `matricula`, `carrera`, `telefono`) VALUES (33, 49, '2207887', 'Arquitectura', '5560761908');
INSERT INTO `Estudiante` (`id_estudiante`, `id_usuario`, `matricula`, `carrera`, `telefono`) VALUES (34, 50, '2225570', 'Ingeniería Industrial', '5579497659');
INSERT INTO `Estudiante` (`id_estudiante`, `id_usuario`, `matricula`, `carrera`, `telefono`) VALUES (35, 51, '2228631', 'Nutrición', '5518879143');
INSERT INTO `Estudiante` (`id_estudiante`, `id_usuario`, `matricula`, `carrera`, `telefono`) VALUES (36, 52, '2243236', 'Ingeniería Industrial', '5559599629');
INSERT INTO `Estudiante` (`id_estudiante`, `id_usuario`, `matricula`, `carrera`, `telefono`) VALUES (37, 53, '2223467', 'Enfermería', '5543307188');
INSERT INTO `Estudiante` (`id_estudiante`, `id_usuario`, `matricula`, `carrera`, `telefono`) VALUES (38, 54, '2226623', 'Psicología', '5589906125');
INSERT INTO `Estudiante` (`id_estudiante`, `id_usuario`, `matricula`, `carrera`, `telefono`) VALUES (39, 55, '2243895', 'Psicología', '5595921855');
INSERT INTO `Estudiante` (`id_estudiante`, `id_usuario`, `matricula`, `carrera`, `telefono`) VALUES (40, 56, '2206228', 'Administración de Empresas', '5593219164');
INSERT INTO `Estudiante` (`id_estudiante`, `id_usuario`, `matricula`, `carrera`, `telefono`) VALUES (41, 57, '2244120', 'Diseño Gráfico', '5595843531');
INSERT INTO `Estudiante` (`id_estudiante`, `id_usuario`, `matricula`, `carrera`, `telefono`) VALUES (42, 58, '2224773', 'Comunicación', '5555987078');
INSERT INTO `Estudiante` (`id_estudiante`, `id_usuario`, `matricula`, `carrera`, `telefono`) VALUES (43, 59, '2214162', 'Comunicación', '5525458974');
INSERT INTO `Estudiante` (`id_estudiante`, `id_usuario`, `matricula`, `carrera`, `telefono`) VALUES (44, 60, '2203486', 'Derecho', '5564245753');
INSERT INTO `Estudiante` (`id_estudiante`, `id_usuario`, `matricula`, `carrera`, `telefono`) VALUES (45, 61, '2241520', 'Comunicación', '5571550453');
INSERT INTO `Estudiante` (`id_estudiante`, `id_usuario`, `matricula`, `carrera`, `telefono`) VALUES (46, 62, '2232676', 'Nutrición', '5559713931');
INSERT INTO `Estudiante` (`id_estudiante`, `id_usuario`, `matricula`, `carrera`, `telefono`) VALUES (47, 63, '2235531', 'Derecho', '5596599142');
INSERT INTO `Estudiante` (`id_estudiante`, `id_usuario`, `matricula`, `carrera`, `telefono`) VALUES (48, 64, '2214727', 'Ingeniería Industrial', '5528139363');
INSERT INTO `Estudiante` (`id_estudiante`, `id_usuario`, `matricula`, `carrera`, `telefono`) VALUES (49, 65, '2201510', 'Comunicación', '5586984360');
INSERT INTO `Estudiante` (`id_estudiante`, `id_usuario`, `matricula`, `carrera`, `telefono`) VALUES (50, 66, '2245880', 'Diseño Gráfico', '5515903402');
INSERT INTO `Estudiante` (`id_estudiante`, `id_usuario`, `matricula`, `carrera`, `telefono`) VALUES (51, 67, '2241773', 'Nutrición', '5599644695');
INSERT INTO `Estudiante` (`id_estudiante`, `id_usuario`, `matricula`, `carrera`, `telefono`) VALUES (52, 68, '2208113', 'Nutrición', '5560915040');
INSERT INTO `Estudiante` (`id_estudiante`, `id_usuario`, `matricula`, `carrera`, `telefono`) VALUES (53, 69, '2211561', 'Arquitectura', '5549231522');
INSERT INTO `Estudiante` (`id_estudiante`, `id_usuario`, `matricula`, `carrera`, `telefono`) VALUES (54, 70, '2201960', 'Derecho', '5584267155');
INSERT INTO `Estudiante` (`id_estudiante`, `id_usuario`, `matricula`, `carrera`, `telefono`) VALUES (55, 71, '2205257', 'Arquitectura', '5556937793');
INSERT INTO `Estudiante` (`id_estudiante`, `id_usuario`, `matricula`, `carrera`, `telefono`) VALUES (56, 72, '2224271', 'Arquitectura', '5558784353');
INSERT INTO `Estudiante` (`id_estudiante`, `id_usuario`, `matricula`, `carrera`, `telefono`) VALUES (57, 73, '2248718', 'Diseño Gráfico', '5532048426');
INSERT INTO `Estudiante` (`id_estudiante`, `id_usuario`, `matricula`, `carrera`, `telefono`) VALUES (58, 74, '2204610', 'Administración de Empresas', '5522767738');
INSERT INTO `Estudiante` (`id_estudiante`, `id_usuario`, `matricula`, `carrera`, `telefono`) VALUES (59, 75, '2231651', 'Ingeniería en Sistemas Computacionales', '5571155467');
INSERT INTO `Estudiante` (`id_estudiante`, `id_usuario`, `matricula`, `carrera`, `telefono`) VALUES (60, 76, '2216907', 'Diseño Gráfico', '5547836081');
INSERT INTO `Estudiante` (`id_estudiante`, `id_usuario`, `matricula`, `carrera`, `telefono`) VALUES (61, 77, '2216661', 'Psicología', '5554123926');
INSERT INTO `Estudiante` (`id_estudiante`, `id_usuario`, `matricula`, `carrera`, `telefono`) VALUES (62, 78, '2231589', 'Arquitectura', '5592205956');
INSERT INTO `Estudiante` (`id_estudiante`, `id_usuario`, `matricula`, `carrera`, `telefono`) VALUES (63, 79, '2206090', 'Enfermería', '5570721722');
INSERT INTO `Estudiante` (`id_estudiante`, `id_usuario`, `matricula`, `carrera`, `telefono`) VALUES (64, 80, '2217908', 'Contaduría Pública', '5558377921');
INSERT INTO `Estudiante` (`id_estudiante`, `id_usuario`, `matricula`, `carrera`, `telefono`) VALUES (65, 81, '2211240', 'Enfermería', '5563671886');
INSERT INTO `Estudiante` (`id_estudiante`, `id_usuario`, `matricula`, `carrera`, `telefono`) VALUES (66, 82, '2213392', 'Contaduría Pública', '5545466768');
INSERT INTO `Estudiante` (`id_estudiante`, `id_usuario`, `matricula`, `carrera`, `telefono`) VALUES (67, 83, '2249807', 'Ingeniería Industrial', '5510218898');
INSERT INTO `Estudiante` (`id_estudiante`, `id_usuario`, `matricula`, `carrera`, `telefono`) VALUES (68, 84, '2214330', 'Comunicación', '5542059294');
INSERT INTO `Estudiante` (`id_estudiante`, `id_usuario`, `matricula`, `carrera`, `telefono`) VALUES (69, 85, '2202957', 'Ingeniería Industrial', '5576332934');
INSERT INTO `Estudiante` (`id_estudiante`, `id_usuario`, `matricula`, `carrera`, `telefono`) VALUES (70, 86, '2233734', 'Ingeniería en Sistemas Computacionales', '5592549839');
INSERT INTO `Estudiante` (`id_estudiante`, `id_usuario`, `matricula`, `carrera`, `telefono`) VALUES (71, 87, '2209217', 'Derecho', '5592442311');
INSERT INTO `Estudiante` (`id_estudiante`, `id_usuario`, `matricula`, `carrera`, `telefono`) VALUES (72, 88, '2234712', 'Ingeniería Industrial', '5555524315');
INSERT INTO `Estudiante` (`id_estudiante`, `id_usuario`, `matricula`, `carrera`, `telefono`) VALUES (73, 89, '2221396', 'Nutrición', '5562174128');
INSERT INTO `Estudiante` (`id_estudiante`, `id_usuario`, `matricula`, `carrera`, `telefono`) VALUES (74, 90, '2241576', 'Enfermería', '5526790690');
INSERT INTO `Estudiante` (`id_estudiante`, `id_usuario`, `matricula`, `carrera`, `telefono`) VALUES (75, 91, '2212927', 'Medicina', '5530219172');
INSERT INTO `Estudiante` (`id_estudiante`, `id_usuario`, `matricula`, `carrera`, `telefono`) VALUES (76, 92, '2237676', 'Psicología', '5572927089');
INSERT INTO `Estudiante` (`id_estudiante`, `id_usuario`, `matricula`, `carrera`, `telefono`) VALUES (77, 93, '2247125', 'Psicología', '5587655286');
INSERT INTO `Estudiante` (`id_estudiante`, `id_usuario`, `matricula`, `carrera`, `telefono`) VALUES (78, 94, '2223463', 'Psicología', '5541960396');
INSERT INTO `Estudiante` (`id_estudiante`, `id_usuario`, `matricula`, `carrera`, `telefono`) VALUES (79, 95, '2215740', 'Administración de Empresas', '5562285503');
INSERT INTO `Estudiante` (`id_estudiante`, `id_usuario`, `matricula`, `carrera`, `telefono`) VALUES (80, 96, '2225850', 'Administración de Empresas', '5555274338');

-- ── Psicologo (12 filas) ──
TRUNCATE TABLE `Psicologo`;
INSERT INTO `Psicologo` (`id_psicologo`, `id_usuario`, `especialidad`, `cedula`, `telefono`) VALUES (1, 5, 'Psicología Clínica', 'PSI000001', '5536708285');
INSERT INTO `Psicologo` (`id_psicologo`, `id_usuario`, `especialidad`, `cedula`, `telefono`) VALUES (2, 6, 'Psicología Educativa', 'PSI000002', '5569049347');
INSERT INTO `Psicologo` (`id_psicologo`, `id_usuario`, `especialidad`, `cedula`, `telefono`) VALUES (3, 7, 'Psicología Organizacional', 'PSI000003', '5526243996');
INSERT INTO `Psicologo` (`id_psicologo`, `id_usuario`, `especialidad`, `cedula`, `telefono`) VALUES (4, 8, 'Neuropsicología', 'PSI000004', '5576553993');
INSERT INTO `Psicologo` (`id_psicologo`, `id_usuario`, `especialidad`, `cedula`, `telefono`) VALUES (5, 9, 'Terapia Cognitivo-Conductual', 'PSI000005', '5537754454');
INSERT INTO `Psicologo` (`id_psicologo`, `id_usuario`, `especialidad`, `cedula`, `telefono`) VALUES (6, 10, 'Psicología Infantil', 'PSI000006', '5516602294');
INSERT INTO `Psicologo` (`id_psicologo`, `id_usuario`, `especialidad`, `cedula`, `telefono`) VALUES (7, 11, 'Orientación Vocacional', 'PSI000007', '5562950222');
INSERT INTO `Psicologo` (`id_psicologo`, `id_usuario`, `especialidad`, `cedula`, `telefono`) VALUES (8, 12, 'Salud Mental', 'PSI000008', '5595892623');
INSERT INTO `Psicologo` (`id_psicologo`, `id_usuario`, `especialidad`, `cedula`, `telefono`) VALUES (9, 13, 'Psicología Clínica', 'PSI000009', '5525825979');
INSERT INTO `Psicologo` (`id_psicologo`, `id_usuario`, `especialidad`, `cedula`, `telefono`) VALUES (10, 14, 'Psicología Educativa', 'PSI000010', '5561328903');
INSERT INTO `Psicologo` (`id_psicologo`, `id_usuario`, `especialidad`, `cedula`, `telefono`) VALUES (11, 15, 'Psicología Organizacional', 'PSI000011', '5599212886');
INSERT INTO `Psicologo` (`id_psicologo`, `id_usuario`, `especialidad`, `cedula`, `telefono`) VALUES (12, 16, 'Neuropsicología', 'PSI000012', '5595970918');

-- ── Horario_Psicologo (41 filas) ──
TRUNCATE TABLE `Horario_Psicologo`;
INSERT INTO `Horario_Psicologo` (`id_horario`, `id_psicologo`, `dia_semana`, `hora_inicio`, `hora_fin`, `disponible`) VALUES (1, 1, 'miercoles', '16:00:00', '17:00:00', 1);
INSERT INTO `Horario_Psicologo` (`id_horario`, `id_psicologo`, `dia_semana`, `hora_inicio`, `hora_fin`, `disponible`) VALUES (2, 1, 'martes', '15:00:00', '16:00:00', 1);
INSERT INTO `Horario_Psicologo` (`id_horario`, `id_psicologo`, `dia_semana`, `hora_inicio`, `hora_fin`, `disponible`) VALUES (3, 1, 'jueves', '11:00:00', '12:00:00', 1);
INSERT INTO `Horario_Psicologo` (`id_horario`, `id_psicologo`, `dia_semana`, `hora_inicio`, `hora_fin`, `disponible`) VALUES (4, 2, 'lunes', '17:00:00', '18:00:00', 1);
INSERT INTO `Horario_Psicologo` (`id_horario`, `id_psicologo`, `dia_semana`, `hora_inicio`, `hora_fin`, `disponible`) VALUES (5, 2, 'jueves', '14:00:00', '15:00:00', 1);
INSERT INTO `Horario_Psicologo` (`id_horario`, `id_psicologo`, `dia_semana`, `hora_inicio`, `hora_fin`, `disponible`) VALUES (6, 2, 'martes', '14:00:00', '15:00:00', 1);
INSERT INTO `Horario_Psicologo` (`id_horario`, `id_psicologo`, `dia_semana`, `hora_inicio`, `hora_fin`, `disponible`) VALUES (7, 3, 'miercoles', '08:00:00', '09:00:00', 1);
INSERT INTO `Horario_Psicologo` (`id_horario`, `id_psicologo`, `dia_semana`, `hora_inicio`, `hora_fin`, `disponible`) VALUES (8, 3, 'jueves', '09:00:00', '10:00:00', 1);
INSERT INTO `Horario_Psicologo` (`id_horario`, `id_psicologo`, `dia_semana`, `hora_inicio`, `hora_fin`, `disponible`) VALUES (9, 3, 'martes', '15:00:00', '16:00:00', 1);
INSERT INTO `Horario_Psicologo` (`id_horario`, `id_psicologo`, `dia_semana`, `hora_inicio`, `hora_fin`, `disponible`) VALUES (10, 3, 'viernes', '08:00:00', '09:00:00', 1);
INSERT INTO `Horario_Psicologo` (`id_horario`, `id_psicologo`, `dia_semana`, `hora_inicio`, `hora_fin`, `disponible`) VALUES (11, 4, 'miercoles', '08:00:00', '09:00:00', 1);
INSERT INTO `Horario_Psicologo` (`id_horario`, `id_psicologo`, `dia_semana`, `hora_inicio`, `hora_fin`, `disponible`) VALUES (12, 4, 'lunes', '10:00:00', '11:00:00', 1);
INSERT INTO `Horario_Psicologo` (`id_horario`, `id_psicologo`, `dia_semana`, `hora_inicio`, `hora_fin`, `disponible`) VALUES (13, 4, 'jueves', '14:00:00', '15:00:00', 1);
INSERT INTO `Horario_Psicologo` (`id_horario`, `id_psicologo`, `dia_semana`, `hora_inicio`, `hora_fin`, `disponible`) VALUES (14, 4, 'martes', '11:00:00', '12:00:00', 1);
INSERT INTO `Horario_Psicologo` (`id_horario`, `id_psicologo`, `dia_semana`, `hora_inicio`, `hora_fin`, `disponible`) VALUES (15, 5, 'viernes', '11:00:00', '12:00:00', 1);
INSERT INTO `Horario_Psicologo` (`id_horario`, `id_psicologo`, `dia_semana`, `hora_inicio`, `hora_fin`, `disponible`) VALUES (16, 5, 'martes', '16:00:00', '17:00:00', 1);
INSERT INTO `Horario_Psicologo` (`id_horario`, `id_psicologo`, `dia_semana`, `hora_inicio`, `hora_fin`, `disponible`) VALUES (17, 5, 'jueves', '09:00:00', '10:00:00', 1);
INSERT INTO `Horario_Psicologo` (`id_horario`, `id_psicologo`, `dia_semana`, `hora_inicio`, `hora_fin`, `disponible`) VALUES (18, 6, 'viernes', '09:00:00', '10:00:00', 1);
INSERT INTO `Horario_Psicologo` (`id_horario`, `id_psicologo`, `dia_semana`, `hora_inicio`, `hora_fin`, `disponible`) VALUES (19, 6, 'martes', '11:00:00', '12:00:00', 1);
INSERT INTO `Horario_Psicologo` (`id_horario`, `id_psicologo`, `dia_semana`, `hora_inicio`, `hora_fin`, `disponible`) VALUES (20, 6, 'lunes', '10:00:00', '11:00:00', 1);
INSERT INTO `Horario_Psicologo` (`id_horario`, `id_psicologo`, `dia_semana`, `hora_inicio`, `hora_fin`, `disponible`) VALUES (21, 7, 'lunes', '11:00:00', '12:00:00', 1);
INSERT INTO `Horario_Psicologo` (`id_horario`, `id_psicologo`, `dia_semana`, `hora_inicio`, `hora_fin`, `disponible`) VALUES (22, 7, 'miercoles', '15:00:00', '16:00:00', 1);
INSERT INTO `Horario_Psicologo` (`id_horario`, `id_psicologo`, `dia_semana`, `hora_inicio`, `hora_fin`, `disponible`) VALUES (23, 7, 'jueves', '17:00:00', '18:00:00', 1);
INSERT INTO `Horario_Psicologo` (`id_horario`, `id_psicologo`, `dia_semana`, `hora_inicio`, `hora_fin`, `disponible`) VALUES (24, 7, 'martes', '09:00:00', '10:00:00', 1);
INSERT INTO `Horario_Psicologo` (`id_horario`, `id_psicologo`, `dia_semana`, `hora_inicio`, `hora_fin`, `disponible`) VALUES (25, 8, 'martes', '17:00:00', '18:00:00', 1);
INSERT INTO `Horario_Psicologo` (`id_horario`, `id_psicologo`, `dia_semana`, `hora_inicio`, `hora_fin`, `disponible`) VALUES (26, 8, 'jueves', '17:00:00', '18:00:00', 1);
INSERT INTO `Horario_Psicologo` (`id_horario`, `id_psicologo`, `dia_semana`, `hora_inicio`, `hora_fin`, `disponible`) VALUES (27, 8, 'lunes', '17:00:00', '18:00:00', 1);
INSERT INTO `Horario_Psicologo` (`id_horario`, `id_psicologo`, `dia_semana`, `hora_inicio`, `hora_fin`, `disponible`) VALUES (28, 8, 'viernes', '11:00:00', '12:00:00', 1);
INSERT INTO `Horario_Psicologo` (`id_horario`, `id_psicologo`, `dia_semana`, `hora_inicio`, `hora_fin`, `disponible`) VALUES (29, 9, 'miercoles', '10:00:00', '11:00:00', 1);
INSERT INTO `Horario_Psicologo` (`id_horario`, `id_psicologo`, `dia_semana`, `hora_inicio`, `hora_fin`, `disponible`) VALUES (30, 9, 'martes', '14:00:00', '15:00:00', 1);
INSERT INTO `Horario_Psicologo` (`id_horario`, `id_psicologo`, `dia_semana`, `hora_inicio`, `hora_fin`, `disponible`) VALUES (31, 9, 'lunes', '14:00:00', '15:00:00', 1);
INSERT INTO `Horario_Psicologo` (`id_horario`, `id_psicologo`, `dia_semana`, `hora_inicio`, `hora_fin`, `disponible`) VALUES (32, 10, 'jueves', '10:00:00', '11:00:00', 1);
INSERT INTO `Horario_Psicologo` (`id_horario`, `id_psicologo`, `dia_semana`, `hora_inicio`, `hora_fin`, `disponible`) VALUES (33, 10, 'martes', '15:00:00', '16:00:00', 1);
INSERT INTO `Horario_Psicologo` (`id_horario`, `id_psicologo`, `dia_semana`, `hora_inicio`, `hora_fin`, `disponible`) VALUES (34, 10, 'miercoles', '16:00:00', '17:00:00', 1);
INSERT INTO `Horario_Psicologo` (`id_horario`, `id_psicologo`, `dia_semana`, `hora_inicio`, `hora_fin`, `disponible`) VALUES (35, 10, 'viernes', '11:00:00', '12:00:00', 1);
INSERT INTO `Horario_Psicologo` (`id_horario`, `id_psicologo`, `dia_semana`, `hora_inicio`, `hora_fin`, `disponible`) VALUES (36, 11, 'martes', '11:00:00', '12:00:00', 1);
INSERT INTO `Horario_Psicologo` (`id_horario`, `id_psicologo`, `dia_semana`, `hora_inicio`, `hora_fin`, `disponible`) VALUES (37, 11, 'viernes', '10:00:00', '11:00:00', 1);
INSERT INTO `Horario_Psicologo` (`id_horario`, `id_psicologo`, `dia_semana`, `hora_inicio`, `hora_fin`, `disponible`) VALUES (38, 11, 'jueves', '17:00:00', '18:00:00', 1);
INSERT INTO `Horario_Psicologo` (`id_horario`, `id_psicologo`, `dia_semana`, `hora_inicio`, `hora_fin`, `disponible`) VALUES (39, 12, 'miercoles', '15:00:00', '16:00:00', 1);
INSERT INTO `Horario_Psicologo` (`id_horario`, `id_psicologo`, `dia_semana`, `hora_inicio`, `hora_fin`, `disponible`) VALUES (40, 12, 'lunes', '17:00:00', '18:00:00', 1);
INSERT INTO `Horario_Psicologo` (`id_horario`, `id_psicologo`, `dia_semana`, `hora_inicio`, `hora_fin`, `disponible`) VALUES (41, 12, 'martes', '16:00:00', '17:00:00', 1);

-- ── Cita (564 filas) ──
TRUNCATE TABLE `Cita`;
INSERT INTO `Cita` (`id_cita`, `id_estudiante`, `id_psicologo`, `fecha`, `hora_inicio`, `hora_fin`, `estado`, `motivo`, `created_at`) VALUES (1, 1, 7, '2026-02-24 06:00:00', '11:00:00', '12:00:00', 'CANCELADA', 'Orientación vocacional', '2026-03-15 08:54:35');
INSERT INTO `Cita` (`id_cita`, `id_estudiante`, `id_psicologo`, `fecha`, `hora_inicio`, `hora_fin`, `estado`, `motivo`, `created_at`) VALUES (2, 1, 11, '2025-11-26 06:00:00', '11:00:00', '12:00:00', 'CANCELADA', 'Duelo o pérdida', '2026-03-15 08:54:35');
INSERT INTO `Cita` (`id_cita`, `id_estudiante`, `id_psicologo`, `fecha`, `hora_inicio`, `hora_fin`, `estado`, `motivo`, `created_at`) VALUES (3, 1, 8, '2026-02-27 06:00:00', '17:00:00', '18:00:00', 'ASISTIDA', 'Ansiedad y estrés académico', '2026-03-15 08:54:35');
INSERT INTO `Cita` (`id_cita`, `id_estudiante`, `id_psicologo`, `fecha`, `hora_inicio`, `hora_fin`, `estado`, `motivo`, `created_at`) VALUES (4, 1, 6, '2026-01-06 06:00:00', '10:00:00', '11:00:00', 'ASISTIDA', 'Orientación vocacional', '2026-03-15 08:54:35');
INSERT INTO `Cita` (`id_cita`, `id_estudiante`, `id_psicologo`, `fecha`, `hora_inicio`, `hora_fin`, `estado`, `motivo`, `created_at`) VALUES (5, 1, 7, '2025-12-03 06:00:00', '09:00:00', '10:00:00', 'ASISTIDA', 'Manejo de emociones', '2026-03-15 08:54:35');
INSERT INTO `Cita` (`id_cita`, `id_estudiante`, `id_psicologo`, `fecha`, `hora_inicio`, `hora_fin`, `estado`, `motivo`, `created_at`) VALUES (6, 1, 9, '2025-11-20 06:00:00', '10:00:00', '11:00:00', 'ASISTIDA', 'Duelo o pérdida', '2026-03-15 08:54:35');
INSERT INTO `Cita` (`id_cita`, `id_estudiante`, `id_psicologo`, `fecha`, `hora_inicio`, `hora_fin`, `estado`, `motivo`, `created_at`) VALUES (7, 1, 2, '2026-05-08 06:00:00', '14:00:00', '15:00:00', 'PENDIENTE', 'Relaciones interpersonales', '2026-03-15 08:54:35');
INSERT INTO `Cita` (`id_cita`, `id_estudiante`, `id_psicologo`, `fecha`, `hora_inicio`, `hora_fin`, `estado`, `motivo`, `created_at`) VALUES (8, 1, 9, '2026-05-13 06:00:00', '14:00:00', '15:00:00', 'PENDIENTE', 'Manejo de emociones', '2026-03-15 08:54:35');
INSERT INTO `Cita` (`id_cita`, `id_estudiante`, `id_psicologo`, `fecha`, `hora_inicio`, `hora_fin`, `estado`, `motivo`, `created_at`) VALUES (9, 1, 3, '2026-05-02 06:00:00', '08:00:00', '09:00:00', 'PENDIENTE', 'Orientación vocacional', '2026-03-15 08:54:35');
INSERT INTO `Cita` (`id_cita`, `id_estudiante`, `id_psicologo`, `fecha`, `hora_inicio`, `hora_fin`, `estado`, `motivo`, `created_at`) VALUES (10, 2, 3, '2025-11-28 06:00:00', '09:00:00', '10:00:00', 'ASISTIDA', 'Autoestima baja', '2026-03-15 08:54:35');
INSERT INTO `Cita` (`id_cita`, `id_estudiante`, `id_psicologo`, `fecha`, `hora_inicio`, `hora_fin`, `estado`, `motivo`, `created_at`) VALUES (11, 2, 6, '2025-11-08 06:00:00', '09:00:00', '10:00:00', 'CANCELADA', 'Autoestima baja', '2026-03-15 08:54:35');
INSERT INTO `Cita` (`id_cita`, `id_estudiante`, `id_psicologo`, `fecha`, `hora_inicio`, `hora_fin`, `estado`, `motivo`, `created_at`) VALUES (12, 2, 3, '2025-11-29 06:00:00', '08:00:00', '09:00:00', 'ASISTIDA', 'Duelo o pérdida', '2026-03-15 08:54:35');
INSERT INTO `Cita` (`id_cita`, `id_estudiante`, `id_psicologo`, `fecha`, `hora_inicio`, `hora_fin`, `estado`, `motivo`, `created_at`) VALUES (13, 2, 10, '2026-01-17 06:00:00', '11:00:00', '12:00:00', 'CANCELADA', 'Problemas para dormir', '2026-03-15 08:54:35');
INSERT INTO `Cita` (`id_cita`, `id_estudiante`, `id_psicologo`, `fecha`, `hora_inicio`, `hora_fin`, `estado`, `motivo`, `created_at`) VALUES (14, 2, 11, '2025-11-08 06:00:00', '10:00:00', '11:00:00', 'ASISTIDA', 'Dificultades de concentración', '2026-03-15 08:54:35');
INSERT INTO `Cita` (`id_cita`, `id_estudiante`, `id_psicologo`, `fecha`, `hora_inicio`, `hora_fin`, `estado`, `motivo`, `created_at`) VALUES (15, 2, 1, '2025-12-12 06:00:00', '11:00:00', '12:00:00', 'ASISTIDA', NULL, '2026-03-15 08:54:35');
INSERT INTO `Cita` (`id_cita`, `id_estudiante`, `id_psicologo`, `fecha`, `hora_inicio`, `hora_fin`, `estado`, `motivo`, `created_at`) VALUES (16, 2, 1, '2026-04-29 06:00:00', '15:00:00', '16:00:00', 'PENDIENTE', 'Manejo de emociones', '2026-03-15 08:54:35');
INSERT INTO `Cita` (`id_cita`, `id_estudiante`, `id_psicologo`, `fecha`, `hora_inicio`, `hora_fin`, `estado`, `motivo`, `created_at`) VALUES (17, 2, 10, '2026-04-30 06:00:00', '16:00:00', '17:00:00', 'PENDIENTE', 'Dificultades de concentración', '2026-03-15 08:54:35');
INSERT INTO `Cita` (`id_cita`, `id_estudiante`, `id_psicologo`, `fecha`, `hora_inicio`, `hora_fin`, `estado`, `motivo`, `created_at`) VALUES (18, 2, 11, '2026-05-06 06:00:00', '11:00:00', '12:00:00', 'PENDIENTE', 'Orientación vocacional', '2026-03-15 08:54:35');
INSERT INTO `Cita` (`id_cita`, `id_estudiante`, `id_psicologo`, `fecha`, `hora_inicio`, `hora_fin`, `estado`, `motivo`, `created_at`) VALUES (19, 3, 4, '2026-01-21 06:00:00', '11:00:00', '12:00:00', 'ASISTIDA', 'Autoestima baja', '2026-03-15 08:54:35');
INSERT INTO `Cita` (`id_cita`, `id_estudiante`, `id_psicologo`, `fecha`, `hora_inicio`, `hora_fin`, `estado`, `motivo`, `created_at`) VALUES (20, 3, 8, '2025-12-20 06:00:00', '11:00:00', '12:00:00', 'ASISTIDA', NULL, '2026-03-15 08:54:35');
INSERT INTO `Cita` (`id_cita`, `id_estudiante`, `id_psicologo`, `fecha`, `hora_inicio`, `hora_fin`, `estado`, `motivo`, `created_at`) VALUES (21, 3, 8, '2026-02-21 06:00:00', '11:00:00', '12:00:00', 'ASISTIDA', 'Duelo o pérdida', '2026-03-15 08:54:35');
INSERT INTO `Cita` (`id_cita`, `id_estudiante`, `id_psicologo`, `fecha`, `hora_inicio`, `hora_fin`, `estado`, `motivo`, `created_at`) VALUES (22, 3, 8, '2026-04-14 06:00:00', '17:00:00', '18:00:00', 'PENDIENTE', 'Autoestima baja', '2026-03-15 08:54:35');
INSERT INTO `Cita` (`id_cita`, `id_estudiante`, `id_psicologo`, `fecha`, `hora_inicio`, `hora_fin`, `estado`, `motivo`, `created_at`) VALUES (23, 3, 8, '2026-04-07 06:00:00', '17:00:00', '18:00:00', 'PENDIENTE', 'Autoestima baja', '2026-03-15 08:54:35');
INSERT INTO `Cita` (`id_cita`, `id_estudiante`, `id_psicologo`, `fecha`, `hora_inicio`, `hora_fin`, `estado`, `motivo`, `created_at`) VALUES (24, 3, 8, '2026-03-25 06:00:00', '17:00:00', '18:00:00', 'PENDIENTE', 'Problemas familiares', '2026-03-15 08:54:35');
INSERT INTO `Cita` (`id_cita`, `id_estudiante`, `id_psicologo`, `fecha`, `hora_inicio`, `hora_fin`, `estado`, `motivo`, `created_at`) VALUES (25, 4, 10, '2026-01-30 06:00:00', '10:00:00', '11:00:00', 'CANCELADA', 'Orientación vocacional', '2026-03-15 08:54:35');
INSERT INTO `Cita` (`id_cita`, `id_estudiante`, `id_psicologo`, `fecha`, `hora_inicio`, `hora_fin`, `estado`, `motivo`, `created_at`) VALUES (26, 4, 7, '2025-11-26 06:00:00', '09:00:00', '10:00:00', 'CANCELADA', 'Problemas para dormir', '2026-03-15 08:54:35');
INSERT INTO `Cita` (`id_cita`, `id_estudiante`, `id_psicologo`, `fecha`, `hora_inicio`, `hora_fin`, `estado`, `motivo`, `created_at`) VALUES (27, 4, 3, '2026-01-29 06:00:00', '08:00:00', '09:00:00', 'ASISTIDA', 'Dificultades de concentración', '2026-03-15 08:54:35');
INSERT INTO `Cita` (`id_cita`, `id_estudiante`, `id_psicologo`, `fecha`, `hora_inicio`, `hora_fin`, `estado`, `motivo`, `created_at`) VALUES (28, 4, 4, '2026-01-22 06:00:00', '08:00:00', '09:00:00', 'PENDIENTE', 'Adaptación universitaria', '2026-03-15 08:54:35');
INSERT INTO `Cita` (`id_cita`, `id_estudiante`, `id_psicologo`, `fecha`, `hora_inicio`, `hora_fin`, `estado`, `motivo`, `created_at`) VALUES (29, 4, 2, '2026-02-25 06:00:00', '14:00:00', '15:00:00', 'ASISTIDA', 'Manejo de emociones', '2026-03-15 08:54:35');
INSERT INTO `Cita` (`id_cita`, `id_estudiante`, `id_psicologo`, `fecha`, `hora_inicio`, `hora_fin`, `estado`, `motivo`, `created_at`) VALUES (30, 4, 1, '2026-03-27 06:00:00', '11:00:00', '12:00:00', 'PENDIENTE', 'Problemas para dormir', '2026-03-15 08:54:35');
INSERT INTO `Cita` (`id_cita`, `id_estudiante`, `id_psicologo`, `fecha`, `hora_inicio`, `hora_fin`, `estado`, `motivo`, `created_at`) VALUES (31, 4, 9, '2026-04-14 06:00:00', '14:00:00', '15:00:00', 'PENDIENTE', 'Ansiedad y estrés académico', '2026-03-15 08:54:35');
INSERT INTO `Cita` (`id_cita`, `id_estudiante`, `id_psicologo`, `fecha`, `hora_inicio`, `hora_fin`, `estado`, `motivo`, `created_at`) VALUES (32, 4, 8, '2026-04-10 06:00:00', '17:00:00', '18:00:00', 'PENDIENTE', 'Problemas para dormir', '2026-03-15 08:54:35');
INSERT INTO `Cita` (`id_cita`, `id_estudiante`, `id_psicologo`, `fecha`, `hora_inicio`, `hora_fin`, `estado`, `motivo`, `created_at`) VALUES (33, 5, 12, '2025-12-10 06:00:00', '16:00:00', '17:00:00', 'CANCELADA', 'Autoestima baja', '2026-03-15 08:54:35');
INSERT INTO `Cita` (`id_cita`, `id_estudiante`, `id_psicologo`, `fecha`, `hora_inicio`, `hora_fin`, `estado`, `motivo`, `created_at`) VALUES (34, 5, 7, '2025-12-19 06:00:00', '17:00:00', '18:00:00', 'CANCELADA', 'Autoestima baja', '2026-03-15 08:54:35');
INSERT INTO `Cita` (`id_cita`, `id_estudiante`, `id_psicologo`, `fecha`, `hora_inicio`, `hora_fin`, `estado`, `motivo`, `created_at`) VALUES (35, 5, 8, '2025-12-02 06:00:00', '17:00:00', '18:00:00', 'ASISTIDA', 'Problemas para dormir', '2026-03-15 08:54:35');
INSERT INTO `Cita` (`id_cita`, `id_estudiante`, `id_psicologo`, `fecha`, `hora_inicio`, `hora_fin`, `estado`, `motivo`, `created_at`) VALUES (36, 5, 5, '2025-11-15 06:00:00', '11:00:00', '12:00:00', 'PENDIENTE', 'Autoestima baja', '2026-03-15 08:54:35');
INSERT INTO `Cita` (`id_cita`, `id_estudiante`, `id_psicologo`, `fecha`, `hora_inicio`, `hora_fin`, `estado`, `motivo`, `created_at`) VALUES (37, 5, 8, '2026-02-13 06:00:00', '17:00:00', '18:00:00', 'ASISTIDA', 'Problemas para dormir', '2026-03-15 08:54:35');
INSERT INTO `Cita` (`id_cita`, `id_estudiante`, `id_psicologo`, `fecha`, `hora_inicio`, `hora_fin`, `estado`, `motivo`, `created_at`) VALUES (38, 5, 8, '2026-02-04 06:00:00', '17:00:00', '18:00:00', 'ASISTIDA', 'Dificultades de concentración', '2026-03-15 08:54:35');
INSERT INTO `Cita` (`id_cita`, `id_estudiante`, `id_psicologo`, `fecha`, `hora_inicio`, `hora_fin`, `estado`, `motivo`, `created_at`) VALUES (39, 5, 5, '2026-01-09 06:00:00', '09:00:00', '10:00:00', 'ASISTIDA', 'Autoestima baja', '2026-03-15 08:54:35');
INSERT INTO `Cita` (`id_cita`, `id_estudiante`, `id_psicologo`, `fecha`, `hora_inicio`, `hora_fin`, `estado`, `motivo`, `created_at`) VALUES (40, 5, 12, '2026-02-17 06:00:00', '17:00:00', '18:00:00', 'ASISTIDA', 'Orientación vocacional', '2026-03-15 08:54:35');
INSERT INTO `Cita` (`id_cita`, `id_estudiante`, `id_psicologo`, `fecha`, `hora_inicio`, `hora_fin`, `estado`, `motivo`, `created_at`) VALUES (41, 5, 4, '2026-03-31 06:00:00', '10:00:00', '11:00:00', 'PENDIENTE', 'Dificultades de concentración', '2026-03-15 08:54:35');
INSERT INTO `Cita` (`id_cita`, `id_estudiante`, `id_psicologo`, `fecha`, `hora_inicio`, `hora_fin`, `estado`, `motivo`, `created_at`) VALUES (42, 5, 4, '2026-04-01 06:00:00', '11:00:00', '12:00:00', 'PENDIENTE', 'Ansiedad y estrés académico', '2026-03-15 08:54:35');
INSERT INTO `Cita` (`id_cita`, `id_estudiante`, `id_psicologo`, `fecha`, `hora_inicio`, `hora_fin`, `estado`, `motivo`, `created_at`) VALUES (43, 5, 11, '2026-03-28 06:00:00', '10:00:00', '11:00:00', 'PENDIENTE', 'Manejo de emociones', '2026-03-15 08:54:35');
INSERT INTO `Cita` (`id_cita`, `id_estudiante`, `id_psicologo`, `fecha`, `hora_inicio`, `hora_fin`, `estado`, `motivo`, `created_at`) VALUES (44, 5, 8, '2026-04-04 06:00:00', '11:00:00', '12:00:00', 'PENDIENTE', 'Dificultades de concentración', '2026-03-15 08:54:35');
INSERT INTO `Cita` (`id_cita`, `id_estudiante`, `id_psicologo`, `fecha`, `hora_inicio`, `hora_fin`, `estado`, `motivo`, `created_at`) VALUES (45, 6, 11, '2025-12-03 06:00:00', '11:00:00', '12:00:00', 'ASISTIDA', 'Ansiedad y estrés académico', '2026-03-15 08:54:35');
INSERT INTO `Cita` (`id_cita`, `id_estudiante`, `id_psicologo`, `fecha`, `hora_inicio`, `hora_fin`, `estado`, `motivo`, `created_at`) VALUES (46, 6, 1, '2025-12-05 06:00:00', '11:00:00', '12:00:00', 'ASISTIDA', 'Dificultades de concentración', '2026-03-15 08:54:35');
INSERT INTO `Cita` (`id_cita`, `id_estudiante`, `id_psicologo`, `fecha`, `hora_inicio`, `hora_fin`, `estado`, `motivo`, `created_at`) VALUES (47, 6, 2, '2026-01-16 06:00:00', '14:00:00', '15:00:00', 'ASISTIDA', NULL, '2026-03-15 08:54:35');
INSERT INTO `Cita` (`id_cita`, `id_estudiante`, `id_psicologo`, `fecha`, `hora_inicio`, `hora_fin`, `estado`, `motivo`, `created_at`) VALUES (48, 6, 7, '2026-01-07 06:00:00', '09:00:00', '10:00:00', 'ASISTIDA', 'Relaciones interpersonales', '2026-03-15 08:54:35');
INSERT INTO `Cita` (`id_cita`, `id_estudiante`, `id_psicologo`, `fecha`, `hora_inicio`, `hora_fin`, `estado`, `motivo`, `created_at`) VALUES (49, 6, 3, '2026-05-07 06:00:00', '08:00:00', '09:00:00', 'PENDIENTE', 'Autoestima baja', '2026-03-15 08:54:35');
INSERT INTO `Cita` (`id_cita`, `id_estudiante`, `id_psicologo`, `fecha`, `hora_inicio`, `hora_fin`, `estado`, `motivo`, `created_at`) VALUES (50, 6, 4, '2026-04-29 06:00:00', '11:00:00', '12:00:00', 'PENDIENTE', NULL, '2026-03-15 08:54:35');
INSERT INTO `Cita` (`id_cita`, `id_estudiante`, `id_psicologo`, `fecha`, `hora_inicio`, `hora_fin`, `estado`, `motivo`, `created_at`) VALUES (51, 6, 11, '2026-04-11 06:00:00', '10:00:00', '11:00:00', 'PENDIENTE', 'Problemas familiares', '2026-03-15 08:54:35');
INSERT INTO `Cita` (`id_cita`, `id_estudiante`, `id_psicologo`, `fecha`, `hora_inicio`, `hora_fin`, `estado`, `motivo`, `created_at`) VALUES (52, 7, 4, '2025-11-27 06:00:00', '08:00:00', '09:00:00', 'ASISTIDA', 'Relaciones interpersonales', '2026-03-15 08:54:35');
INSERT INTO `Cita` (`id_cita`, `id_estudiante`, `id_psicologo`, `fecha`, `hora_inicio`, `hora_fin`, `estado`, `motivo`, `created_at`) VALUES (53, 7, 12, '2026-02-26 06:00:00', '15:00:00', '16:00:00', 'ASISTIDA', 'Ansiedad y estrés académico', '2026-03-15 08:54:35');
INSERT INTO `Cita` (`id_cita`, `id_estudiante`, `id_psicologo`, `fecha`, `hora_inicio`, `hora_fin`, `estado`, `motivo`, `created_at`) VALUES (54, 7, 5, '2026-02-27 06:00:00', '09:00:00', '10:00:00', 'ASISTIDA', 'Adaptación universitaria', '2026-03-15 08:54:35');
INSERT INTO `Cita` (`id_cita`, `id_estudiante`, `id_psicologo`, `fecha`, `hora_inicio`, `hora_fin`, `estado`, `motivo`, `created_at`) VALUES (55, 7, 1, '2026-02-05 06:00:00', '16:00:00', '17:00:00', 'PENDIENTE', NULL, '2026-03-15 08:54:35');
INSERT INTO `Cita` (`id_cita`, `id_estudiante`, `id_psicologo`, `fecha`, `hora_inicio`, `hora_fin`, `estado`, `motivo`, `created_at`) VALUES (56, 7, 8, '2026-02-17 06:00:00', '17:00:00', '18:00:00', 'ASISTIDA', 'Orientación vocacional', '2026-03-15 08:54:35');
INSERT INTO `Cita` (`id_cita`, `id_estudiante`, `id_psicologo`, `fecha`, `hora_inicio`, `hora_fin`, `estado`, `motivo`, `created_at`) VALUES (57, 7, 9, '2025-11-13 06:00:00', '10:00:00', '11:00:00', 'PENDIENTE', 'Relaciones interpersonales', '2026-03-15 08:54:35');
INSERT INTO `Cita` (`id_cita`, `id_estudiante`, `id_psicologo`, `fecha`, `hora_inicio`, `hora_fin`, `estado`, `motivo`, `created_at`) VALUES (58, 7, 3, '2026-04-11 06:00:00', '08:00:00', '09:00:00', 'PENDIENTE', 'Adaptación universitaria', '2026-03-15 08:54:35');
INSERT INTO `Cita` (`id_cita`, `id_estudiante`, `id_psicologo`, `fecha`, `hora_inicio`, `hora_fin`, `estado`, `motivo`, `created_at`) VALUES (59, 7, 6, '2026-05-09 06:00:00', '09:00:00', '10:00:00', 'PENDIENTE', 'Adaptación universitaria', '2026-03-15 08:54:35');
INSERT INTO `Cita` (`id_cita`, `id_estudiante`, `id_psicologo`, `fecha`, `hora_inicio`, `hora_fin`, `estado`, `motivo`, `created_at`) VALUES (60, 8, 8, '2025-12-10 06:00:00', '17:00:00', '18:00:00', 'PENDIENTE', 'Adaptación universitaria', '2026-03-15 08:54:35');
INSERT INTO `Cita` (`id_cita`, `id_estudiante`, `id_psicologo`, `fecha`, `hora_inicio`, `hora_fin`, `estado`, `motivo`, `created_at`) VALUES (61, 8, 4, '2026-03-06 06:00:00', '14:00:00', '15:00:00', 'ASISTIDA', NULL, '2026-03-15 08:54:35');
INSERT INTO `Cita` (`id_cita`, `id_estudiante`, `id_psicologo`, `fecha`, `hora_inicio`, `hora_fin`, `estado`, `motivo`, `created_at`) VALUES (62, 8, 10, '2026-02-07 06:00:00', '11:00:00', '12:00:00', 'ASISTIDA', 'Manejo de emociones', '2026-03-15 08:54:35');
INSERT INTO `Cita` (`id_cita`, `id_estudiante`, `id_psicologo`, `fecha`, `hora_inicio`, `hora_fin`, `estado`, `motivo`, `created_at`) VALUES (63, 8, 1, '2026-04-16 06:00:00', '16:00:00', '17:00:00', 'PENDIENTE', 'Relaciones interpersonales', '2026-03-15 08:54:35');
INSERT INTO `Cita` (`id_cita`, `id_estudiante`, `id_psicologo`, `fecha`, `hora_inicio`, `hora_fin`, `estado`, `motivo`, `created_at`) VALUES (64, 8, 8, '2026-04-15 06:00:00', '17:00:00', '18:00:00', 'PENDIENTE', 'Dificultades de concentración', '2026-03-15 08:54:35');
INSERT INTO `Cita` (`id_cita`, `id_estudiante`, `id_psicologo`, `fecha`, `hora_inicio`, `hora_fin`, `estado`, `motivo`, `created_at`) VALUES (65, 8, 3, '2026-03-25 06:00:00', '15:00:00', '16:00:00', 'PENDIENTE', 'Problemas para dormir', '2026-03-15 08:54:35');
INSERT INTO `Cita` (`id_cita`, `id_estudiante`, `id_psicologo`, `fecha`, `hora_inicio`, `hora_fin`, `estado`, `motivo`, `created_at`) VALUES (66, 9, 12, '2026-01-15 06:00:00', '15:00:00', '16:00:00', 'CANCELADA', 'Manejo de emociones', '2026-03-15 08:54:35');
INSERT INTO `Cita` (`id_cita`, `id_estudiante`, `id_psicologo`, `fecha`, `hora_inicio`, `hora_fin`, `estado`, `motivo`, `created_at`) VALUES (67, 9, 7, '2025-11-06 06:00:00', '15:00:00', '16:00:00', 'ASISTIDA', 'Manejo de emociones', '2026-03-15 08:54:35');
INSERT INTO `Cita` (`id_cita`, `id_estudiante`, `id_psicologo`, `fecha`, `hora_inicio`, `hora_fin`, `estado`, `motivo`, `created_at`) VALUES (68, 9, 9, '2026-03-03 06:00:00', '14:00:00', '15:00:00', 'ASISTIDA', 'Relaciones interpersonales', '2026-03-15 08:54:35');
INSERT INTO `Cita` (`id_cita`, `id_estudiante`, `id_psicologo`, `fecha`, `hora_inicio`, `hora_fin`, `estado`, `motivo`, `created_at`) VALUES (69, 9, 3, '2025-12-05 06:00:00', '09:00:00', '10:00:00', 'ASISTIDA', 'Relaciones interpersonales', '2026-03-15 08:54:35');
INSERT INTO `Cita` (`id_cita`, `id_estudiante`, `id_psicologo`, `fecha`, `hora_inicio`, `hora_fin`, `estado`, `motivo`, `created_at`) VALUES (70, 9, 10, '2026-04-15 06:00:00', '15:00:00', '16:00:00', 'PENDIENTE', 'Manejo de emociones', '2026-03-15 08:54:35');
INSERT INTO `Cita` (`id_cita`, `id_estudiante`, `id_psicologo`, `fecha`, `hora_inicio`, `hora_fin`, `estado`, `motivo`, `created_at`) VALUES (71, 9, 8, '2026-03-27 06:00:00', '17:00:00', '18:00:00', 'PENDIENTE', 'Orientación vocacional', '2026-03-15 08:54:35');
INSERT INTO `Cita` (`id_cita`, `id_estudiante`, `id_psicologo`, `fecha`, `hora_inicio`, `hora_fin`, `estado`, `motivo`, `created_at`) VALUES (72, 10, 4, '2025-11-20 06:00:00', '08:00:00', '09:00:00', 'ASISTIDA', 'Relaciones interpersonales', '2026-03-15 08:54:35');
INSERT INTO `Cita` (`id_cita`, `id_estudiante`, `id_psicologo`, `fecha`, `hora_inicio`, `hora_fin`, `estado`, `motivo`, `created_at`) VALUES (73, 10, 12, '2026-01-27 06:00:00', '17:00:00', '18:00:00', 'ASISTIDA', 'Adaptación universitaria', '2026-03-15 08:54:35');
INSERT INTO `Cita` (`id_cita`, `id_estudiante`, `id_psicologo`, `fecha`, `hora_inicio`, `hora_fin`, `estado`, `motivo`, `created_at`) VALUES (74, 10, 11, '2025-12-13 06:00:00', '10:00:00', '11:00:00', 'CANCELADA', 'Duelo o pérdida', '2026-03-15 08:54:35');
INSERT INTO `Cita` (`id_cita`, `id_estudiante`, `id_psicologo`, `fecha`, `hora_inicio`, `hora_fin`, `estado`, `motivo`, `created_at`) VALUES (75, 10, 12, '2025-11-25 06:00:00', '17:00:00', '18:00:00', 'PENDIENTE', 'Relaciones interpersonales', '2026-03-15 08:54:35');
INSERT INTO `Cita` (`id_cita`, `id_estudiante`, `id_psicologo`, `fecha`, `hora_inicio`, `hora_fin`, `estado`, `motivo`, `created_at`) VALUES (76, 10, 11, '2026-04-04 06:00:00', '10:00:00', '11:00:00', 'PENDIENTE', 'Adaptación universitaria', '2026-03-15 08:54:35');
INSERT INTO `Cita` (`id_cita`, `id_estudiante`, `id_psicologo`, `fecha`, `hora_inicio`, `hora_fin`, `estado`, `motivo`, `created_at`) VALUES (77, 10, 10, '2026-03-25 06:00:00', '15:00:00', '16:00:00', 'PENDIENTE', 'Problemas familiares', '2026-03-15 08:54:35');
INSERT INTO `Cita` (`id_cita`, `id_estudiante`, `id_psicologo`, `fecha`, `hora_inicio`, `hora_fin`, `estado`, `motivo`, `created_at`) VALUES (78, 11, 12, '2025-11-13 06:00:00', '15:00:00', '16:00:00', 'ASISTIDA', 'Relaciones interpersonales', '2026-03-15 08:54:35');
INSERT INTO `Cita` (`id_cita`, `id_estudiante`, `id_psicologo`, `fecha`, `hora_inicio`, `hora_fin`, `estado`, `motivo`, `created_at`) VALUES (79, 11, 11, '2025-11-05 06:00:00', '11:00:00', '12:00:00', 'ASISTIDA', 'Duelo o pérdida', '2026-03-15 08:54:35');
INSERT INTO `Cita` (`id_cita`, `id_estudiante`, `id_psicologo`, `fecha`, `hora_inicio`, `hora_fin`, `estado`, `motivo`, `created_at`) VALUES (80, 11, 6, '2025-11-12 06:00:00', '11:00:00', '12:00:00', 'ASISTIDA', 'Relaciones interpersonales', '2026-03-15 08:54:35');
INSERT INTO `Cita` (`id_cita`, `id_estudiante`, `id_psicologo`, `fecha`, `hora_inicio`, `hora_fin`, `estado`, `motivo`, `created_at`) VALUES (81, 11, 9, '2026-01-15 06:00:00', '10:00:00', '11:00:00', 'ASISTIDA', 'Ansiedad y estrés académico', '2026-03-15 08:54:35');
INSERT INTO `Cita` (`id_cita`, `id_estudiante`, `id_psicologo`, `fecha`, `hora_inicio`, `hora_fin`, `estado`, `motivo`, `created_at`) VALUES (82, 11, 3, '2025-11-13 06:00:00', '08:00:00', '09:00:00', 'ASISTIDA', 'Orientación vocacional', '2026-03-15 08:54:35');
INSERT INTO `Cita` (`id_cita`, `id_estudiante`, `id_psicologo`, `fecha`, `hora_inicio`, `hora_fin`, `estado`, `motivo`, `created_at`) VALUES (83, 11, 10, '2025-11-29 06:00:00', '11:00:00', '12:00:00', 'PENDIENTE', 'Ansiedad y estrés académico', '2026-03-15 08:54:35');
INSERT INTO `Cita` (`id_cita`, `id_estudiante`, `id_psicologo`, `fecha`, `hora_inicio`, `hora_fin`, `estado`, `motivo`, `created_at`) VALUES (84, 11, 10, '2026-01-03 06:00:00', '11:00:00', '12:00:00', 'ASISTIDA', 'Dificultades de concentración', '2026-03-15 08:54:35');
INSERT INTO `Cita` (`id_cita`, `id_estudiante`, `id_psicologo`, `fecha`, `hora_inicio`, `hora_fin`, `estado`, `motivo`, `created_at`) VALUES (85, 11, 5, '2026-03-25 06:00:00', '16:00:00', '17:00:00', 'PENDIENTE', 'Problemas familiares', '2026-03-15 08:54:35');
INSERT INTO `Cita` (`id_cita`, `id_estudiante`, `id_psicologo`, `fecha`, `hora_inicio`, `hora_fin`, `estado`, `motivo`, `created_at`) VALUES (86, 11, 10, '2026-05-13 06:00:00', '15:00:00', '16:00:00', 'PENDIENTE', 'Problemas para dormir', '2026-03-15 08:54:35');
INSERT INTO `Cita` (`id_cita`, `id_estudiante`, `id_psicologo`, `fecha`, `hora_inicio`, `hora_fin`, `estado`, `motivo`, `created_at`) VALUES (87, 11, 3, '2026-04-04 06:00:00', '08:00:00', '09:00:00', 'PENDIENTE', 'Dificultades de concentración', '2026-03-15 08:54:35');
INSERT INTO `Cita` (`id_cita`, `id_estudiante`, `id_psicologo`, `fecha`, `hora_inicio`, `hora_fin`, `estado`, `motivo`, `created_at`) VALUES (88, 12, 10, '2026-01-15 06:00:00', '16:00:00', '17:00:00', 'CANCELADA', 'Manejo de emociones', '2026-03-15 08:54:35');
INSERT INTO `Cita` (`id_cita`, `id_estudiante`, `id_psicologo`, `fecha`, `hora_inicio`, `hora_fin`, `estado`, `motivo`, `created_at`) VALUES (89, 12, 12, '2025-12-23 06:00:00', '17:00:00', '18:00:00', 'ASISTIDA', 'Ansiedad y estrés académico', '2026-03-15 08:54:35');
INSERT INTO `Cita` (`id_cita`, `id_estudiante`, `id_psicologo`, `fecha`, `hora_inicio`, `hora_fin`, `estado`, `motivo`, `created_at`) VALUES (90, 12, 4, '2026-02-19 06:00:00', '08:00:00', '09:00:00', 'ASISTIDA', 'Relaciones interpersonales', '2026-03-15 08:54:35');
INSERT INTO `Cita` (`id_cita`, `id_estudiante`, `id_psicologo`, `fecha`, `hora_inicio`, `hora_fin`, `estado`, `motivo`, `created_at`) VALUES (91, 12, 1, '2025-11-13 06:00:00', '16:00:00', '17:00:00', 'ASISTIDA', 'Problemas familiares', '2026-03-15 08:54:35');
INSERT INTO `Cita` (`id_cita`, `id_estudiante`, `id_psicologo`, `fecha`, `hora_inicio`, `hora_fin`, `estado`, `motivo`, `created_at`) VALUES (92, 12, 8, '2025-12-26 06:00:00', '17:00:00', '18:00:00', 'ASISTIDA', 'Orientación vocacional', '2026-03-15 08:54:35');
INSERT INTO `Cita` (`id_cita`, `id_estudiante`, `id_psicologo`, `fecha`, `hora_inicio`, `hora_fin`, `estado`, `motivo`, `created_at`) VALUES (93, 12, 1, '2026-02-18 06:00:00', '15:00:00', '16:00:00', 'ASISTIDA', 'Autoestima baja', '2026-03-15 08:54:35');
INSERT INTO `Cita` (`id_cita`, `id_estudiante`, `id_psicologo`, `fecha`, `hora_inicio`, `hora_fin`, `estado`, `motivo`, `created_at`) VALUES (94, 12, 8, '2026-03-04 06:00:00', '17:00:00', '18:00:00', 'ASISTIDA', 'Manejo de emociones', '2026-03-15 08:54:35');
INSERT INTO `Cita` (`id_cita`, `id_estudiante`, `id_psicologo`, `fecha`, `hora_inicio`, `hora_fin`, `estado`, `motivo`, `created_at`) VALUES (95, 12, 12, '2026-04-22 06:00:00', '16:00:00', '17:00:00', 'PENDIENTE', 'Problemas familiares', '2026-03-15 08:54:35');
INSERT INTO `Cita` (`id_cita`, `id_estudiante`, `id_psicologo`, `fecha`, `hora_inicio`, `hora_fin`, `estado`, `motivo`, `created_at`) VALUES (96, 12, 1, '2026-04-02 06:00:00', '16:00:00', '17:00:00', 'PENDIENTE', 'Relaciones interpersonales', '2026-03-15 08:54:35');
INSERT INTO `Cita` (`id_cita`, `id_estudiante`, `id_psicologo`, `fecha`, `hora_inicio`, `hora_fin`, `estado`, `motivo`, `created_at`) VALUES (97, 12, 3, '2026-04-22 06:00:00', '15:00:00', '16:00:00', 'PENDIENTE', 'Manejo de emociones', '2026-03-15 08:54:35');
INSERT INTO `Cita` (`id_cita`, `id_estudiante`, `id_psicologo`, `fecha`, `hora_inicio`, `hora_fin`, `estado`, `motivo`, `created_at`) VALUES (98, 13, 12, '2026-01-06 06:00:00', '17:00:00', '18:00:00', 'ASISTIDA', 'Autoestima baja', '2026-03-15 08:54:35');
INSERT INTO `Cita` (`id_cita`, `id_estudiante`, `id_psicologo`, `fecha`, `hora_inicio`, `hora_fin`, `estado`, `motivo`, `created_at`) VALUES (99, 13, 5, '2025-11-22 06:00:00', '11:00:00', '12:00:00', 'CANCELADA', NULL, '2026-03-15 08:54:35');
INSERT INTO `Cita` (`id_cita`, `id_estudiante`, `id_psicologo`, `fecha`, `hora_inicio`, `hora_fin`, `estado`, `motivo`, `created_at`) VALUES (100, 13, 3, '2026-01-16 06:00:00', '09:00:00', '10:00:00', 'ASISTIDA', 'Orientación vocacional', '2026-03-15 08:54:35');
INSERT INTO `Cita` (`id_cita`, `id_estudiante`, `id_psicologo`, `fecha`, `hora_inicio`, `hora_fin`, `estado`, `motivo`, `created_at`) VALUES (101, 13, 1, '2026-05-01 06:00:00', '11:00:00', '12:00:00', 'PENDIENTE', 'Orientación vocacional', '2026-03-15 08:54:35');
INSERT INTO `Cita` (`id_cita`, `id_estudiante`, `id_psicologo`, `fecha`, `hora_inicio`, `hora_fin`, `estado`, `motivo`, `created_at`) VALUES (102, 13, 11, '2026-04-03 06:00:00', '17:00:00', '18:00:00', 'PENDIENTE', 'Adaptación universitaria', '2026-03-15 08:54:35');
INSERT INTO `Cita` (`id_cita`, `id_estudiante`, `id_psicologo`, `fecha`, `hora_inicio`, `hora_fin`, `estado`, `motivo`, `created_at`) VALUES (103, 13, 1, '2026-04-09 06:00:00', '16:00:00', '17:00:00', 'PENDIENTE', 'Ansiedad y estrés académico', '2026-03-15 08:54:35');
INSERT INTO `Cita` (`id_cita`, `id_estudiante`, `id_psicologo`, `fecha`, `hora_inicio`, `hora_fin`, `estado`, `motivo`, `created_at`) VALUES (104, 14, 12, '2026-01-07 06:00:00', '16:00:00', '17:00:00', 'ASISTIDA', 'Duelo o pérdida', '2026-03-15 08:54:35');
INSERT INTO `Cita` (`id_cita`, `id_estudiante`, `id_psicologo`, `fecha`, `hora_inicio`, `hora_fin`, `estado`, `motivo`, `created_at`) VALUES (105, 14, 11, '2026-02-25 06:00:00', '11:00:00', '12:00:00', 'ASISTIDA', 'Problemas familiares', '2026-03-15 08:54:35');
INSERT INTO `Cita` (`id_cita`, `id_estudiante`, `id_psicologo`, `fecha`, `hora_inicio`, `hora_fin`, `estado`, `motivo`, `created_at`) VALUES (106, 14, 2, '2025-11-07 06:00:00', '14:00:00', '15:00:00', 'PENDIENTE', 'Adaptación universitaria', '2026-03-15 08:54:35');
INSERT INTO `Cita` (`id_cita`, `id_estudiante`, `id_psicologo`, `fecha`, `hora_inicio`, `hora_fin`, `estado`, `motivo`, `created_at`) VALUES (107, 14, 7, '2025-11-12 06:00:00', '09:00:00', '10:00:00', 'ASISTIDA', 'Problemas para dormir', '2026-03-15 08:54:35');
INSERT INTO `Cita` (`id_cita`, `id_estudiante`, `id_psicologo`, `fecha`, `hora_inicio`, `hora_fin`, `estado`, `motivo`, `created_at`) VALUES (108, 14, 6, '2025-11-04 06:00:00', '10:00:00', '11:00:00', 'ASISTIDA', 'Problemas familiares', '2026-03-15 08:54:35');
INSERT INTO `Cita` (`id_cita`, `id_estudiante`, `id_psicologo`, `fecha`, `hora_inicio`, `hora_fin`, `estado`, `motivo`, `created_at`) VALUES (109, 14, 4, '2026-01-08 06:00:00', '08:00:00', '09:00:00', 'ASISTIDA', 'Ansiedad y estrés académico', '2026-03-15 08:54:35');
INSERT INTO `Cita` (`id_cita`, `id_estudiante`, `id_psicologo`, `fecha`, `hora_inicio`, `hora_fin`, `estado`, `motivo`, `created_at`) VALUES (110, 14, 3, '2026-04-25 06:00:00', '08:00:00', '09:00:00', 'PENDIENTE', 'Adaptación universitaria', '2026-03-15 08:54:35');
INSERT INTO `Cita` (`id_cita`, `id_estudiante`, `id_psicologo`, `fecha`, `hora_inicio`, `hora_fin`, `estado`, `motivo`, `created_at`) VALUES (111, 14, 10, '2026-04-22 06:00:00', '15:00:00', '16:00:00', 'PENDIENTE', 'Problemas para dormir', '2026-03-15 08:54:35');
INSERT INTO `Cita` (`id_cita`, `id_estudiante`, `id_psicologo`, `fecha`, `hora_inicio`, `hora_fin`, `estado`, `motivo`, `created_at`) VALUES (112, 14, 7, '2026-04-24 06:00:00', '17:00:00', '18:00:00', 'PENDIENTE', 'Adaptación universitaria', '2026-03-15 08:54:35');
INSERT INTO `Cita` (`id_cita`, `id_estudiante`, `id_psicologo`, `fecha`, `hora_inicio`, `hora_fin`, `estado`, `motivo`, `created_at`) VALUES (113, 15, 2, '2025-12-19 06:00:00', '14:00:00', '15:00:00', 'ASISTIDA', 'Orientación vocacional', '2026-03-15 08:54:35');
INSERT INTO `Cita` (`id_cita`, `id_estudiante`, `id_psicologo`, `fecha`, `hora_inicio`, `hora_fin`, `estado`, `motivo`, `created_at`) VALUES (114, 15, 3, '2026-02-07 06:00:00', '08:00:00', '09:00:00', 'ASISTIDA', 'Adaptación universitaria', '2026-03-15 08:54:35');
INSERT INTO `Cita` (`id_cita`, `id_estudiante`, `id_psicologo`, `fecha`, `hora_inicio`, `hora_fin`, `estado`, `motivo`, `created_at`) VALUES (115, 15, 3, '2026-02-14 06:00:00', '08:00:00', '09:00:00', 'CANCELADA', 'Dificultades de concentración', '2026-03-15 08:54:35');
INSERT INTO `Cita` (`id_cita`, `id_estudiante`, `id_psicologo`, `fecha`, `hora_inicio`, `hora_fin`, `estado`, `motivo`, `created_at`) VALUES (116, 15, 1, '2025-11-05 06:00:00', '15:00:00', '16:00:00', 'CANCELADA', 'Ansiedad y estrés académico', '2026-03-15 08:54:35');
INSERT INTO `Cita` (`id_cita`, `id_estudiante`, `id_psicologo`, `fecha`, `hora_inicio`, `hora_fin`, `estado`, `motivo`, `created_at`) VALUES (117, 15, 4, '2025-11-14 06:00:00', '14:00:00', '15:00:00', 'ASISTIDA', 'Adaptación universitaria', '2026-03-15 08:54:35');
INSERT INTO `Cita` (`id_cita`, `id_estudiante`, `id_psicologo`, `fecha`, `hora_inicio`, `hora_fin`, `estado`, `motivo`, `created_at`) VALUES (118, 15, 6, '2026-01-03 06:00:00', '09:00:00', '10:00:00', 'CANCELADA', 'Problemas familiares', '2026-03-15 08:54:35');
INSERT INTO `Cita` (`id_cita`, `id_estudiante`, `id_psicologo`, `fecha`, `hora_inicio`, `hora_fin`, `estado`, `motivo`, `created_at`) VALUES (119, 15, 3, '2026-01-22 06:00:00', '08:00:00', '09:00:00', 'ASISTIDA', 'Duelo o pérdida', '2026-03-15 08:54:35');
INSERT INTO `Cita` (`id_cita`, `id_estudiante`, `id_psicologo`, `fecha`, `hora_inicio`, `hora_fin`, `estado`, `motivo`, `created_at`) VALUES (120, 15, 10, '2026-04-18 06:00:00', '11:00:00', '12:00:00', 'PENDIENTE', 'Orientación vocacional', '2026-03-15 08:54:35');
INSERT INTO `Cita` (`id_cita`, `id_estudiante`, `id_psicologo`, `fecha`, `hora_inicio`, `hora_fin`, `estado`, `motivo`, `created_at`) VALUES (121, 15, 10, '2026-04-16 06:00:00', '16:00:00', '17:00:00', 'PENDIENTE', 'Ansiedad y estrés académico', '2026-03-15 08:54:35');
INSERT INTO `Cita` (`id_cita`, `id_estudiante`, `id_psicologo`, `fecha`, `hora_inicio`, `hora_fin`, `estado`, `motivo`, `created_at`) VALUES (122, 15, 9, '2026-03-31 06:00:00', '14:00:00', '15:00:00', 'PENDIENTE', 'Dificultades de concentración', '2026-03-15 08:54:35');
INSERT INTO `Cita` (`id_cita`, `id_estudiante`, `id_psicologo`, `fecha`, `hora_inicio`, `hora_fin`, `estado`, `motivo`, `created_at`) VALUES (123, 16, 9, '2025-12-24 06:00:00', '14:00:00', '15:00:00', 'PENDIENTE', 'Problemas familiares', '2026-03-15 08:54:35');
INSERT INTO `Cita` (`id_cita`, `id_estudiante`, `id_psicologo`, `fecha`, `hora_inicio`, `hora_fin`, `estado`, `motivo`, `created_at`) VALUES (124, 16, 1, '2026-01-02 06:00:00', '11:00:00', '12:00:00', 'PENDIENTE', 'Ansiedad y estrés académico', '2026-03-15 08:54:35');
INSERT INTO `Cita` (`id_cita`, `id_estudiante`, `id_psicologo`, `fecha`, `hora_inicio`, `hora_fin`, `estado`, `motivo`, `created_at`) VALUES (125, 16, 1, '2025-12-17 06:00:00', '15:00:00', '16:00:00', 'ASISTIDA', 'Problemas para dormir', '2026-03-15 08:54:35');
INSERT INTO `Cita` (`id_cita`, `id_estudiante`, `id_psicologo`, `fecha`, `hora_inicio`, `hora_fin`, `estado`, `motivo`, `created_at`) VALUES (126, 16, 10, '2026-01-10 06:00:00', '11:00:00', '12:00:00', 'PENDIENTE', 'Manejo de emociones', '2026-03-15 08:54:35');
INSERT INTO `Cita` (`id_cita`, `id_estudiante`, `id_psicologo`, `fecha`, `hora_inicio`, `hora_fin`, `estado`, `motivo`, `created_at`) VALUES (127, 16, 12, '2026-04-09 06:00:00', '15:00:00', '16:00:00', 'PENDIENTE', 'Ansiedad y estrés académico', '2026-03-15 08:54:35');
INSERT INTO `Cita` (`id_cita`, `id_estudiante`, `id_psicologo`, `fecha`, `hora_inicio`, `hora_fin`, `estado`, `motivo`, `created_at`) VALUES (128, 16, 11, '2026-04-24 06:00:00', '17:00:00', '18:00:00', 'PENDIENTE', 'Duelo o pérdida', '2026-03-15 08:54:35');
INSERT INTO `Cita` (`id_cita`, `id_estudiante`, `id_psicologo`, `fecha`, `hora_inicio`, `hora_fin`, `estado`, `motivo`, `created_at`) VALUES (129, 16, 2, '2026-04-17 06:00:00', '14:00:00', '15:00:00', 'PENDIENTE', 'Orientación vocacional', '2026-03-15 08:54:35');
INSERT INTO `Cita` (`id_cita`, `id_estudiante`, `id_psicologo`, `fecha`, `hora_inicio`, `hora_fin`, `estado`, `motivo`, `created_at`) VALUES (130, 17, 1, '2026-02-06 06:00:00', '11:00:00', '12:00:00', 'CANCELADA', 'Manejo de emociones', '2026-03-15 08:54:35');
INSERT INTO `Cita` (`id_cita`, `id_estudiante`, `id_psicologo`, `fecha`, `hora_inicio`, `hora_fin`, `estado`, `motivo`, `created_at`) VALUES (131, 17, 7, '2025-12-10 06:00:00', '09:00:00', '10:00:00', 'CANCELADA', 'Dificultades de concentración', '2026-03-15 08:54:35');
INSERT INTO `Cita` (`id_cita`, `id_estudiante`, `id_psicologo`, `fecha`, `hora_inicio`, `hora_fin`, `estado`, `motivo`, `created_at`) VALUES (132, 17, 1, '2026-02-04 06:00:00', '15:00:00', '16:00:00', 'ASISTIDA', 'Ansiedad y estrés académico', '2026-03-15 08:54:35');
INSERT INTO `Cita` (`id_cita`, `id_estudiante`, `id_psicologo`, `fecha`, `hora_inicio`, `hora_fin`, `estado`, `motivo`, `created_at`) VALUES (133, 17, 3, '2026-01-21 06:00:00', '15:00:00', '16:00:00', 'ASISTIDA', 'Problemas familiares', '2026-03-15 08:54:35');
INSERT INTO `Cita` (`id_cita`, `id_estudiante`, `id_psicologo`, `fecha`, `hora_inicio`, `hora_fin`, `estado`, `motivo`, `created_at`) VALUES (134, 17, 3, '2026-01-14 06:00:00', '15:00:00', '16:00:00', 'ASISTIDA', 'Autoestima baja', '2026-03-15 08:54:35');
INSERT INTO `Cita` (`id_cita`, `id_estudiante`, `id_psicologo`, `fecha`, `hora_inicio`, `hora_fin`, `estado`, `motivo`, `created_at`) VALUES (135, 17, 5, '2026-03-06 06:00:00', '09:00:00', '10:00:00', 'ASISTIDA', NULL, '2026-03-15 08:54:35');
INSERT INTO `Cita` (`id_cita`, `id_estudiante`, `id_psicologo`, `fecha`, `hora_inicio`, `hora_fin`, `estado`, `motivo`, `created_at`) VALUES (136, 17, 2, '2026-04-28 06:00:00', '17:00:00', '18:00:00', 'PENDIENTE', 'Dificultades de concentración', '2026-03-15 08:54:35');
INSERT INTO `Cita` (`id_cita`, `id_estudiante`, `id_psicologo`, `fecha`, `hora_inicio`, `hora_fin`, `estado`, `motivo`, `created_at`) VALUES (137, 17, 12, '2026-04-07 06:00:00', '17:00:00', '18:00:00', 'PENDIENTE', 'Ansiedad y estrés académico', '2026-03-15 08:54:35');
INSERT INTO `Cita` (`id_cita`, `id_estudiante`, `id_psicologo`, `fecha`, `hora_inicio`, `hora_fin`, `estado`, `motivo`, `created_at`) VALUES (138, 17, 2, '2026-04-21 06:00:00', '17:00:00', '18:00:00', 'PENDIENTE', 'Autoestima baja', '2026-03-15 08:54:35');
INSERT INTO `Cita` (`id_cita`, `id_estudiante`, `id_psicologo`, `fecha`, `hora_inicio`, `hora_fin`, `estado`, `motivo`, `created_at`) VALUES (139, 18, 11, '2026-02-27 06:00:00', '17:00:00', '18:00:00', 'ASISTIDA', 'Manejo de emociones', '2026-03-15 08:54:35');
INSERT INTO `Cita` (`id_cita`, `id_estudiante`, `id_psicologo`, `fecha`, `hora_inicio`, `hora_fin`, `estado`, `motivo`, `created_at`) VALUES (140, 18, 4, '2025-11-13 06:00:00', '08:00:00', '09:00:00', 'PENDIENTE', 'Manejo de emociones', '2026-03-15 08:54:35');
INSERT INTO `Cita` (`id_cita`, `id_estudiante`, `id_psicologo`, `fecha`, `hora_inicio`, `hora_fin`, `estado`, `motivo`, `created_at`) VALUES (141, 18, 4, '2025-12-16 06:00:00', '10:00:00', '11:00:00', 'ASISTIDA', 'Problemas para dormir', '2026-03-15 08:54:35');
INSERT INTO `Cita` (`id_cita`, `id_estudiante`, `id_psicologo`, `fecha`, `hora_inicio`, `hora_fin`, `estado`, `motivo`, `created_at`) VALUES (142, 18, 9, '2026-02-24 06:00:00', '14:00:00', '15:00:00', 'CANCELADA', 'Autoestima baja', '2026-03-15 08:54:35');
INSERT INTO `Cita` (`id_cita`, `id_estudiante`, `id_psicologo`, `fecha`, `hora_inicio`, `hora_fin`, `estado`, `motivo`, `created_at`) VALUES (143, 18, 7, '2026-03-06 06:00:00', '17:00:00', '18:00:00', 'ASISTIDA', 'Manejo de emociones', '2026-03-15 08:54:35');
INSERT INTO `Cita` (`id_cita`, `id_estudiante`, `id_psicologo`, `fecha`, `hora_inicio`, `hora_fin`, `estado`, `motivo`, `created_at`) VALUES (144, 18, 8, '2025-11-29 06:00:00', '11:00:00', '12:00:00', 'CANCELADA', 'Duelo o pérdida', '2026-03-15 08:54:35');
INSERT INTO `Cita` (`id_cita`, `id_estudiante`, `id_psicologo`, `fecha`, `hora_inicio`, `hora_fin`, `estado`, `motivo`, `created_at`) VALUES (145, 18, 5, '2026-04-04 06:00:00', '11:00:00', '12:00:00', 'PENDIENTE', 'Manejo de emociones', '2026-03-15 08:54:35');
INSERT INTO `Cita` (`id_cita`, `id_estudiante`, `id_psicologo`, `fecha`, `hora_inicio`, `hora_fin`, `estado`, `motivo`, `created_at`) VALUES (146, 18, 4, '2026-05-15 06:00:00', '14:00:00', '15:00:00', 'PENDIENTE', 'Duelo o pérdida', '2026-03-15 08:54:35');
INSERT INTO `Cita` (`id_cita`, `id_estudiante`, `id_psicologo`, `fecha`, `hora_inicio`, `hora_fin`, `estado`, `motivo`, `created_at`) VALUES (147, 18, 6, '2026-04-29 06:00:00', '11:00:00', '12:00:00', 'PENDIENTE', 'Ansiedad y estrés académico', '2026-03-15 08:54:35');
INSERT INTO `Cita` (`id_cita`, `id_estudiante`, `id_psicologo`, `fecha`, `hora_inicio`, `hora_fin`, `estado`, `motivo`, `created_at`) VALUES (148, 19, 12, '2026-02-10 06:00:00', '17:00:00', '18:00:00', 'ASISTIDA', 'Problemas familiares', '2026-03-15 08:54:35');
INSERT INTO `Cita` (`id_cita`, `id_estudiante`, `id_psicologo`, `fecha`, `hora_inicio`, `hora_fin`, `estado`, `motivo`, `created_at`) VALUES (149, 19, 7, '2026-02-18 06:00:00', '09:00:00', '10:00:00', 'ASISTIDA', 'Relaciones interpersonales', '2026-03-15 08:54:35');
INSERT INTO `Cita` (`id_cita`, `id_estudiante`, `id_psicologo`, `fecha`, `hora_inicio`, `hora_fin`, `estado`, `motivo`, `created_at`) VALUES (150, 19, 5, '2026-01-21 06:00:00', '16:00:00', '17:00:00', 'ASISTIDA', 'Duelo o pérdida', '2026-03-15 08:54:35');
INSERT INTO `Cita` (`id_cita`, `id_estudiante`, `id_psicologo`, `fecha`, `hora_inicio`, `hora_fin`, `estado`, `motivo`, `created_at`) VALUES (151, 19, 9, '2026-02-18 06:00:00', '14:00:00', '15:00:00', 'ASISTIDA', NULL, '2026-03-15 08:54:35');
INSERT INTO `Cita` (`id_cita`, `id_estudiante`, `id_psicologo`, `fecha`, `hora_inicio`, `hora_fin`, `estado`, `motivo`, `created_at`) VALUES (152, 19, 2, '2025-12-03 06:00:00', '14:00:00', '15:00:00', 'ASISTIDA', 'Dificultades de concentración', '2026-03-15 08:54:35');
INSERT INTO `Cita` (`id_cita`, `id_estudiante`, `id_psicologo`, `fecha`, `hora_inicio`, `hora_fin`, `estado`, `motivo`, `created_at`) VALUES (153, 19, 4, '2025-12-03 06:00:00', '11:00:00', '12:00:00', 'CANCELADA', 'Orientación vocacional', '2026-03-15 08:54:35');
INSERT INTO `Cita` (`id_cita`, `id_estudiante`, `id_psicologo`, `fecha`, `hora_inicio`, `hora_fin`, `estado`, `motivo`, `created_at`) VALUES (154, 19, 2, '2025-11-11 06:00:00', '17:00:00', '18:00:00', 'PENDIENTE', 'Adaptación universitaria', '2026-03-15 08:54:35');
INSERT INTO `Cita` (`id_cita`, `id_estudiante`, `id_psicologo`, `fecha`, `hora_inicio`, `hora_fin`, `estado`, `motivo`, `created_at`) VALUES (155, 19, 9, '2026-04-02 06:00:00', '10:00:00', '11:00:00', 'PENDIENTE', 'Dificultades de concentración', '2026-03-15 08:54:35');
INSERT INTO `Cita` (`id_cita`, `id_estudiante`, `id_psicologo`, `fecha`, `hora_inicio`, `hora_fin`, `estado`, `motivo`, `created_at`) VALUES (156, 19, 4, '2026-04-14 06:00:00', '10:00:00', '11:00:00', 'PENDIENTE', 'Orientación vocacional', '2026-03-15 08:54:35');
INSERT INTO `Cita` (`id_cita`, `id_estudiante`, `id_psicologo`, `fecha`, `hora_inicio`, `hora_fin`, `estado`, `motivo`, `created_at`) VALUES (157, 19, 7, '2026-05-01 06:00:00', '17:00:00', '18:00:00', 'PENDIENTE', 'Autoestima baja', '2026-03-15 08:54:35');
INSERT INTO `Cita` (`id_cita`, `id_estudiante`, `id_psicologo`, `fecha`, `hora_inicio`, `hora_fin`, `estado`, `motivo`, `created_at`) VALUES (158, 19, 12, '2026-04-02 06:00:00', '15:00:00', '16:00:00', 'PENDIENTE', NULL, '2026-03-15 08:54:35');
INSERT INTO `Cita` (`id_cita`, `id_estudiante`, `id_psicologo`, `fecha`, `hora_inicio`, `hora_fin`, `estado`, `motivo`, `created_at`) VALUES (159, 19, 1, '2026-05-06 06:00:00', '15:00:00', '16:00:00', 'PENDIENTE', 'Duelo o pérdida', '2026-03-15 08:54:35');
INSERT INTO `Cita` (`id_cita`, `id_estudiante`, `id_psicologo`, `fecha`, `hora_inicio`, `hora_fin`, `estado`, `motivo`, `created_at`) VALUES (160, 20, 6, '2025-12-24 06:00:00', '11:00:00', '12:00:00', 'ASISTIDA', 'Manejo de emociones', '2026-03-15 08:54:35');
INSERT INTO `Cita` (`id_cita`, `id_estudiante`, `id_psicologo`, `fecha`, `hora_inicio`, `hora_fin`, `estado`, `motivo`, `created_at`) VALUES (161, 20, 4, '2025-12-09 06:00:00', '10:00:00', '11:00:00', 'CANCELADA', 'Problemas para dormir', '2026-03-15 08:54:35');
INSERT INTO `Cita` (`id_cita`, `id_estudiante`, `id_psicologo`, `fecha`, `hora_inicio`, `hora_fin`, `estado`, `motivo`, `created_at`) VALUES (162, 20, 12, '2025-12-04 06:00:00', '15:00:00', '16:00:00', 'PENDIENTE', 'Relaciones interpersonales', '2026-03-15 08:54:35');
INSERT INTO `Cita` (`id_cita`, `id_estudiante`, `id_psicologo`, `fecha`, `hora_inicio`, `hora_fin`, `estado`, `motivo`, `created_at`) VALUES (163, 20, 3, '2026-01-31 06:00:00', '08:00:00', '09:00:00', 'PENDIENTE', 'Adaptación universitaria', '2026-03-15 08:54:35');
INSERT INTO `Cita` (`id_cita`, `id_estudiante`, `id_psicologo`, `fecha`, `hora_inicio`, `hora_fin`, `estado`, `motivo`, `created_at`) VALUES (164, 20, 12, '2025-12-24 06:00:00', '16:00:00', '17:00:00', 'CANCELADA', 'Dificultades de concentración', '2026-03-15 08:54:35');
INSERT INTO `Cita` (`id_cita`, `id_estudiante`, `id_psicologo`, `fecha`, `hora_inicio`, `hora_fin`, `estado`, `motivo`, `created_at`) VALUES (165, 20, 11, '2025-12-19 06:00:00', '17:00:00', '18:00:00', 'ASISTIDA', 'Orientación vocacional', '2026-03-15 08:54:35');
INSERT INTO `Cita` (`id_cita`, `id_estudiante`, `id_psicologo`, `fecha`, `hora_inicio`, `hora_fin`, `estado`, `motivo`, `created_at`) VALUES (166, 20, 8, '2026-01-30 06:00:00', '17:00:00', '18:00:00', 'ASISTIDA', 'Problemas familiares', '2026-03-15 08:54:35');
INSERT INTO `Cita` (`id_cita`, `id_estudiante`, `id_psicologo`, `fecha`, `hora_inicio`, `hora_fin`, `estado`, `motivo`, `created_at`) VALUES (167, 20, 12, '2026-01-20 06:00:00', '17:00:00', '18:00:00', 'ASISTIDA', 'Dificultades de concentración', '2026-03-15 08:54:35');
INSERT INTO `Cita` (`id_cita`, `id_estudiante`, `id_psicologo`, `fecha`, `hora_inicio`, `hora_fin`, `estado`, `motivo`, `created_at`) VALUES (168, 20, 10, '2026-04-17 06:00:00', '10:00:00', '11:00:00', 'PENDIENTE', NULL, '2026-03-15 08:54:35');
INSERT INTO `Cita` (`id_cita`, `id_estudiante`, `id_psicologo`, `fecha`, `hora_inicio`, `hora_fin`, `estado`, `motivo`, `created_at`) VALUES (169, 20, 6, '2026-05-05 06:00:00', '10:00:00', '11:00:00', 'PENDIENTE', 'Adaptación universitaria', '2026-03-15 08:54:35');
INSERT INTO `Cita` (`id_cita`, `id_estudiante`, `id_psicologo`, `fecha`, `hora_inicio`, `hora_fin`, `estado`, `motivo`, `created_at`) VALUES (170, 20, 7, '2026-03-26 06:00:00', '15:00:00', '16:00:00', 'PENDIENTE', 'Manejo de emociones', '2026-03-15 08:54:35');
INSERT INTO `Cita` (`id_cita`, `id_estudiante`, `id_psicologo`, `fecha`, `hora_inicio`, `hora_fin`, `estado`, `motivo`, `created_at`) VALUES (171, 21, 5, '2026-02-13 06:00:00', '09:00:00', '10:00:00', 'ASISTIDA', NULL, '2026-03-15 08:54:35');
INSERT INTO `Cita` (`id_cita`, `id_estudiante`, `id_psicologo`, `fecha`, `hora_inicio`, `hora_fin`, `estado`, `motivo`, `created_at`) VALUES (172, 21, 12, '2025-11-20 06:00:00', '15:00:00', '16:00:00', 'ASISTIDA', 'Adaptación universitaria', '2026-03-15 08:54:35');
INSERT INTO `Cita` (`id_cita`, `id_estudiante`, `id_psicologo`, `fecha`, `hora_inicio`, `hora_fin`, `estado`, `motivo`, `created_at`) VALUES (173, 21, 7, '2025-11-21 06:00:00', '17:00:00', '18:00:00', 'ASISTIDA', 'Orientación vocacional', '2026-03-15 08:54:35');
INSERT INTO `Cita` (`id_cita`, `id_estudiante`, `id_psicologo`, `fecha`, `hora_inicio`, `hora_fin`, `estado`, `motivo`, `created_at`) VALUES (174, 21, 1, '2026-01-28 06:00:00', '15:00:00', '16:00:00', 'PENDIENTE', 'Relaciones interpersonales', '2026-03-15 08:54:35');
INSERT INTO `Cita` (`id_cita`, `id_estudiante`, `id_psicologo`, `fecha`, `hora_inicio`, `hora_fin`, `estado`, `motivo`, `created_at`) VALUES (175, 21, 6, '2026-02-18 06:00:00', '11:00:00', '12:00:00', 'ASISTIDA', 'Duelo o pérdida', '2026-03-15 08:54:35');
INSERT INTO `Cita` (`id_cita`, `id_estudiante`, `id_psicologo`, `fecha`, `hora_inicio`, `hora_fin`, `estado`, `motivo`, `created_at`) VALUES (176, 21, 3, '2026-03-06 06:00:00', '09:00:00', '10:00:00', 'ASISTIDA', NULL, '2026-03-15 08:54:35');
INSERT INTO `Cita` (`id_cita`, `id_estudiante`, `id_psicologo`, `fecha`, `hora_inicio`, `hora_fin`, `estado`, `motivo`, `created_at`) VALUES (177, 21, 10, '2026-03-28 06:00:00', '11:00:00', '12:00:00', 'PENDIENTE', 'Dificultades de concentración', '2026-03-15 08:54:35');
INSERT INTO `Cita` (`id_cita`, `id_estudiante`, `id_psicologo`, `fecha`, `hora_inicio`, `hora_fin`, `estado`, `motivo`, `created_at`) VALUES (178, 21, 5, '2026-05-09 06:00:00', '11:00:00', '12:00:00', 'PENDIENTE', NULL, '2026-03-15 08:54:35');
INSERT INTO `Cita` (`id_cita`, `id_estudiante`, `id_psicologo`, `fecha`, `hora_inicio`, `hora_fin`, `estado`, `motivo`, `created_at`) VALUES (179, 21, 9, '2026-03-25 06:00:00', '14:00:00', '15:00:00', 'PENDIENTE', 'Ansiedad y estrés académico', '2026-03-15 08:54:35');
INSERT INTO `Cita` (`id_cita`, `id_estudiante`, `id_psicologo`, `fecha`, `hora_inicio`, `hora_fin`, `estado`, `motivo`, `created_at`) VALUES (180, 22, 8, '2026-01-21 06:00:00', '17:00:00', '18:00:00', 'CANCELADA', 'Duelo o pérdida', '2026-03-15 08:54:35');
INSERT INTO `Cita` (`id_cita`, `id_estudiante`, `id_psicologo`, `fecha`, `hora_inicio`, `hora_fin`, `estado`, `motivo`, `created_at`) VALUES (181, 22, 5, '2025-12-19 06:00:00', '09:00:00', '10:00:00', 'ASISTIDA', 'Manejo de emociones', '2026-03-15 08:54:35');
INSERT INTO `Cita` (`id_cita`, `id_estudiante`, `id_psicologo`, `fecha`, `hora_inicio`, `hora_fin`, `estado`, `motivo`, `created_at`) VALUES (182, 22, 6, '2025-11-22 06:00:00', '09:00:00', '10:00:00', 'CANCELADA', 'Relaciones interpersonales', '2026-03-15 08:54:35');
INSERT INTO `Cita` (`id_cita`, `id_estudiante`, `id_psicologo`, `fecha`, `hora_inicio`, `hora_fin`, `estado`, `motivo`, `created_at`) VALUES (183, 22, 10, '2025-11-14 06:00:00', '10:00:00', '11:00:00', 'PENDIENTE', 'Adaptación universitaria', '2026-03-15 08:54:35');
INSERT INTO `Cita` (`id_cita`, `id_estudiante`, `id_psicologo`, `fecha`, `hora_inicio`, `hora_fin`, `estado`, `motivo`, `created_at`) VALUES (184, 22, 11, '2026-02-20 06:00:00', '17:00:00', '18:00:00', 'CANCELADA', 'Problemas familiares', '2026-03-15 08:54:35');
INSERT INTO `Cita` (`id_cita`, `id_estudiante`, `id_psicologo`, `fecha`, `hora_inicio`, `hora_fin`, `estado`, `motivo`, `created_at`) VALUES (185, 22, 10, '2025-12-17 06:00:00', '15:00:00', '16:00:00', 'ASISTIDA', 'Problemas para dormir', '2026-03-15 08:54:35');
INSERT INTO `Cita` (`id_cita`, `id_estudiante`, `id_psicologo`, `fecha`, `hora_inicio`, `hora_fin`, `estado`, `motivo`, `created_at`) VALUES (186, 22, 7, '2026-04-22 06:00:00', '09:00:00', '10:00:00', 'PENDIENTE', 'Autoestima baja', '2026-03-15 08:54:35');
INSERT INTO `Cita` (`id_cita`, `id_estudiante`, `id_psicologo`, `fecha`, `hora_inicio`, `hora_fin`, `estado`, `motivo`, `created_at`) VALUES (187, 22, 12, '2026-04-16 06:00:00', '15:00:00', '16:00:00', 'PENDIENTE', 'Manejo de emociones', '2026-03-15 08:54:35');
INSERT INTO `Cita` (`id_cita`, `id_estudiante`, `id_psicologo`, `fecha`, `hora_inicio`, `hora_fin`, `estado`, `motivo`, `created_at`) VALUES (188, 22, 6, '2026-04-08 06:00:00', '11:00:00', '12:00:00', 'PENDIENTE', 'Problemas familiares', '2026-03-15 08:54:35');
INSERT INTO `Cita` (`id_cita`, `id_estudiante`, `id_psicologo`, `fecha`, `hora_inicio`, `hora_fin`, `estado`, `motivo`, `created_at`) VALUES (189, 22, 4, '2026-05-12 06:00:00', '10:00:00', '11:00:00', 'PENDIENTE', 'Adaptación universitaria', '2026-03-15 08:54:35');
INSERT INTO `Cita` (`id_cita`, `id_estudiante`, `id_psicologo`, `fecha`, `hora_inicio`, `hora_fin`, `estado`, `motivo`, `created_at`) VALUES (190, 22, 5, '2026-04-15 06:00:00', '16:00:00', '17:00:00', 'PENDIENTE', 'Adaptación universitaria', '2026-03-15 08:54:35');
INSERT INTO `Cita` (`id_cita`, `id_estudiante`, `id_psicologo`, `fecha`, `hora_inicio`, `hora_fin`, `estado`, `motivo`, `created_at`) VALUES (191, 23, 3, '2025-11-06 06:00:00', '08:00:00', '09:00:00', 'ASISTIDA', 'Ansiedad y estrés académico', '2026-03-15 08:54:35');
INSERT INTO `Cita` (`id_cita`, `id_estudiante`, `id_psicologo`, `fecha`, `hora_inicio`, `hora_fin`, `estado`, `motivo`, `created_at`) VALUES (192, 23, 10, '2026-02-13 06:00:00', '10:00:00', '11:00:00', 'ASISTIDA', 'Autoestima baja', '2026-03-15 08:54:35');
INSERT INTO `Cita` (`id_cita`, `id_estudiante`, `id_psicologo`, `fecha`, `hora_inicio`, `hora_fin`, `estado`, `motivo`, `created_at`) VALUES (193, 23, 9, '2025-12-03 06:00:00', '14:00:00', '15:00:00', 'ASISTIDA', 'Orientación vocacional', '2026-03-15 08:54:35');
INSERT INTO `Cita` (`id_cita`, `id_estudiante`, `id_psicologo`, `fecha`, `hora_inicio`, `hora_fin`, `estado`, `motivo`, `created_at`) VALUES (194, 23, 9, '2026-01-13 06:00:00', '14:00:00', '15:00:00', 'ASISTIDA', NULL, '2026-03-15 08:54:35');
INSERT INTO `Cita` (`id_cita`, `id_estudiante`, `id_psicologo`, `fecha`, `hora_inicio`, `hora_fin`, `estado`, `motivo`, `created_at`) VALUES (195, 23, 8, '2026-02-24 06:00:00', '17:00:00', '18:00:00', 'ASISTIDA', 'Manejo de emociones', '2026-03-15 08:54:35');
INSERT INTO `Cita` (`id_cita`, `id_estudiante`, `id_psicologo`, `fecha`, `hora_inicio`, `hora_fin`, `estado`, `motivo`, `created_at`) VALUES (196, 23, 9, '2026-04-23 06:00:00', '10:00:00', '11:00:00', 'PENDIENTE', NULL, '2026-03-15 08:54:35');
INSERT INTO `Cita` (`id_cita`, `id_estudiante`, `id_psicologo`, `fecha`, `hora_inicio`, `hora_fin`, `estado`, `motivo`, `created_at`) VALUES (197, 23, 1, '2026-04-24 06:00:00', '11:00:00', '12:00:00', 'PENDIENTE', 'Problemas para dormir', '2026-03-15 08:54:35');
INSERT INTO `Cita` (`id_cita`, `id_estudiante`, `id_psicologo`, `fecha`, `hora_inicio`, `hora_fin`, `estado`, `motivo`, `created_at`) VALUES (198, 23, 11, '2026-05-15 06:00:00', '17:00:00', '18:00:00', 'PENDIENTE', 'Relaciones interpersonales', '2026-03-15 08:54:35');
INSERT INTO `Cita` (`id_cita`, `id_estudiante`, `id_psicologo`, `fecha`, `hora_inicio`, `hora_fin`, `estado`, `motivo`, `created_at`) VALUES (199, 24, 1, '2026-01-30 06:00:00', '11:00:00', '12:00:00', 'ASISTIDA', 'Autoestima baja', '2026-03-15 08:54:35');
INSERT INTO `Cita` (`id_cita`, `id_estudiante`, `id_psicologo`, `fecha`, `hora_inicio`, `hora_fin`, `estado`, `motivo`, `created_at`) VALUES (200, 24, 4, '2025-11-19 06:00:00', '11:00:00', '12:00:00', 'PENDIENTE', 'Problemas para dormir', '2026-03-15 08:54:35');
INSERT INTO `Cita` (`id_cita`, `id_estudiante`, `id_psicologo`, `fecha`, `hora_inicio`, `hora_fin`, `estado`, `motivo`, `created_at`) VALUES (201, 24, 10, '2025-11-13 06:00:00', '16:00:00', '17:00:00', 'ASISTIDA', 'Manejo de emociones', '2026-03-15 08:54:35');
INSERT INTO `Cita` (`id_cita`, `id_estudiante`, `id_psicologo`, `fecha`, `hora_inicio`, `hora_fin`, `estado`, `motivo`, `created_at`) VALUES (202, 24, 7, '2026-02-10 06:00:00', '11:00:00', '12:00:00', 'CANCELADA', 'Autoestima baja', '2026-03-15 08:54:35');
INSERT INTO `Cita` (`id_cita`, `id_estudiante`, `id_psicologo`, `fecha`, `hora_inicio`, `hora_fin`, `estado`, `motivo`, `created_at`) VALUES (203, 24, 2, '2026-02-03 06:00:00', '17:00:00', '18:00:00', 'CANCELADA', 'Orientación vocacional', '2026-03-15 08:54:35');
INSERT INTO `Cita` (`id_cita`, `id_estudiante`, `id_psicologo`, `fecha`, `hora_inicio`, `hora_fin`, `estado`, `motivo`, `created_at`) VALUES (204, 24, 2, '2026-04-01 06:00:00', '14:00:00', '15:00:00', 'PENDIENTE', 'Problemas familiares', '2026-03-15 08:54:35');
INSERT INTO `Cita` (`id_cita`, `id_estudiante`, `id_psicologo`, `fecha`, `hora_inicio`, `hora_fin`, `estado`, `motivo`, `created_at`) VALUES (205, 24, 3, '2026-05-08 06:00:00', '09:00:00', '10:00:00', 'PENDIENTE', 'Manejo de emociones', '2026-03-15 08:54:35');
INSERT INTO `Cita` (`id_cita`, `id_estudiante`, `id_psicologo`, `fecha`, `hora_inicio`, `hora_fin`, `estado`, `motivo`, `created_at`) VALUES (206, 25, 7, '2026-01-28 06:00:00', '09:00:00', '10:00:00', 'ASISTIDA', 'Problemas familiares', '2026-03-15 08:54:35');
INSERT INTO `Cita` (`id_cita`, `id_estudiante`, `id_psicologo`, `fecha`, `hora_inicio`, `hora_fin`, `estado`, `motivo`, `created_at`) VALUES (207, 25, 8, '2025-11-19 06:00:00', '17:00:00', '18:00:00', 'ASISTIDA', 'Autoestima baja', '2026-03-15 08:54:35');
INSERT INTO `Cita` (`id_cita`, `id_estudiante`, `id_psicologo`, `fecha`, `hora_inicio`, `hora_fin`, `estado`, `motivo`, `created_at`) VALUES (208, 25, 8, '2025-11-25 06:00:00', '17:00:00', '18:00:00', 'CANCELADA', 'Relaciones interpersonales', '2026-03-15 08:54:35');
INSERT INTO `Cita` (`id_cita`, `id_estudiante`, `id_psicologo`, `fecha`, `hora_inicio`, `hora_fin`, `estado`, `motivo`, `created_at`) VALUES (209, 25, 1, '2026-03-06 06:00:00', '11:00:00', '12:00:00', 'ASISTIDA', 'Orientación vocacional', '2026-03-15 08:54:35');
INSERT INTO `Cita` (`id_cita`, `id_estudiante`, `id_psicologo`, `fecha`, `hora_inicio`, `hora_fin`, `estado`, `motivo`, `created_at`) VALUES (210, 25, 4, '2026-01-01 06:00:00', '08:00:00', '09:00:00', 'ASISTIDA', 'Manejo de emociones', '2026-03-15 08:54:35');
INSERT INTO `Cita` (`id_cita`, `id_estudiante`, `id_psicologo`, `fecha`, `hora_inicio`, `hora_fin`, `estado`, `motivo`, `created_at`) VALUES (211, 25, 6, '2025-12-17 06:00:00', '11:00:00', '12:00:00', 'CANCELADA', 'Problemas familiares', '2026-03-15 08:54:35');
INSERT INTO `Cita` (`id_cita`, `id_estudiante`, `id_psicologo`, `fecha`, `hora_inicio`, `hora_fin`, `estado`, `motivo`, `created_at`) VALUES (212, 25, 3, '2026-03-04 06:00:00', '15:00:00', '16:00:00', 'ASISTIDA', 'Problemas familiares', '2026-03-15 08:54:35');
INSERT INTO `Cita` (`id_cita`, `id_estudiante`, `id_psicologo`, `fecha`, `hora_inicio`, `hora_fin`, `estado`, `motivo`, `created_at`) VALUES (213, 25, 12, '2025-11-04 06:00:00', '17:00:00', '18:00:00', 'ASISTIDA', 'Duelo o pérdida', '2026-03-15 08:54:35');
INSERT INTO `Cita` (`id_cita`, `id_estudiante`, `id_psicologo`, `fecha`, `hora_inicio`, `hora_fin`, `estado`, `motivo`, `created_at`) VALUES (214, 25, 4, '2025-12-02 06:00:00', '10:00:00', '11:00:00', 'ASISTIDA', 'Ansiedad y estrés académico', '2026-03-15 08:54:35');
INSERT INTO `Cita` (`id_cita`, `id_estudiante`, `id_psicologo`, `fecha`, `hora_inicio`, `hora_fin`, `estado`, `motivo`, `created_at`) VALUES (215, 25, 10, '2026-04-29 06:00:00', '15:00:00', '16:00:00', 'PENDIENTE', 'Duelo o pérdida', '2026-03-15 08:54:35');
INSERT INTO `Cita` (`id_cita`, `id_estudiante`, `id_psicologo`, `fecha`, `hora_inicio`, `hora_fin`, `estado`, `motivo`, `created_at`) VALUES (216, 25, 7, '2026-03-31 06:00:00', '11:00:00', '12:00:00', 'PENDIENTE', 'Problemas para dormir', '2026-03-15 08:54:35');
INSERT INTO `Cita` (`id_cita`, `id_estudiante`, `id_psicologo`, `fecha`, `hora_inicio`, `hora_fin`, `estado`, `motivo`, `created_at`) VALUES (217, 25, 4, '2026-04-16 06:00:00', '08:00:00', '09:00:00', 'PENDIENTE', 'Dificultades de concentración', '2026-03-15 08:54:35');
INSERT INTO `Cita` (`id_cita`, `id_estudiante`, `id_psicologo`, `fecha`, `hora_inicio`, `hora_fin`, `estado`, `motivo`, `created_at`) VALUES (218, 26, 8, '2026-01-10 06:00:00', '11:00:00', '12:00:00', 'ASISTIDA', 'Manejo de emociones', '2026-03-15 08:54:35');
INSERT INTO `Cita` (`id_cita`, `id_estudiante`, `id_psicologo`, `fecha`, `hora_inicio`, `hora_fin`, `estado`, `motivo`, `created_at`) VALUES (219, 26, 8, '2026-02-14 06:00:00', '11:00:00', '12:00:00', 'ASISTIDA', 'Autoestima baja', '2026-03-15 08:54:35');
INSERT INTO `Cita` (`id_cita`, `id_estudiante`, `id_psicologo`, `fecha`, `hora_inicio`, `hora_fin`, `estado`, `motivo`, `created_at`) VALUES (220, 26, 7, '2026-02-13 06:00:00', '17:00:00', '18:00:00', 'ASISTIDA', 'Manejo de emociones', '2026-03-15 08:54:35');
INSERT INTO `Cita` (`id_cita`, `id_estudiante`, `id_psicologo`, `fecha`, `hora_inicio`, `hora_fin`, `estado`, `motivo`, `created_at`) VALUES (221, 26, 10, '2026-01-14 06:00:00', '15:00:00', '16:00:00', 'PENDIENTE', 'Autoestima baja', '2026-03-15 08:54:35');
INSERT INTO `Cita` (`id_cita`, `id_estudiante`, `id_psicologo`, `fecha`, `hora_inicio`, `hora_fin`, `estado`, `motivo`, `created_at`) VALUES (222, 26, 10, '2025-12-24 06:00:00', '15:00:00', '16:00:00', 'PENDIENTE', 'Ansiedad y estrés académico', '2026-03-15 08:54:35');
INSERT INTO `Cita` (`id_cita`, `id_estudiante`, `id_psicologo`, `fecha`, `hora_inicio`, `hora_fin`, `estado`, `motivo`, `created_at`) VALUES (223, 26, 8, '2026-02-11 06:00:00', '17:00:00', '18:00:00', 'ASISTIDA', 'Orientación vocacional', '2026-03-15 08:54:35');
INSERT INTO `Cita` (`id_cita`, `id_estudiante`, `id_psicologo`, `fecha`, `hora_inicio`, `hora_fin`, `estado`, `motivo`, `created_at`) VALUES (224, 26, 6, '2026-02-07 06:00:00', '09:00:00', '10:00:00', 'ASISTIDA', 'Problemas familiares', '2026-03-15 08:54:35');
INSERT INTO `Cita` (`id_cita`, `id_estudiante`, `id_psicologo`, `fecha`, `hora_inicio`, `hora_fin`, `estado`, `motivo`, `created_at`) VALUES (225, 26, 9, '2025-11-11 06:00:00', '14:00:00', '15:00:00', 'ASISTIDA', 'Manejo de emociones', '2026-03-15 08:54:35');
INSERT INTO `Cita` (`id_cita`, `id_estudiante`, `id_psicologo`, `fecha`, `hora_inicio`, `hora_fin`, `estado`, `motivo`, `created_at`) VALUES (226, 26, 10, '2026-01-07 06:00:00', '15:00:00', '16:00:00', 'ASISTIDA', 'Duelo o pérdida', '2026-03-15 08:54:35');
INSERT INTO `Cita` (`id_cita`, `id_estudiante`, `id_psicologo`, `fecha`, `hora_inicio`, `hora_fin`, `estado`, `motivo`, `created_at`) VALUES (227, 26, 12, '2026-04-01 06:00:00', '16:00:00', '17:00:00', 'PENDIENTE', 'Orientación vocacional', '2026-03-15 08:54:35');
INSERT INTO `Cita` (`id_cita`, `id_estudiante`, `id_psicologo`, `fecha`, `hora_inicio`, `hora_fin`, `estado`, `motivo`, `created_at`) VALUES (228, 26, 8, '2026-04-18 06:00:00', '11:00:00', '12:00:00', 'PENDIENTE', 'Problemas para dormir', '2026-03-15 08:54:35');
INSERT INTO `Cita` (`id_cita`, `id_estudiante`, `id_psicologo`, `fecha`, `hora_inicio`, `hora_fin`, `estado`, `motivo`, `created_at`) VALUES (229, 26, 10, '2026-04-11 06:00:00', '11:00:00', '12:00:00', 'PENDIENTE', NULL, '2026-03-15 08:54:35');
INSERT INTO `Cita` (`id_cita`, `id_estudiante`, `id_psicologo`, `fecha`, `hora_inicio`, `hora_fin`, `estado`, `motivo`, `created_at`) VALUES (230, 26, 12, '2026-03-25 06:00:00', '16:00:00', '17:00:00', 'PENDIENTE', 'Relaciones interpersonales', '2026-03-15 08:54:35');
INSERT INTO `Cita` (`id_cita`, `id_estudiante`, `id_psicologo`, `fecha`, `hora_inicio`, `hora_fin`, `estado`, `motivo`, `created_at`) VALUES (231, 26, 12, '2026-04-30 06:00:00', '15:00:00', '16:00:00', 'PENDIENTE', 'Orientación vocacional', '2026-03-15 08:54:35');
INSERT INTO `Cita` (`id_cita`, `id_estudiante`, `id_psicologo`, `fecha`, `hora_inicio`, `hora_fin`, `estado`, `motivo`, `created_at`) VALUES (232, 27, 6, '2026-02-21 06:00:00', '09:00:00', '10:00:00', 'ASISTIDA', 'Relaciones interpersonales', '2026-03-15 08:54:35');
INSERT INTO `Cita` (`id_cita`, `id_estudiante`, `id_psicologo`, `fecha`, `hora_inicio`, `hora_fin`, `estado`, `motivo`, `created_at`) VALUES (233, 27, 1, '2025-11-19 06:00:00', '15:00:00', '16:00:00', 'CANCELADA', 'Duelo o pérdida', '2026-03-15 08:54:35');
INSERT INTO `Cita` (`id_cita`, `id_estudiante`, `id_psicologo`, `fecha`, `hora_inicio`, `hora_fin`, `estado`, `motivo`, `created_at`) VALUES (234, 27, 2, '2026-01-27 06:00:00', '17:00:00', '18:00:00', 'ASISTIDA', 'Problemas para dormir', '2026-03-15 08:54:35');
INSERT INTO `Cita` (`id_cita`, `id_estudiante`, `id_psicologo`, `fecha`, `hora_inicio`, `hora_fin`, `estado`, `motivo`, `created_at`) VALUES (235, 27, 7, '2026-02-11 06:00:00', '09:00:00', '10:00:00', 'ASISTIDA', 'Relaciones interpersonales', '2026-03-15 08:54:35');
INSERT INTO `Cita` (`id_cita`, `id_estudiante`, `id_psicologo`, `fecha`, `hora_inicio`, `hora_fin`, `estado`, `motivo`, `created_at`) VALUES (236, 27, 7, '2026-02-04 06:00:00', '09:00:00', '10:00:00', 'CANCELADA', 'Dificultades de concentración', '2026-03-15 08:54:35');
INSERT INTO `Cita` (`id_cita`, `id_estudiante`, `id_psicologo`, `fecha`, `hora_inicio`, `hora_fin`, `estado`, `motivo`, `created_at`) VALUES (237, 27, 10, '2026-02-20 06:00:00', '10:00:00', '11:00:00', 'ASISTIDA', 'Problemas familiares', '2026-03-15 08:54:35');
INSERT INTO `Cita` (`id_cita`, `id_estudiante`, `id_psicologo`, `fecha`, `hora_inicio`, `hora_fin`, `estado`, `motivo`, `created_at`) VALUES (238, 27, 7, '2026-01-13 06:00:00', '11:00:00', '12:00:00', 'PENDIENTE', NULL, '2026-03-15 08:54:35');
INSERT INTO `Cita` (`id_cita`, `id_estudiante`, `id_psicologo`, `fecha`, `hora_inicio`, `hora_fin`, `estado`, `motivo`, `created_at`) VALUES (239, 27, 4, '2026-04-23 06:00:00', '08:00:00', '09:00:00', 'PENDIENTE', NULL, '2026-03-15 08:54:35');
INSERT INTO `Cita` (`id_cita`, `id_estudiante`, `id_psicologo`, `fecha`, `hora_inicio`, `hora_fin`, `estado`, `motivo`, `created_at`) VALUES (240, 27, 3, '2026-04-10 06:00:00', '09:00:00', '10:00:00', 'PENDIENTE', 'Problemas para dormir', '2026-03-15 08:54:35');
INSERT INTO `Cita` (`id_cita`, `id_estudiante`, `id_psicologo`, `fecha`, `hora_inicio`, `hora_fin`, `estado`, `motivo`, `created_at`) VALUES (241, 27, 8, '2026-04-28 06:00:00', '17:00:00', '18:00:00', 'PENDIENTE', 'Ansiedad y estrés académico', '2026-03-15 08:54:35');
INSERT INTO `Cita` (`id_cita`, `id_estudiante`, `id_psicologo`, `fecha`, `hora_inicio`, `hora_fin`, `estado`, `motivo`, `created_at`) VALUES (242, 27, 4, '2026-04-02 06:00:00', '08:00:00', '09:00:00', 'PENDIENTE', 'Autoestima baja', '2026-03-15 08:54:35');
INSERT INTO `Cita` (`id_cita`, `id_estudiante`, `id_psicologo`, `fecha`, `hora_inicio`, `hora_fin`, `estado`, `motivo`, `created_at`) VALUES (243, 28, 2, '2025-12-02 06:00:00', '17:00:00', '18:00:00', 'CANCELADA', 'Dificultades de concentración', '2026-03-15 08:54:35');
INSERT INTO `Cita` (`id_cita`, `id_estudiante`, `id_psicologo`, `fecha`, `hora_inicio`, `hora_fin`, `estado`, `motivo`, `created_at`) VALUES (244, 28, 8, '2026-01-20 06:00:00', '17:00:00', '18:00:00', 'ASISTIDA', 'Ansiedad y estrés académico', '2026-03-15 08:54:35');
INSERT INTO `Cita` (`id_cita`, `id_estudiante`, `id_psicologo`, `fecha`, `hora_inicio`, `hora_fin`, `estado`, `motivo`, `created_at`) VALUES (245, 28, 11, '2026-01-17 06:00:00', '10:00:00', '11:00:00', 'ASISTIDA', 'Manejo de emociones', '2026-03-15 08:54:35');
INSERT INTO `Cita` (`id_cita`, `id_estudiante`, `id_psicologo`, `fecha`, `hora_inicio`, `hora_fin`, `estado`, `motivo`, `created_at`) VALUES (246, 28, 10, '2025-11-28 06:00:00', '10:00:00', '11:00:00', 'ASISTIDA', 'Adaptación universitaria', '2026-03-15 08:54:35');
INSERT INTO `Cita` (`id_cita`, `id_estudiante`, `id_psicologo`, `fecha`, `hora_inicio`, `hora_fin`, `estado`, `motivo`, `created_at`) VALUES (247, 28, 1, '2025-11-07 06:00:00', '11:00:00', '12:00:00', 'ASISTIDA', 'Manejo de emociones', '2026-03-15 08:54:35');
INSERT INTO `Cita` (`id_cita`, `id_estudiante`, `id_psicologo`, `fecha`, `hora_inicio`, `hora_fin`, `estado`, `motivo`, `created_at`) VALUES (248, 28, 12, '2025-12-31 06:00:00', '16:00:00', '17:00:00', 'PENDIENTE', 'Ansiedad y estrés académico', '2026-03-15 08:54:35');
INSERT INTO `Cita` (`id_cita`, `id_estudiante`, `id_psicologo`, `fecha`, `hora_inicio`, `hora_fin`, `estado`, `motivo`, `created_at`) VALUES (249, 28, 7, '2026-01-14 06:00:00', '09:00:00', '10:00:00', 'ASISTIDA', 'Relaciones interpersonales', '2026-03-15 08:54:35');
INSERT INTO `Cita` (`id_cita`, `id_estudiante`, `id_psicologo`, `fecha`, `hora_inicio`, `hora_fin`, `estado`, `motivo`, `created_at`) VALUES (250, 28, 2, '2026-04-24 06:00:00', '14:00:00', '15:00:00', 'PENDIENTE', NULL, '2026-03-15 08:54:35');
INSERT INTO `Cita` (`id_cita`, `id_estudiante`, `id_psicologo`, `fecha`, `hora_inicio`, `hora_fin`, `estado`, `motivo`, `created_at`) VALUES (251, 28, 6, '2026-04-14 06:00:00', '10:00:00', '11:00:00', 'PENDIENTE', 'Relaciones interpersonales', '2026-03-15 08:54:35');
INSERT INTO `Cita` (`id_cita`, `id_estudiante`, `id_psicologo`, `fecha`, `hora_inicio`, `hora_fin`, `estado`, `motivo`, `created_at`) VALUES (252, 29, 5, '2026-02-07 06:00:00', '11:00:00', '12:00:00', 'CANCELADA', 'Manejo de emociones', '2026-03-15 08:54:35');
INSERT INTO `Cita` (`id_cita`, `id_estudiante`, `id_psicologo`, `fecha`, `hora_inicio`, `hora_fin`, `estado`, `motivo`, `created_at`) VALUES (253, 29, 4, '2025-12-19 06:00:00', '14:00:00', '15:00:00', 'ASISTIDA', 'Ansiedad y estrés académico', '2026-03-15 08:54:35');
INSERT INTO `Cita` (`id_cita`, `id_estudiante`, `id_psicologo`, `fecha`, `hora_inicio`, `hora_fin`, `estado`, `motivo`, `created_at`) VALUES (254, 29, 8, '2025-12-03 06:00:00', '17:00:00', '18:00:00', 'CANCELADA', 'Duelo o pérdida', '2026-03-15 08:54:35');
INSERT INTO `Cita` (`id_cita`, `id_estudiante`, `id_psicologo`, `fecha`, `hora_inicio`, `hora_fin`, `estado`, `motivo`, `created_at`) VALUES (255, 29, 8, '2026-01-02 06:00:00', '17:00:00', '18:00:00', 'CANCELADA', 'Manejo de emociones', '2026-03-15 08:54:35');
INSERT INTO `Cita` (`id_cita`, `id_estudiante`, `id_psicologo`, `fecha`, `hora_inicio`, `hora_fin`, `estado`, `motivo`, `created_at`) VALUES (256, 29, 10, '2025-12-19 06:00:00', '10:00:00', '11:00:00', 'ASISTIDA', NULL, '2026-03-15 08:54:35');
INSERT INTO `Cita` (`id_cita`, `id_estudiante`, `id_psicologo`, `fecha`, `hora_inicio`, `hora_fin`, `estado`, `motivo`, `created_at`) VALUES (257, 29, 2, '2026-01-14 06:00:00', '14:00:00', '15:00:00', 'ASISTIDA', 'Autoestima baja', '2026-03-15 08:54:35');
INSERT INTO `Cita` (`id_cita`, `id_estudiante`, `id_psicologo`, `fecha`, `hora_inicio`, `hora_fin`, `estado`, `motivo`, `created_at`) VALUES (258, 29, 1, '2025-11-14 06:00:00', '11:00:00', '12:00:00', 'PENDIENTE', 'Ansiedad y estrés académico', '2026-03-15 08:54:35');
INSERT INTO `Cita` (`id_cita`, `id_estudiante`, `id_psicologo`, `fecha`, `hora_inicio`, `hora_fin`, `estado`, `motivo`, `created_at`) VALUES (259, 29, 8, '2026-03-24 06:00:00', '17:00:00', '18:00:00', 'PENDIENTE', 'Orientación vocacional', '2026-03-15 08:54:35');
INSERT INTO `Cita` (`id_cita`, `id_estudiante`, `id_psicologo`, `fecha`, `hora_inicio`, `hora_fin`, `estado`, `motivo`, `created_at`) VALUES (260, 29, 8, '2026-05-12 06:00:00', '17:00:00', '18:00:00', 'PENDIENTE', 'Problemas para dormir', '2026-03-15 08:54:35');
INSERT INTO `Cita` (`id_cita`, `id_estudiante`, `id_psicologo`, `fecha`, `hora_inicio`, `hora_fin`, `estado`, `motivo`, `created_at`) VALUES (261, 29, 10, '2026-05-06 06:00:00', '15:00:00', '16:00:00', 'PENDIENTE', 'Dificultades de concentración', '2026-03-15 08:54:35');
INSERT INTO `Cita` (`id_cita`, `id_estudiante`, `id_psicologo`, `fecha`, `hora_inicio`, `hora_fin`, `estado`, `motivo`, `created_at`) VALUES (262, 30, 7, '2026-03-05 06:00:00', '15:00:00', '16:00:00', 'ASISTIDA', 'Relaciones interpersonales', '2026-03-15 08:54:35');
INSERT INTO `Cita` (`id_cita`, `id_estudiante`, `id_psicologo`, `fecha`, `hora_inicio`, `hora_fin`, `estado`, `motivo`, `created_at`) VALUES (263, 30, 7, '2026-02-27 06:00:00', '17:00:00', '18:00:00', 'ASISTIDA', 'Dificultades de concentración', '2026-03-15 08:54:35');
INSERT INTO `Cita` (`id_cita`, `id_estudiante`, `id_psicologo`, `fecha`, `hora_inicio`, `hora_fin`, `estado`, `motivo`, `created_at`) VALUES (264, 30, 12, '2025-11-26 06:00:00', '16:00:00', '17:00:00', 'ASISTIDA', 'Ansiedad y estrés académico', '2026-03-15 08:54:35');
INSERT INTO `Cita` (`id_cita`, `id_estudiante`, `id_psicologo`, `fecha`, `hora_inicio`, `hora_fin`, `estado`, `motivo`, `created_at`) VALUES (265, 30, 9, '2026-04-08 06:00:00', '14:00:00', '15:00:00', 'PENDIENTE', 'Problemas familiares', '2026-03-15 08:54:35');
INSERT INTO `Cita` (`id_cita`, `id_estudiante`, `id_psicologo`, `fecha`, `hora_inicio`, `hora_fin`, `estado`, `motivo`, `created_at`) VALUES (266, 30, 4, '2026-05-01 06:00:00', '14:00:00', '15:00:00', 'PENDIENTE', 'Manejo de emociones', '2026-03-15 08:54:35');
INSERT INTO `Cita` (`id_cita`, `id_estudiante`, `id_psicologo`, `fecha`, `hora_inicio`, `hora_fin`, `estado`, `motivo`, `created_at`) VALUES (267, 31, 9, '2025-12-11 06:00:00', '10:00:00', '11:00:00', 'PENDIENTE', 'Problemas familiares', '2026-03-15 08:54:35');
INSERT INTO `Cita` (`id_cita`, `id_estudiante`, `id_psicologo`, `fecha`, `hora_inicio`, `hora_fin`, `estado`, `motivo`, `created_at`) VALUES (268, 31, 3, '2026-01-30 06:00:00', '09:00:00', '10:00:00', 'PENDIENTE', 'Orientación vocacional', '2026-03-15 08:54:35');
INSERT INTO `Cita` (`id_cita`, `id_estudiante`, `id_psicologo`, `fecha`, `hora_inicio`, `hora_fin`, `estado`, `motivo`, `created_at`) VALUES (269, 31, 8, '2026-01-24 06:00:00', '11:00:00', '12:00:00', 'PENDIENTE', 'Orientación vocacional', '2026-03-15 08:54:35');
INSERT INTO `Cita` (`id_cita`, `id_estudiante`, `id_psicologo`, `fecha`, `hora_inicio`, `hora_fin`, `estado`, `motivo`, `created_at`) VALUES (270, 31, 11, '2026-02-21 06:00:00', '10:00:00', '11:00:00', 'ASISTIDA', 'Ansiedad y estrés académico', '2026-03-15 08:54:35');
INSERT INTO `Cita` (`id_cita`, `id_estudiante`, `id_psicologo`, `fecha`, `hora_inicio`, `hora_fin`, `estado`, `motivo`, `created_at`) VALUES (271, 31, 4, '2025-12-12 06:00:00', '14:00:00', '15:00:00', 'PENDIENTE', 'Manejo de emociones', '2026-03-15 08:54:35');
INSERT INTO `Cita` (`id_cita`, `id_estudiante`, `id_psicologo`, `fecha`, `hora_inicio`, `hora_fin`, `estado`, `motivo`, `created_at`) VALUES (272, 31, 5, '2026-04-08 06:00:00', '16:00:00', '17:00:00', 'PENDIENTE', 'Orientación vocacional', '2026-03-15 08:54:35');
INSERT INTO `Cita` (`id_cita`, `id_estudiante`, `id_psicologo`, `fecha`, `hora_inicio`, `hora_fin`, `estado`, `motivo`, `created_at`) VALUES (273, 31, 12, '2026-03-24 06:00:00', '17:00:00', '18:00:00', 'PENDIENTE', 'Adaptación universitaria', '2026-03-15 08:54:35');
INSERT INTO `Cita` (`id_cita`, `id_estudiante`, `id_psicologo`, `fecha`, `hora_inicio`, `hora_fin`, `estado`, `motivo`, `created_at`) VALUES (274, 31, 4, '2026-05-13 06:00:00', '11:00:00', '12:00:00', 'PENDIENTE', 'Orientación vocacional', '2026-03-15 08:54:35');
INSERT INTO `Cita` (`id_cita`, `id_estudiante`, `id_psicologo`, `fecha`, `hora_inicio`, `hora_fin`, `estado`, `motivo`, `created_at`) VALUES (275, 32, 11, '2026-01-03 06:00:00', '10:00:00', '11:00:00', 'CANCELADA', 'Dificultades de concentración', '2026-03-15 08:54:35');
INSERT INTO `Cita` (`id_cita`, `id_estudiante`, `id_psicologo`, `fecha`, `hora_inicio`, `hora_fin`, `estado`, `motivo`, `created_at`) VALUES (276, 32, 11, '2026-01-14 06:00:00', '11:00:00', '12:00:00', 'ASISTIDA', 'Autoestima baja', '2026-03-15 08:54:35');
INSERT INTO `Cita` (`id_cita`, `id_estudiante`, `id_psicologo`, `fecha`, `hora_inicio`, `hora_fin`, `estado`, `motivo`, `created_at`) VALUES (277, 32, 1, '2026-05-08 06:00:00', '11:00:00', '12:00:00', 'PENDIENTE', 'Ansiedad y estrés académico', '2026-03-15 08:54:35');
INSERT INTO `Cita` (`id_cita`, `id_estudiante`, `id_psicologo`, `fecha`, `hora_inicio`, `hora_fin`, `estado`, `motivo`, `created_at`) VALUES (278, 32, 10, '2026-04-25 06:00:00', '11:00:00', '12:00:00', 'PENDIENTE', 'Dificultades de concentración', '2026-03-15 08:54:35');
INSERT INTO `Cita` (`id_cita`, `id_estudiante`, `id_psicologo`, `fecha`, `hora_inicio`, `hora_fin`, `estado`, `motivo`, `created_at`) VALUES (279, 33, 5, '2025-11-08 06:00:00', '11:00:00', '12:00:00', 'CANCELADA', 'Duelo o pérdida', '2026-03-15 08:54:35');
INSERT INTO `Cita` (`id_cita`, `id_estudiante`, `id_psicologo`, `fecha`, `hora_inicio`, `hora_fin`, `estado`, `motivo`, `created_at`) VALUES (280, 33, 5, '2026-01-03 06:00:00', '11:00:00', '12:00:00', 'CANCELADA', 'Duelo o pérdida', '2026-03-15 08:54:35');
INSERT INTO `Cita` (`id_cita`, `id_estudiante`, `id_psicologo`, `fecha`, `hora_inicio`, `hora_fin`, `estado`, `motivo`, `created_at`) VALUES (281, 33, 2, '2025-12-05 06:00:00', '14:00:00', '15:00:00', 'CANCELADA', 'Problemas para dormir', '2026-03-15 08:54:35');
INSERT INTO `Cita` (`id_cita`, `id_estudiante`, `id_psicologo`, `fecha`, `hora_inicio`, `hora_fin`, `estado`, `motivo`, `created_at`) VALUES (282, 33, 2, '2026-01-28 06:00:00', '14:00:00', '15:00:00', 'CANCELADA', 'Problemas para dormir', '2026-03-15 08:54:35');
INSERT INTO `Cita` (`id_cita`, `id_estudiante`, `id_psicologo`, `fecha`, `hora_inicio`, `hora_fin`, `estado`, `motivo`, `created_at`) VALUES (283, 33, 3, '2026-02-25 06:00:00', '15:00:00', '16:00:00', 'CANCELADA', 'Manejo de emociones', '2026-03-15 08:54:35');
INSERT INTO `Cita` (`id_cita`, `id_estudiante`, `id_psicologo`, `fecha`, `hora_inicio`, `hora_fin`, `estado`, `motivo`, `created_at`) VALUES (284, 33, 7, '2025-11-14 06:00:00', '17:00:00', '18:00:00', 'ASISTIDA', 'Duelo o pérdida', '2026-03-15 08:54:35');
INSERT INTO `Cita` (`id_cita`, `id_estudiante`, `id_psicologo`, `fecha`, `hora_inicio`, `hora_fin`, `estado`, `motivo`, `created_at`) VALUES (285, 33, 6, '2026-04-18 06:00:00', '09:00:00', '10:00:00', 'PENDIENTE', 'Dificultades de concentración', '2026-03-15 08:54:35');
INSERT INTO `Cita` (`id_cita`, `id_estudiante`, `id_psicologo`, `fecha`, `hora_inicio`, `hora_fin`, `estado`, `motivo`, `created_at`) VALUES (286, 33, 10, '2026-04-01 06:00:00', '15:00:00', '16:00:00', 'PENDIENTE', 'Ansiedad y estrés académico', '2026-03-15 08:54:35');
INSERT INTO `Cita` (`id_cita`, `id_estudiante`, `id_psicologo`, `fecha`, `hora_inicio`, `hora_fin`, `estado`, `motivo`, `created_at`) VALUES (287, 34, 12, '2026-02-24 06:00:00', '17:00:00', '18:00:00', 'ASISTIDA', 'Orientación vocacional', '2026-03-15 08:54:35');
INSERT INTO `Cita` (`id_cita`, `id_estudiante`, `id_psicologo`, `fecha`, `hora_inicio`, `hora_fin`, `estado`, `motivo`, `created_at`) VALUES (288, 34, 11, '2025-12-05 06:00:00', '17:00:00', '18:00:00', 'ASISTIDA', 'Autoestima baja', '2026-03-15 08:54:35');
INSERT INTO `Cita` (`id_cita`, `id_estudiante`, `id_psicologo`, `fecha`, `hora_inicio`, `hora_fin`, `estado`, `motivo`, `created_at`) VALUES (289, 34, 12, '2026-03-04 06:00:00', '16:00:00', '17:00:00', 'ASISTIDA', 'Duelo o pérdida', '2026-03-15 08:54:35');
INSERT INTO `Cita` (`id_cita`, `id_estudiante`, `id_psicologo`, `fecha`, `hora_inicio`, `hora_fin`, `estado`, `motivo`, `created_at`) VALUES (290, 34, 2, '2026-01-21 06:00:00', '14:00:00', '15:00:00', 'CANCELADA', 'Autoestima baja', '2026-03-15 08:54:35');
INSERT INTO `Cita` (`id_cita`, `id_estudiante`, `id_psicologo`, `fecha`, `hora_inicio`, `hora_fin`, `estado`, `motivo`, `created_at`) VALUES (291, 34, 9, '2026-03-26 06:00:00', '10:00:00', '11:00:00', 'PENDIENTE', 'Duelo o pérdida', '2026-03-15 08:54:35');
INSERT INTO `Cita` (`id_cita`, `id_estudiante`, `id_psicologo`, `fecha`, `hora_inicio`, `hora_fin`, `estado`, `motivo`, `created_at`) VALUES (292, 34, 1, '2026-04-15 06:00:00', '15:00:00', '16:00:00', 'PENDIENTE', 'Dificultades de concentración', '2026-03-15 08:54:35');
INSERT INTO `Cita` (`id_cita`, `id_estudiante`, `id_psicologo`, `fecha`, `hora_inicio`, `hora_fin`, `estado`, `motivo`, `created_at`) VALUES (293, 34, 4, '2026-04-10 06:00:00', '14:00:00', '15:00:00', 'PENDIENTE', 'Ansiedad y estrés académico', '2026-03-15 08:54:35');
INSERT INTO `Cita` (`id_cita`, `id_estudiante`, `id_psicologo`, `fecha`, `hora_inicio`, `hora_fin`, `estado`, `motivo`, `created_at`) VALUES (294, 34, 5, '2026-04-25 06:00:00', '11:00:00', '12:00:00', 'PENDIENTE', 'Adaptación universitaria', '2026-03-15 08:54:35');
INSERT INTO `Cita` (`id_cita`, `id_estudiante`, `id_psicologo`, `fecha`, `hora_inicio`, `hora_fin`, `estado`, `motivo`, `created_at`) VALUES (295, 35, 5, '2026-01-07 06:00:00', '16:00:00', '17:00:00', 'CANCELADA', 'Duelo o pérdida', '2026-03-15 08:54:35');
INSERT INTO `Cita` (`id_cita`, `id_estudiante`, `id_psicologo`, `fecha`, `hora_inicio`, `hora_fin`, `estado`, `motivo`, `created_at`) VALUES (296, 35, 7, '2025-11-28 06:00:00', '17:00:00', '18:00:00', 'ASISTIDA', 'Manejo de emociones', '2026-03-15 08:54:35');
INSERT INTO `Cita` (`id_cita`, `id_estudiante`, `id_psicologo`, `fecha`, `hora_inicio`, `hora_fin`, `estado`, `motivo`, `created_at`) VALUES (297, 35, 12, '2025-11-27 06:00:00', '15:00:00', '16:00:00', 'ASISTIDA', 'Manejo de emociones', '2026-03-15 08:54:35');
INSERT INTO `Cita` (`id_cita`, `id_estudiante`, `id_psicologo`, `fecha`, `hora_inicio`, `hora_fin`, `estado`, `motivo`, `created_at`) VALUES (298, 35, 11, '2026-02-06 06:00:00', '17:00:00', '18:00:00', 'ASISTIDA', 'Problemas familiares', '2026-03-15 08:54:35');
INSERT INTO `Cita` (`id_cita`, `id_estudiante`, `id_psicologo`, `fecha`, `hora_inicio`, `hora_fin`, `estado`, `motivo`, `created_at`) VALUES (299, 35, 10, '2025-11-07 06:00:00', '10:00:00', '11:00:00', 'CANCELADA', 'Orientación vocacional', '2026-03-15 08:54:35');
INSERT INTO `Cita` (`id_cita`, `id_estudiante`, `id_psicologo`, `fecha`, `hora_inicio`, `hora_fin`, `estado`, `motivo`, `created_at`) VALUES (300, 35, 9, '2025-12-09 06:00:00', '14:00:00', '15:00:00', 'ASISTIDA', 'Ansiedad y estrés académico', '2026-03-15 08:54:35');
INSERT INTO `Cita` (`id_cita`, `id_estudiante`, `id_psicologo`, `fecha`, `hora_inicio`, `hora_fin`, `estado`, `motivo`, `created_at`) VALUES (301, 35, 4, '2026-01-07 06:00:00', '11:00:00', '12:00:00', 'ASISTIDA', 'Relaciones interpersonales', '2026-03-15 08:54:35');
INSERT INTO `Cita` (`id_cita`, `id_estudiante`, `id_psicologo`, `fecha`, `hora_inicio`, `hora_fin`, `estado`, `motivo`, `created_at`) VALUES (302, 35, 9, '2026-05-12 06:00:00', '14:00:00', '15:00:00', 'PENDIENTE', 'Orientación vocacional', '2026-03-15 08:54:35');
INSERT INTO `Cita` (`id_cita`, `id_estudiante`, `id_psicologo`, `fecha`, `hora_inicio`, `hora_fin`, `estado`, `motivo`, `created_at`) VALUES (303, 35, 4, '2026-05-05 06:00:00', '10:00:00', '11:00:00', 'PENDIENTE', 'Relaciones interpersonales', '2026-03-15 08:54:35');
INSERT INTO `Cita` (`id_cita`, `id_estudiante`, `id_psicologo`, `fecha`, `hora_inicio`, `hora_fin`, `estado`, `motivo`, `created_at`) VALUES (304, 35, 12, '2026-04-28 06:00:00', '17:00:00', '18:00:00', 'PENDIENTE', 'Duelo o pérdida', '2026-03-15 08:54:35');
INSERT INTO `Cita` (`id_cita`, `id_estudiante`, `id_psicologo`, `fecha`, `hora_inicio`, `hora_fin`, `estado`, `motivo`, `created_at`) VALUES (305, 36, 8, '2025-11-18 06:00:00', '17:00:00', '18:00:00', 'ASISTIDA', 'Ansiedad y estrés académico', '2026-03-15 08:54:35');
INSERT INTO `Cita` (`id_cita`, `id_estudiante`, `id_psicologo`, `fecha`, `hora_inicio`, `hora_fin`, `estado`, `motivo`, `created_at`) VALUES (306, 36, 1, '2026-01-01 06:00:00', '16:00:00', '17:00:00', 'CANCELADA', 'Problemas para dormir', '2026-03-15 08:54:35');
INSERT INTO `Cita` (`id_cita`, `id_estudiante`, `id_psicologo`, `fecha`, `hora_inicio`, `hora_fin`, `estado`, `motivo`, `created_at`) VALUES (307, 36, 7, '2026-03-25 06:00:00', '09:00:00', '10:00:00', 'PENDIENTE', 'Adaptación universitaria', '2026-03-15 08:54:35');
INSERT INTO `Cita` (`id_cita`, `id_estudiante`, `id_psicologo`, `fecha`, `hora_inicio`, `hora_fin`, `estado`, `motivo`, `created_at`) VALUES (308, 37, 1, '2025-12-25 06:00:00', '16:00:00', '17:00:00', 'ASISTIDA', NULL, '2026-03-15 08:54:35');
INSERT INTO `Cita` (`id_cita`, `id_estudiante`, `id_psicologo`, `fecha`, `hora_inicio`, `hora_fin`, `estado`, `motivo`, `created_at`) VALUES (309, 37, 7, '2025-12-09 06:00:00', '11:00:00', '12:00:00', 'CANCELADA', 'Adaptación universitaria', '2026-03-15 08:54:35');
INSERT INTO `Cita` (`id_cita`, `id_estudiante`, `id_psicologo`, `fecha`, `hora_inicio`, `hora_fin`, `estado`, `motivo`, `created_at`) VALUES (310, 37, 9, '2026-01-07 06:00:00', '14:00:00', '15:00:00', 'ASISTIDA', 'Ansiedad y estrés académico', '2026-03-15 08:54:35');
INSERT INTO `Cita` (`id_cita`, `id_estudiante`, `id_psicologo`, `fecha`, `hora_inicio`, `hora_fin`, `estado`, `motivo`, `created_at`) VALUES (311, 37, 7, '2025-11-13 06:00:00', '15:00:00', '16:00:00', 'ASISTIDA', 'Adaptación universitaria', '2026-03-15 08:54:35');
INSERT INTO `Cita` (`id_cita`, `id_estudiante`, `id_psicologo`, `fecha`, `hora_inicio`, `hora_fin`, `estado`, `motivo`, `created_at`) VALUES (312, 37, 10, '2026-05-07 06:00:00', '16:00:00', '17:00:00', 'PENDIENTE', 'Problemas para dormir', '2026-03-15 08:54:35');
INSERT INTO `Cita` (`id_cita`, `id_estudiante`, `id_psicologo`, `fecha`, `hora_inicio`, `hora_fin`, `estado`, `motivo`, `created_at`) VALUES (313, 37, 7, '2026-03-27 06:00:00', '17:00:00', '18:00:00', 'PENDIENTE', 'Relaciones interpersonales', '2026-03-15 08:54:35');
INSERT INTO `Cita` (`id_cita`, `id_estudiante`, `id_psicologo`, `fecha`, `hora_inicio`, `hora_fin`, `estado`, `motivo`, `created_at`) VALUES (314, 37, 12, '2026-04-23 06:00:00', '15:00:00', '16:00:00', 'PENDIENTE', NULL, '2026-03-15 08:54:35');
INSERT INTO `Cita` (`id_cita`, `id_estudiante`, `id_psicologo`, `fecha`, `hora_inicio`, `hora_fin`, `estado`, `motivo`, `created_at`) VALUES (315, 38, 1, '2026-02-26 06:00:00', '16:00:00', '17:00:00', 'ASISTIDA', 'Problemas familiares', '2026-03-15 08:54:35');
INSERT INTO `Cita` (`id_cita`, `id_estudiante`, `id_psicologo`, `fecha`, `hora_inicio`, `hora_fin`, `estado`, `motivo`, `created_at`) VALUES (316, 38, 6, '2026-02-14 06:00:00', '09:00:00', '10:00:00', 'PENDIENTE', NULL, '2026-03-15 08:54:35');
INSERT INTO `Cita` (`id_cita`, `id_estudiante`, `id_psicologo`, `fecha`, `hora_inicio`, `hora_fin`, `estado`, `motivo`, `created_at`) VALUES (317, 38, 6, '2025-12-20 06:00:00', '09:00:00', '10:00:00', 'ASISTIDA', 'Dificultades de concentración', '2026-03-15 08:54:35');
INSERT INTO `Cita` (`id_cita`, `id_estudiante`, `id_psicologo`, `fecha`, `hora_inicio`, `hora_fin`, `estado`, `motivo`, `created_at`) VALUES (318, 38, 5, '2026-02-06 06:00:00', '09:00:00', '10:00:00', 'PENDIENTE', 'Ansiedad y estrés académico', '2026-03-15 08:54:35');
INSERT INTO `Cita` (`id_cita`, `id_estudiante`, `id_psicologo`, `fecha`, `hora_inicio`, `hora_fin`, `estado`, `motivo`, `created_at`) VALUES (319, 38, 7, '2025-12-18 06:00:00', '15:00:00', '16:00:00', 'ASISTIDA', NULL, '2026-03-15 08:54:35');
INSERT INTO `Cita` (`id_cita`, `id_estudiante`, `id_psicologo`, `fecha`, `hora_inicio`, `hora_fin`, `estado`, `motivo`, `created_at`) VALUES (320, 38, 2, '2026-01-20 06:00:00', '17:00:00', '18:00:00', 'PENDIENTE', 'Manejo de emociones', '2026-03-15 08:54:35');
INSERT INTO `Cita` (`id_cita`, `id_estudiante`, `id_psicologo`, `fecha`, `hora_inicio`, `hora_fin`, `estado`, `motivo`, `created_at`) VALUES (321, 38, 12, '2026-01-29 06:00:00', '15:00:00', '16:00:00', 'ASISTIDA', NULL, '2026-03-15 08:54:35');
INSERT INTO `Cita` (`id_cita`, `id_estudiante`, `id_psicologo`, `fecha`, `hora_inicio`, `hora_fin`, `estado`, `motivo`, `created_at`) VALUES (322, 38, 4, '2026-04-30 06:00:00', '08:00:00', '09:00:00', 'PENDIENTE', 'Manejo de emociones', '2026-03-15 08:54:35');
INSERT INTO `Cita` (`id_cita`, `id_estudiante`, `id_psicologo`, `fecha`, `hora_inicio`, `hora_fin`, `estado`, `motivo`, `created_at`) VALUES (323, 38, 8, '2026-05-16 06:00:00', '11:00:00', '12:00:00', 'PENDIENTE', 'Autoestima baja', '2026-03-15 08:54:35');
INSERT INTO `Cita` (`id_cita`, `id_estudiante`, `id_psicologo`, `fecha`, `hora_inicio`, `hora_fin`, `estado`, `motivo`, `created_at`) VALUES (324, 38, 6, '2026-04-07 06:00:00', '10:00:00', '11:00:00', 'PENDIENTE', 'Orientación vocacional', '2026-03-15 08:54:35');
INSERT INTO `Cita` (`id_cita`, `id_estudiante`, `id_psicologo`, `fecha`, `hora_inicio`, `hora_fin`, `estado`, `motivo`, `created_at`) VALUES (325, 39, 7, '2026-01-23 06:00:00', '17:00:00', '18:00:00', 'ASISTIDA', 'Problemas para dormir', '2026-03-15 08:54:35');
INSERT INTO `Cita` (`id_cita`, `id_estudiante`, `id_psicologo`, `fecha`, `hora_inicio`, `hora_fin`, `estado`, `motivo`, `created_at`) VALUES (326, 39, 2, '2026-01-06 06:00:00', '17:00:00', '18:00:00', 'PENDIENTE', 'Adaptación universitaria', '2026-03-15 08:54:35');
INSERT INTO `Cita` (`id_cita`, `id_estudiante`, `id_psicologo`, `fecha`, `hora_inicio`, `hora_fin`, `estado`, `motivo`, `created_at`) VALUES (327, 39, 11, '2026-01-07 06:00:00', '11:00:00', '12:00:00', 'PENDIENTE', 'Duelo o pérdida', '2026-03-15 08:54:35');
INSERT INTO `Cita` (`id_cita`, `id_estudiante`, `id_psicologo`, `fecha`, `hora_inicio`, `hora_fin`, `estado`, `motivo`, `created_at`) VALUES (328, 39, 3, '2025-11-20 06:00:00', '08:00:00', '09:00:00', 'PENDIENTE', 'Problemas para dormir', '2026-03-15 08:54:35');
INSERT INTO `Cita` (`id_cita`, `id_estudiante`, `id_psicologo`, `fecha`, `hora_inicio`, `hora_fin`, `estado`, `motivo`, `created_at`) VALUES (329, 39, 6, '2025-12-31 06:00:00', '11:00:00', '12:00:00', 'CANCELADA', 'Orientación vocacional', '2026-03-15 08:54:35');
INSERT INTO `Cita` (`id_cita`, `id_estudiante`, `id_psicologo`, `fecha`, `hora_inicio`, `hora_fin`, `estado`, `motivo`, `created_at`) VALUES (330, 39, 9, '2025-11-18 06:00:00', '14:00:00', '15:00:00', 'PENDIENTE', 'Ansiedad y estrés académico', '2026-03-15 08:54:35');
INSERT INTO `Cita` (`id_cita`, `id_estudiante`, `id_psicologo`, `fecha`, `hora_inicio`, `hora_fin`, `estado`, `motivo`, `created_at`) VALUES (331, 39, 11, '2026-04-17 06:00:00', '17:00:00', '18:00:00', 'PENDIENTE', 'Duelo o pérdida', '2026-03-15 08:54:35');
INSERT INTO `Cita` (`id_cita`, `id_estudiante`, `id_psicologo`, `fecha`, `hora_inicio`, `hora_fin`, `estado`, `motivo`, `created_at`) VALUES (332, 39, 7, '2026-04-03 06:00:00', '17:00:00', '18:00:00', 'PENDIENTE', 'Dificultades de concentración', '2026-03-15 08:54:35');
INSERT INTO `Cita` (`id_cita`, `id_estudiante`, `id_psicologo`, `fecha`, `hora_inicio`, `hora_fin`, `estado`, `motivo`, `created_at`) VALUES (333, 39, 11, '2026-04-29 06:00:00', '11:00:00', '12:00:00', 'PENDIENTE', 'Adaptación universitaria', '2026-03-15 08:54:35');
INSERT INTO `Cita` (`id_cita`, `id_estudiante`, `id_psicologo`, `fecha`, `hora_inicio`, `hora_fin`, `estado`, `motivo`, `created_at`) VALUES (334, 40, 10, '2026-01-24 06:00:00', '11:00:00', '12:00:00', 'ASISTIDA', 'Duelo o pérdida', '2026-03-15 08:54:35');
INSERT INTO `Cita` (`id_cita`, `id_estudiante`, `id_psicologo`, `fecha`, `hora_inicio`, `hora_fin`, `estado`, `motivo`, `created_at`) VALUES (335, 40, 10, '2026-01-23 06:00:00', '10:00:00', '11:00:00', 'ASISTIDA', 'Duelo o pérdida', '2026-03-15 08:54:35');
INSERT INTO `Cita` (`id_cita`, `id_estudiante`, `id_psicologo`, `fecha`, `hora_inicio`, `hora_fin`, `estado`, `motivo`, `created_at`) VALUES (336, 40, 10, '2025-12-20 06:00:00', '11:00:00', '12:00:00', 'CANCELADA', 'Autoestima baja', '2026-03-15 08:54:35');
INSERT INTO `Cita` (`id_cita`, `id_estudiante`, `id_psicologo`, `fecha`, `hora_inicio`, `hora_fin`, `estado`, `motivo`, `created_at`) VALUES (337, 40, 6, '2026-01-27 06:00:00', '10:00:00', '11:00:00', 'PENDIENTE', 'Relaciones interpersonales', '2026-03-15 08:54:35');
INSERT INTO `Cita` (`id_cita`, `id_estudiante`, `id_psicologo`, `fecha`, `hora_inicio`, `hora_fin`, `estado`, `motivo`, `created_at`) VALUES (338, 40, 7, '2026-02-26 06:00:00', '15:00:00', '16:00:00', 'PENDIENTE', NULL, '2026-03-15 08:54:35');
INSERT INTO `Cita` (`id_cita`, `id_estudiante`, `id_psicologo`, `fecha`, `hora_inicio`, `hora_fin`, `estado`, `motivo`, `created_at`) VALUES (339, 40, 6, '2026-01-28 06:00:00', '11:00:00', '12:00:00', 'ASISTIDA', 'Orientación vocacional', '2026-03-15 08:54:35');
INSERT INTO `Cita` (`id_cita`, `id_estudiante`, `id_psicologo`, `fecha`, `hora_inicio`, `hora_fin`, `estado`, `motivo`, `created_at`) VALUES (340, 40, 2, '2026-01-09 06:00:00', '14:00:00', '15:00:00', 'ASISTIDA', 'Duelo o pérdida', '2026-03-15 08:54:35');
INSERT INTO `Cita` (`id_cita`, `id_estudiante`, `id_psicologo`, `fecha`, `hora_inicio`, `hora_fin`, `estado`, `motivo`, `created_at`) VALUES (341, 40, 2, '2026-02-10 06:00:00', '17:00:00', '18:00:00', 'ASISTIDA', 'Manejo de emociones', '2026-03-15 08:54:35');
INSERT INTO `Cita` (`id_cita`, `id_estudiante`, `id_psicologo`, `fecha`, `hora_inicio`, `hora_fin`, `estado`, `motivo`, `created_at`) VALUES (342, 40, 4, '2026-05-07 06:00:00', '08:00:00', '09:00:00', 'PENDIENTE', 'Orientación vocacional', '2026-03-15 08:54:35');
INSERT INTO `Cita` (`id_cita`, `id_estudiante`, `id_psicologo`, `fecha`, `hora_inicio`, `hora_fin`, `estado`, `motivo`, `created_at`) VALUES (343, 40, 2, '2026-04-22 06:00:00', '14:00:00', '15:00:00', 'PENDIENTE', 'Problemas para dormir', '2026-03-15 08:54:35');
INSERT INTO `Cita` (`id_cita`, `id_estudiante`, `id_psicologo`, `fecha`, `hora_inicio`, `hora_fin`, `estado`, `motivo`, `created_at`) VALUES (344, 41, 5, '2025-11-19 06:00:00', '16:00:00', '17:00:00', 'ASISTIDA', 'Orientación vocacional', '2026-03-15 08:54:35');
INSERT INTO `Cita` (`id_cita`, `id_estudiante`, `id_psicologo`, `fecha`, `hora_inicio`, `hora_fin`, `estado`, `motivo`, `created_at`) VALUES (345, 41, 11, '2025-12-06 06:00:00', '10:00:00', '11:00:00', 'PENDIENTE', NULL, '2026-03-15 08:54:35');
INSERT INTO `Cita` (`id_cita`, `id_estudiante`, `id_psicologo`, `fecha`, `hora_inicio`, `hora_fin`, `estado`, `motivo`, `created_at`) VALUES (346, 41, 1, '2026-04-10 06:00:00', '11:00:00', '12:00:00', 'PENDIENTE', 'Adaptación universitaria', '2026-03-15 08:54:35');
INSERT INTO `Cita` (`id_cita`, `id_estudiante`, `id_psicologo`, `fecha`, `hora_inicio`, `hora_fin`, `estado`, `motivo`, `created_at`) VALUES (347, 42, 1, '2025-12-19 06:00:00', '11:00:00', '12:00:00', 'ASISTIDA', 'Problemas familiares', '2026-03-15 08:54:35');
INSERT INTO `Cita` (`id_cita`, `id_estudiante`, `id_psicologo`, `fecha`, `hora_inicio`, `hora_fin`, `estado`, `motivo`, `created_at`) VALUES (348, 42, 11, '2025-11-15 06:00:00', '10:00:00', '11:00:00', 'PENDIENTE', 'Problemas para dormir', '2026-03-15 08:54:35');
INSERT INTO `Cita` (`id_cita`, `id_estudiante`, `id_psicologo`, `fecha`, `hora_inicio`, `hora_fin`, `estado`, `motivo`, `created_at`) VALUES (349, 42, 3, '2025-12-20 06:00:00', '08:00:00', '09:00:00', 'ASISTIDA', 'Dificultades de concentración', '2026-03-15 08:54:35');
INSERT INTO `Cita` (`id_cita`, `id_estudiante`, `id_psicologo`, `fecha`, `hora_inicio`, `hora_fin`, `estado`, `motivo`, `created_at`) VALUES (350, 42, 4, '2025-11-07 06:00:00', '14:00:00', '15:00:00', 'PENDIENTE', 'Duelo o pérdida', '2026-03-15 08:54:35');
INSERT INTO `Cita` (`id_cita`, `id_estudiante`, `id_psicologo`, `fecha`, `hora_inicio`, `hora_fin`, `estado`, `motivo`, `created_at`) VALUES (351, 42, 12, '2026-01-08 06:00:00', '15:00:00', '16:00:00', 'ASISTIDA', 'Duelo o pérdida', '2026-03-15 08:54:35');
INSERT INTO `Cita` (`id_cita`, `id_estudiante`, `id_psicologo`, `fecha`, `hora_inicio`, `hora_fin`, `estado`, `motivo`, `created_at`) VALUES (352, 42, 2, '2025-12-24 06:00:00', '14:00:00', '15:00:00', 'ASISTIDA', 'Dificultades de concentración', '2026-03-15 08:54:35');
INSERT INTO `Cita` (`id_cita`, `id_estudiante`, `id_psicologo`, `fecha`, `hora_inicio`, `hora_fin`, `estado`, `motivo`, `created_at`) VALUES (353, 42, 12, '2025-12-02 06:00:00', '17:00:00', '18:00:00', 'ASISTIDA', 'Dificultades de concentración', '2026-03-15 08:54:35');
INSERT INTO `Cita` (`id_cita`, `id_estudiante`, `id_psicologo`, `fecha`, `hora_inicio`, `hora_fin`, `estado`, `motivo`, `created_at`) VALUES (354, 42, 5, '2026-04-10 06:00:00', '09:00:00', '10:00:00', 'PENDIENTE', 'Dificultades de concentración', '2026-03-15 08:54:35');
INSERT INTO `Cita` (`id_cita`, `id_estudiante`, `id_psicologo`, `fecha`, `hora_inicio`, `hora_fin`, `estado`, `motivo`, `created_at`) VALUES (355, 42, 10, '2026-04-24 06:00:00', '10:00:00', '11:00:00', 'PENDIENTE', 'Problemas para dormir', '2026-03-15 08:54:35');
INSERT INTO `Cita` (`id_cita`, `id_estudiante`, `id_psicologo`, `fecha`, `hora_inicio`, `hora_fin`, `estado`, `motivo`, `created_at`) VALUES (356, 42, 1, '2026-03-26 06:00:00', '16:00:00', '17:00:00', 'PENDIENTE', 'Manejo de emociones', '2026-03-15 08:54:35');
INSERT INTO `Cita` (`id_cita`, `id_estudiante`, `id_psicologo`, `fecha`, `hora_inicio`, `hora_fin`, `estado`, `motivo`, `created_at`) VALUES (357, 43, 12, '2026-01-01 06:00:00', '15:00:00', '16:00:00', 'ASISTIDA', 'Problemas para dormir', '2026-03-15 08:54:35');
INSERT INTO `Cita` (`id_cita`, `id_estudiante`, `id_psicologo`, `fecha`, `hora_inicio`, `hora_fin`, `estado`, `motivo`, `created_at`) VALUES (358, 43, 10, '2025-12-05 06:00:00', '10:00:00', '11:00:00', 'ASISTIDA', NULL, '2026-03-15 08:54:35');
INSERT INTO `Cita` (`id_cita`, `id_estudiante`, `id_psicologo`, `fecha`, `hora_inicio`, `hora_fin`, `estado`, `motivo`, `created_at`) VALUES (359, 43, 10, '2025-12-26 06:00:00', '10:00:00', '11:00:00', 'ASISTIDA', 'Adaptación universitaria', '2026-03-15 08:54:35');
INSERT INTO `Cita` (`id_cita`, `id_estudiante`, `id_psicologo`, `fecha`, `hora_inicio`, `hora_fin`, `estado`, `motivo`, `created_at`) VALUES (360, 43, 5, '2026-01-10 06:00:00', '11:00:00', '12:00:00', 'ASISTIDA', NULL, '2026-03-15 08:54:35');
INSERT INTO `Cita` (`id_cita`, `id_estudiante`, `id_psicologo`, `fecha`, `hora_inicio`, `hora_fin`, `estado`, `motivo`, `created_at`) VALUES (361, 43, 2, '2025-12-26 06:00:00', '14:00:00', '15:00:00', 'PENDIENTE', 'Dificultades de concentración', '2026-03-15 08:54:35');
INSERT INTO `Cita` (`id_cita`, `id_estudiante`, `id_psicologo`, `fecha`, `hora_inicio`, `hora_fin`, `estado`, `motivo`, `created_at`) VALUES (362, 43, 10, '2026-01-02 06:00:00', '10:00:00', '11:00:00', 'ASISTIDA', 'Dificultades de concentración', '2026-03-15 08:54:35');
INSERT INTO `Cita` (`id_cita`, `id_estudiante`, `id_psicologo`, `fecha`, `hora_inicio`, `hora_fin`, `estado`, `motivo`, `created_at`) VALUES (363, 43, 11, '2026-04-01 06:00:00', '11:00:00', '12:00:00', 'PENDIENTE', 'Ansiedad y estrés académico', '2026-03-15 08:54:35');
INSERT INTO `Cita` (`id_cita`, `id_estudiante`, `id_psicologo`, `fecha`, `hora_inicio`, `hora_fin`, `estado`, `motivo`, `created_at`) VALUES (364, 43, 10, '2026-04-10 06:00:00', '10:00:00', '11:00:00', 'PENDIENTE', 'Problemas familiares', '2026-03-15 08:54:35');
INSERT INTO `Cita` (`id_cita`, `id_estudiante`, `id_psicologo`, `fecha`, `hora_inicio`, `hora_fin`, `estado`, `motivo`, `created_at`) VALUES (365, 43, 7, '2026-04-02 06:00:00', '15:00:00', '16:00:00', 'PENDIENTE', 'Problemas familiares', '2026-03-15 08:54:35');
INSERT INTO `Cita` (`id_cita`, `id_estudiante`, `id_psicologo`, `fecha`, `hora_inicio`, `hora_fin`, `estado`, `motivo`, `created_at`) VALUES (366, 44, 6, '2025-12-09 06:00:00', '10:00:00', '11:00:00', 'PENDIENTE', 'Adaptación universitaria', '2026-03-15 08:54:35');
INSERT INTO `Cita` (`id_cita`, `id_estudiante`, `id_psicologo`, `fecha`, `hora_inicio`, `hora_fin`, `estado`, `motivo`, `created_at`) VALUES (367, 44, 7, '2025-12-30 06:00:00', '11:00:00', '12:00:00', 'ASISTIDA', 'Orientación vocacional', '2026-03-15 08:54:35');
INSERT INTO `Cita` (`id_cita`, `id_estudiante`, `id_psicologo`, `fecha`, `hora_inicio`, `hora_fin`, `estado`, `motivo`, `created_at`) VALUES (368, 44, 12, '2025-11-05 06:00:00', '16:00:00', '17:00:00', 'ASISTIDA', 'Orientación vocacional', '2026-03-15 08:54:36');
INSERT INTO `Cita` (`id_cita`, `id_estudiante`, `id_psicologo`, `fecha`, `hora_inicio`, `hora_fin`, `estado`, `motivo`, `created_at`) VALUES (369, 44, 9, '2026-04-21 06:00:00', '14:00:00', '15:00:00', 'PENDIENTE', 'Ansiedad y estrés académico', '2026-03-15 08:54:36');
INSERT INTO `Cita` (`id_cita`, `id_estudiante`, `id_psicologo`, `fecha`, `hora_inicio`, `hora_fin`, `estado`, `motivo`, `created_at`) VALUES (370, 45, 7, '2025-11-11 06:00:00', '11:00:00', '12:00:00', 'CANCELADA', 'Autoestima baja', '2026-03-15 08:54:36');
INSERT INTO `Cita` (`id_cita`, `id_estudiante`, `id_psicologo`, `fecha`, `hora_inicio`, `hora_fin`, `estado`, `motivo`, `created_at`) VALUES (371, 45, 9, '2026-02-11 06:00:00', '14:00:00', '15:00:00', 'PENDIENTE', NULL, '2026-03-15 08:54:36');
INSERT INTO `Cita` (`id_cita`, `id_estudiante`, `id_psicologo`, `fecha`, `hora_inicio`, `hora_fin`, `estado`, `motivo`, `created_at`) VALUES (372, 45, 12, '2025-12-30 06:00:00', '17:00:00', '18:00:00', 'CANCELADA', 'Problemas para dormir', '2026-03-15 08:54:36');
INSERT INTO `Cita` (`id_cita`, `id_estudiante`, `id_psicologo`, `fecha`, `hora_inicio`, `hora_fin`, `estado`, `motivo`, `created_at`) VALUES (373, 46, 8, '2026-02-18 06:00:00', '17:00:00', '18:00:00', 'ASISTIDA', 'Autoestima baja', '2026-03-15 08:54:36');
INSERT INTO `Cita` (`id_cita`, `id_estudiante`, `id_psicologo`, `fecha`, `hora_inicio`, `hora_fin`, `estado`, `motivo`, `created_at`) VALUES (374, 46, 8, '2026-03-03 06:00:00', '17:00:00', '18:00:00', 'PENDIENTE', 'Orientación vocacional', '2026-03-15 08:54:36');
INSERT INTO `Cita` (`id_cita`, `id_estudiante`, `id_psicologo`, `fecha`, `hora_inicio`, `hora_fin`, `estado`, `motivo`, `created_at`) VALUES (375, 46, 10, '2026-03-04 06:00:00', '15:00:00', '16:00:00', 'CANCELADA', 'Problemas familiares', '2026-03-15 08:54:36');
INSERT INTO `Cita` (`id_cita`, `id_estudiante`, `id_psicologo`, `fecha`, `hora_inicio`, `hora_fin`, `estado`, `motivo`, `created_at`) VALUES (376, 46, 7, '2026-02-20 06:00:00', '17:00:00', '18:00:00', 'ASISTIDA', 'Autoestima baja', '2026-03-15 08:54:36');
INSERT INTO `Cita` (`id_cita`, `id_estudiante`, `id_psicologo`, `fecha`, `hora_inicio`, `hora_fin`, `estado`, `motivo`, `created_at`) VALUES (377, 46, 10, '2026-02-06 06:00:00', '10:00:00', '11:00:00', 'ASISTIDA', 'Problemas familiares', '2026-03-15 08:54:36');
INSERT INTO `Cita` (`id_cita`, `id_estudiante`, `id_psicologo`, `fecha`, `hora_inicio`, `hora_fin`, `estado`, `motivo`, `created_at`) VALUES (378, 46, 11, '2026-04-22 06:00:00', '11:00:00', '12:00:00', 'PENDIENTE', 'Duelo o pérdida', '2026-03-15 08:54:36');
INSERT INTO `Cita` (`id_cita`, `id_estudiante`, `id_psicologo`, `fecha`, `hora_inicio`, `hora_fin`, `estado`, `motivo`, `created_at`) VALUES (379, 46, 8, '2026-04-17 06:00:00', '17:00:00', '18:00:00', 'PENDIENTE', 'Ansiedad y estrés académico', '2026-03-15 08:54:36');
INSERT INTO `Cita` (`id_cita`, `id_estudiante`, `id_psicologo`, `fecha`, `hora_inicio`, `hora_fin`, `estado`, `motivo`, `created_at`) VALUES (380, 47, 12, '2025-11-11 06:00:00', '17:00:00', '18:00:00', 'ASISTIDA', 'Adaptación universitaria', '2026-03-15 08:54:36');
INSERT INTO `Cita` (`id_cita`, `id_estudiante`, `id_psicologo`, `fecha`, `hora_inicio`, `hora_fin`, `estado`, `motivo`, `created_at`) VALUES (381, 47, 10, '2026-02-19 06:00:00', '16:00:00', '17:00:00', 'ASISTIDA', 'Ansiedad y estrés académico', '2026-03-15 08:54:36');
INSERT INTO `Cita` (`id_cita`, `id_estudiante`, `id_psicologo`, `fecha`, `hora_inicio`, `hora_fin`, `estado`, `motivo`, `created_at`) VALUES (382, 47, 8, '2026-02-06 06:00:00', '17:00:00', '18:00:00', 'ASISTIDA', 'Problemas para dormir', '2026-03-15 08:54:36');
INSERT INTO `Cita` (`id_cita`, `id_estudiante`, `id_psicologo`, `fecha`, `hora_inicio`, `hora_fin`, `estado`, `motivo`, `created_at`) VALUES (383, 47, 5, '2026-02-14 06:00:00', '11:00:00', '12:00:00', 'ASISTIDA', 'Ansiedad y estrés académico', '2026-03-15 08:54:36');
INSERT INTO `Cita` (`id_cita`, `id_estudiante`, `id_psicologo`, `fecha`, `hora_inicio`, `hora_fin`, `estado`, `motivo`, `created_at`) VALUES (384, 47, 2, '2025-11-04 06:00:00', '17:00:00', '18:00:00', 'CANCELADA', 'Manejo de emociones', '2026-03-15 08:54:36');
INSERT INTO `Cita` (`id_cita`, `id_estudiante`, `id_psicologo`, `fecha`, `hora_inicio`, `hora_fin`, `estado`, `motivo`, `created_at`) VALUES (385, 47, 8, '2026-02-28 06:00:00', '11:00:00', '12:00:00', 'ASISTIDA', 'Problemas familiares', '2026-03-15 08:54:36');
INSERT INTO `Cita` (`id_cita`, `id_estudiante`, `id_psicologo`, `fecha`, `hora_inicio`, `hora_fin`, `estado`, `motivo`, `created_at`) VALUES (386, 47, 2, '2025-12-30 06:00:00', '17:00:00', '18:00:00', 'ASISTIDA', 'Manejo de emociones', '2026-03-15 08:54:36');
INSERT INTO `Cita` (`id_cita`, `id_estudiante`, `id_psicologo`, `fecha`, `hora_inicio`, `hora_fin`, `estado`, `motivo`, `created_at`) VALUES (387, 47, 2, '2026-04-08 06:00:00', '14:00:00', '15:00:00', 'PENDIENTE', NULL, '2026-03-15 08:54:36');
INSERT INTO `Cita` (`id_cita`, `id_estudiante`, `id_psicologo`, `fecha`, `hora_inicio`, `hora_fin`, `estado`, `motivo`, `created_at`) VALUES (388, 47, 8, '2026-05-08 06:00:00', '17:00:00', '18:00:00', 'PENDIENTE', 'Adaptación universitaria', '2026-03-15 08:54:36');
INSERT INTO `Cita` (`id_cita`, `id_estudiante`, `id_psicologo`, `fecha`, `hora_inicio`, `hora_fin`, `estado`, `motivo`, `created_at`) VALUES (389, 47, 4, '2026-05-14 06:00:00', '08:00:00', '09:00:00', 'PENDIENTE', 'Duelo o pérdida', '2026-03-15 08:54:36');
INSERT INTO `Cita` (`id_cita`, `id_estudiante`, `id_psicologo`, `fecha`, `hora_inicio`, `hora_fin`, `estado`, `motivo`, `created_at`) VALUES (390, 48, 11, '2026-02-13 06:00:00', '17:00:00', '18:00:00', 'ASISTIDA', 'Problemas para dormir', '2026-03-15 08:54:36');
INSERT INTO `Cita` (`id_cita`, `id_estudiante`, `id_psicologo`, `fecha`, `hora_inicio`, `hora_fin`, `estado`, `motivo`, `created_at`) VALUES (391, 48, 6, '2025-11-11 06:00:00', '10:00:00', '11:00:00', 'ASISTIDA', 'Problemas familiares', '2026-03-15 08:54:36');
INSERT INTO `Cita` (`id_cita`, `id_estudiante`, `id_psicologo`, `fecha`, `hora_inicio`, `hora_fin`, `estado`, `motivo`, `created_at`) VALUES (392, 48, 1, '2026-01-29 06:00:00', '16:00:00', '17:00:00', 'CANCELADA', 'Autoestima baja', '2026-03-15 08:54:36');
INSERT INTO `Cita` (`id_cita`, `id_estudiante`, `id_psicologo`, `fecha`, `hora_inicio`, `hora_fin`, `estado`, `motivo`, `created_at`) VALUES (393, 48, 6, '2026-01-13 06:00:00', '10:00:00', '11:00:00', 'ASISTIDA', 'Dificultades de concentración', '2026-03-15 08:54:36');
INSERT INTO `Cita` (`id_cita`, `id_estudiante`, `id_psicologo`, `fecha`, `hora_inicio`, `hora_fin`, `estado`, `motivo`, `created_at`) VALUES (394, 48, 6, '2026-03-07 06:00:00', '09:00:00', '10:00:00', 'ASISTIDA', 'Dificultades de concentración', '2026-03-15 08:54:36');
INSERT INTO `Cita` (`id_cita`, `id_estudiante`, `id_psicologo`, `fecha`, `hora_inicio`, `hora_fin`, `estado`, `motivo`, `created_at`) VALUES (395, 48, 10, '2026-01-16 06:00:00', '10:00:00', '11:00:00', 'PENDIENTE', 'Dificultades de concentración', '2026-03-15 08:54:36');
INSERT INTO `Cita` (`id_cita`, `id_estudiante`, `id_psicologo`, `fecha`, `hora_inicio`, `hora_fin`, `estado`, `motivo`, `created_at`) VALUES (396, 48, 7, '2026-01-20 06:00:00', '11:00:00', '12:00:00', 'CANCELADA', 'Problemas familiares', '2026-03-15 08:54:36');
INSERT INTO `Cita` (`id_cita`, `id_estudiante`, `id_psicologo`, `fecha`, `hora_inicio`, `hora_fin`, `estado`, `motivo`, `created_at`) VALUES (397, 48, 3, '2026-02-20 06:00:00', '09:00:00', '10:00:00', 'ASISTIDA', 'Problemas para dormir', '2026-03-15 08:54:36');
INSERT INTO `Cita` (`id_cita`, `id_estudiante`, `id_psicologo`, `fecha`, `hora_inicio`, `hora_fin`, `estado`, `motivo`, `created_at`) VALUES (398, 48, 8, '2026-04-22 06:00:00', '17:00:00', '18:00:00', 'PENDIENTE', 'Relaciones interpersonales', '2026-03-15 08:54:36');
INSERT INTO `Cita` (`id_cita`, `id_estudiante`, `id_psicologo`, `fecha`, `hora_inicio`, `hora_fin`, `estado`, `motivo`, `created_at`) VALUES (399, 48, 10, '2026-04-03 06:00:00', '10:00:00', '11:00:00', 'PENDIENTE', 'Duelo o pérdida', '2026-03-15 08:54:36');
INSERT INTO `Cita` (`id_cita`, `id_estudiante`, `id_psicologo`, `fecha`, `hora_inicio`, `hora_fin`, `estado`, `motivo`, `created_at`) VALUES (400, 49, 1, '2025-11-06 06:00:00', '16:00:00', '17:00:00', 'ASISTIDA', 'Relaciones interpersonales', '2026-03-15 08:54:36');
INSERT INTO `Cita` (`id_cita`, `id_estudiante`, `id_psicologo`, `fecha`, `hora_inicio`, `hora_fin`, `estado`, `motivo`, `created_at`) VALUES (401, 49, 8, '2026-05-05 06:00:00', '17:00:00', '18:00:00', 'PENDIENTE', 'Problemas para dormir', '2026-03-15 08:54:36');
INSERT INTO `Cita` (`id_cita`, `id_estudiante`, `id_psicologo`, `fecha`, `hora_inicio`, `hora_fin`, `estado`, `motivo`, `created_at`) VALUES (402, 50, 4, '2026-02-17 06:00:00', '10:00:00', '11:00:00', 'CANCELADA', NULL, '2026-03-15 08:54:36');
INSERT INTO `Cita` (`id_cita`, `id_estudiante`, `id_psicologo`, `fecha`, `hora_inicio`, `hora_fin`, `estado`, `motivo`, `created_at`) VALUES (403, 50, 4, '2026-01-16 06:00:00', '14:00:00', '15:00:00', 'CANCELADA', 'Manejo de emociones', '2026-03-15 08:54:36');
INSERT INTO `Cita` (`id_cita`, `id_estudiante`, `id_psicologo`, `fecha`, `hora_inicio`, `hora_fin`, `estado`, `motivo`, `created_at`) VALUES (404, 50, 2, '2025-11-19 06:00:00', '14:00:00', '15:00:00', 'ASISTIDA', 'Problemas familiares', '2026-03-15 08:54:36');
INSERT INTO `Cita` (`id_cita`, `id_estudiante`, `id_psicologo`, `fecha`, `hora_inicio`, `hora_fin`, `estado`, `motivo`, `created_at`) VALUES (405, 50, 1, '2025-11-21 06:00:00', '11:00:00', '12:00:00', 'CANCELADA', 'Relaciones interpersonales', '2026-03-15 08:54:36');
INSERT INTO `Cita` (`id_cita`, `id_estudiante`, `id_psicologo`, `fecha`, `hora_inicio`, `hora_fin`, `estado`, `motivo`, `created_at`) VALUES (406, 50, 7, '2026-05-12 06:00:00', '11:00:00', '12:00:00', 'PENDIENTE', 'Relaciones interpersonales', '2026-03-15 08:54:36');
INSERT INTO `Cita` (`id_cita`, `id_estudiante`, `id_psicologo`, `fecha`, `hora_inicio`, `hora_fin`, `estado`, `motivo`, `created_at`) VALUES (407, 51, 11, '2025-12-24 06:00:00', '11:00:00', '12:00:00', 'CANCELADA', 'Orientación vocacional', '2026-03-15 08:54:36');
INSERT INTO `Cita` (`id_cita`, `id_estudiante`, `id_psicologo`, `fecha`, `hora_inicio`, `hora_fin`, `estado`, `motivo`, `created_at`) VALUES (408, 51, 8, '2026-01-23 06:00:00', '17:00:00', '18:00:00', 'PENDIENTE', 'Problemas para dormir', '2026-03-15 08:54:36');
INSERT INTO `Cita` (`id_cita`, `id_estudiante`, `id_psicologo`, `fecha`, `hora_inicio`, `hora_fin`, `estado`, `motivo`, `created_at`) VALUES (409, 51, 7, '2026-02-25 06:00:00', '09:00:00', '10:00:00', 'ASISTIDA', 'Problemas para dormir', '2026-03-15 08:54:36');
INSERT INTO `Cita` (`id_cita`, `id_estudiante`, `id_psicologo`, `fecha`, `hora_inicio`, `hora_fin`, `estado`, `motivo`, `created_at`) VALUES (410, 51, 4, '2026-03-26 06:00:00', '08:00:00', '09:00:00', 'PENDIENTE', NULL, '2026-03-15 08:54:36');
INSERT INTO `Cita` (`id_cita`, `id_estudiante`, `id_psicologo`, `fecha`, `hora_inicio`, `hora_fin`, `estado`, `motivo`, `created_at`) VALUES (411, 52, 10, '2025-11-26 06:00:00', '15:00:00', '16:00:00', 'ASISTIDA', 'Problemas familiares', '2026-03-15 08:54:36');
INSERT INTO `Cita` (`id_cita`, `id_estudiante`, `id_psicologo`, `fecha`, `hora_inicio`, `hora_fin`, `estado`, `motivo`, `created_at`) VALUES (412, 52, 9, '2026-02-26 06:00:00', '10:00:00', '11:00:00', 'CANCELADA', 'Autoestima baja', '2026-03-15 08:54:36');
INSERT INTO `Cita` (`id_cita`, `id_estudiante`, `id_psicologo`, `fecha`, `hora_inicio`, `hora_fin`, `estado`, `motivo`, `created_at`) VALUES (413, 52, 12, '2025-12-11 06:00:00', '15:00:00', '16:00:00', 'ASISTIDA', NULL, '2026-03-15 08:54:36');
INSERT INTO `Cita` (`id_cita`, `id_estudiante`, `id_psicologo`, `fecha`, `hora_inicio`, `hora_fin`, `estado`, `motivo`, `created_at`) VALUES (414, 52, 8, '2025-11-11 06:00:00', '17:00:00', '18:00:00', 'CANCELADA', 'Relaciones interpersonales', '2026-03-15 08:54:36');
INSERT INTO `Cita` (`id_cita`, `id_estudiante`, `id_psicologo`, `fecha`, `hora_inicio`, `hora_fin`, `estado`, `motivo`, `created_at`) VALUES (415, 52, 8, '2025-12-24 06:00:00', '17:00:00', '18:00:00', 'CANCELADA', 'Problemas familiares', '2026-03-15 08:54:36');
INSERT INTO `Cita` (`id_cita`, `id_estudiante`, `id_psicologo`, `fecha`, `hora_inicio`, `hora_fin`, `estado`, `motivo`, `created_at`) VALUES (416, 52, 7, '2025-12-24 06:00:00', '09:00:00', '10:00:00', 'CANCELADA', 'Orientación vocacional', '2026-03-15 08:54:36');
INSERT INTO `Cita` (`id_cita`, `id_estudiante`, `id_psicologo`, `fecha`, `hora_inicio`, `hora_fin`, `estado`, `motivo`, `created_at`) VALUES (417, 52, 6, '2026-03-31 06:00:00', '10:00:00', '11:00:00', 'PENDIENTE', 'Autoestima baja', '2026-03-15 08:54:36');
INSERT INTO `Cita` (`id_cita`, `id_estudiante`, `id_psicologo`, `fecha`, `hora_inicio`, `hora_fin`, `estado`, `motivo`, `created_at`) VALUES (418, 52, 3, '2026-04-23 06:00:00', '08:00:00', '09:00:00', 'PENDIENTE', 'Adaptación universitaria', '2026-03-15 08:54:36');
INSERT INTO `Cita` (`id_cita`, `id_estudiante`, `id_psicologo`, `fecha`, `hora_inicio`, `hora_fin`, `estado`, `motivo`, `created_at`) VALUES (419, 52, 8, '2026-05-15 06:00:00', '17:00:00', '18:00:00', 'PENDIENTE', 'Duelo o pérdida', '2026-03-15 08:54:36');
INSERT INTO `Cita` (`id_cita`, `id_estudiante`, `id_psicologo`, `fecha`, `hora_inicio`, `hora_fin`, `estado`, `motivo`, `created_at`) VALUES (420, 52, 4, '2026-04-17 06:00:00', '14:00:00', '15:00:00', 'PENDIENTE', 'Relaciones interpersonales', '2026-03-15 08:54:36');
INSERT INTO `Cita` (`id_cita`, `id_estudiante`, `id_psicologo`, `fecha`, `hora_inicio`, `hora_fin`, `estado`, `motivo`, `created_at`) VALUES (421, 53, 4, '2026-01-20 06:00:00', '10:00:00', '11:00:00', 'ASISTIDA', 'Duelo o pérdida', '2026-03-15 08:54:36');
INSERT INTO `Cita` (`id_cita`, `id_estudiante`, `id_psicologo`, `fecha`, `hora_inicio`, `hora_fin`, `estado`, `motivo`, `created_at`) VALUES (422, 53, 6, '2026-01-14 06:00:00', '11:00:00', '12:00:00', 'ASISTIDA', 'Ansiedad y estrés académico', '2026-03-15 08:54:36');
INSERT INTO `Cita` (`id_cita`, `id_estudiante`, `id_psicologo`, `fecha`, `hora_inicio`, `hora_fin`, `estado`, `motivo`, `created_at`) VALUES (423, 53, 7, '2026-03-04 06:00:00', '09:00:00', '10:00:00', 'ASISTIDA', 'Autoestima baja', '2026-03-15 08:54:36');
INSERT INTO `Cita` (`id_cita`, `id_estudiante`, `id_psicologo`, `fecha`, `hora_inicio`, `hora_fin`, `estado`, `motivo`, `created_at`) VALUES (424, 53, 11, '2026-01-10 06:00:00', '10:00:00', '11:00:00', 'CANCELADA', 'Ansiedad y estrés académico', '2026-03-15 08:54:36');
INSERT INTO `Cita` (`id_cita`, `id_estudiante`, `id_psicologo`, `fecha`, `hora_inicio`, `hora_fin`, `estado`, `motivo`, `created_at`) VALUES (425, 53, 2, '2026-04-14 06:00:00', '17:00:00', '18:00:00', 'PENDIENTE', 'Dificultades de concentración', '2026-03-15 08:54:36');
INSERT INTO `Cita` (`id_cita`, `id_estudiante`, `id_psicologo`, `fecha`, `hora_inicio`, `hora_fin`, `estado`, `motivo`, `created_at`) VALUES (426, 54, 1, '2026-03-04 06:00:00', '15:00:00', '16:00:00', 'ASISTIDA', NULL, '2026-03-15 08:54:36');
INSERT INTO `Cita` (`id_cita`, `id_estudiante`, `id_psicologo`, `fecha`, `hora_inicio`, `hora_fin`, `estado`, `motivo`, `created_at`) VALUES (427, 54, 5, '2025-12-12 06:00:00', '09:00:00', '10:00:00', 'ASISTIDA', 'Orientación vocacional', '2026-03-15 08:54:36');
INSERT INTO `Cita` (`id_cita`, `id_estudiante`, `id_psicologo`, `fecha`, `hora_inicio`, `hora_fin`, `estado`, `motivo`, `created_at`) VALUES (428, 54, 3, '2026-02-26 06:00:00', '08:00:00', '09:00:00', 'ASISTIDA', 'Orientación vocacional', '2026-03-15 08:54:36');
INSERT INTO `Cita` (`id_cita`, `id_estudiante`, `id_psicologo`, `fecha`, `hora_inicio`, `hora_fin`, `estado`, `motivo`, `created_at`) VALUES (429, 54, 10, '2026-03-06 06:00:00', '10:00:00', '11:00:00', 'ASISTIDA', 'Relaciones interpersonales', '2026-03-15 08:54:36');
INSERT INTO `Cita` (`id_cita`, `id_estudiante`, `id_psicologo`, `fecha`, `hora_inicio`, `hora_fin`, `estado`, `motivo`, `created_at`) VALUES (430, 54, 11, '2026-01-02 06:00:00', '17:00:00', '18:00:00', 'ASISTIDA', 'Problemas para dormir', '2026-03-15 08:54:36');
INSERT INTO `Cita` (`id_cita`, `id_estudiante`, `id_psicologo`, `fecha`, `hora_inicio`, `hora_fin`, `estado`, `motivo`, `created_at`) VALUES (431, 54, 11, '2026-02-28 06:00:00', '10:00:00', '11:00:00', 'CANCELADA', 'Dificultades de concentración', '2026-03-15 08:54:36');
INSERT INTO `Cita` (`id_cita`, `id_estudiante`, `id_psicologo`, `fecha`, `hora_inicio`, `hora_fin`, `estado`, `motivo`, `created_at`) VALUES (432, 54, 9, '2026-04-09 06:00:00', '10:00:00', '11:00:00', 'PENDIENTE', 'Relaciones interpersonales', '2026-03-15 08:54:36');
INSERT INTO `Cita` (`id_cita`, `id_estudiante`, `id_psicologo`, `fecha`, `hora_inicio`, `hora_fin`, `estado`, `motivo`, `created_at`) VALUES (433, 54, 2, '2026-05-15 06:00:00', '14:00:00', '15:00:00', 'PENDIENTE', 'Ansiedad y estrés académico', '2026-03-15 08:54:36');
INSERT INTO `Cita` (`id_cita`, `id_estudiante`, `id_psicologo`, `fecha`, `hora_inicio`, `hora_fin`, `estado`, `motivo`, `created_at`) VALUES (434, 54, 4, '2026-03-25 06:00:00', '11:00:00', '12:00:00', 'PENDIENTE', 'Dificultades de concentración', '2026-03-15 08:54:36');
INSERT INTO `Cita` (`id_cita`, `id_estudiante`, `id_psicologo`, `fecha`, `hora_inicio`, `hora_fin`, `estado`, `motivo`, `created_at`) VALUES (435, 54, 2, '2026-05-06 06:00:00', '14:00:00', '15:00:00', 'PENDIENTE', 'Adaptación universitaria', '2026-03-15 08:54:36');
INSERT INTO `Cita` (`id_cita`, `id_estudiante`, `id_psicologo`, `fecha`, `hora_inicio`, `hora_fin`, `estado`, `motivo`, `created_at`) VALUES (436, 54, 4, '2026-04-03 06:00:00', '14:00:00', '15:00:00', 'PENDIENTE', 'Relaciones interpersonales', '2026-03-15 08:54:36');
INSERT INTO `Cita` (`id_cita`, `id_estudiante`, `id_psicologo`, `fecha`, `hora_inicio`, `hora_fin`, `estado`, `motivo`, `created_at`) VALUES (437, 55, 3, '2026-01-08 06:00:00', '08:00:00', '09:00:00', 'ASISTIDA', 'Dificultades de concentración', '2026-03-15 08:54:36');
INSERT INTO `Cita` (`id_cita`, `id_estudiante`, `id_psicologo`, `fecha`, `hora_inicio`, `hora_fin`, `estado`, `motivo`, `created_at`) VALUES (438, 55, 6, '2025-12-27 06:00:00', '09:00:00', '10:00:00', 'CANCELADA', NULL, '2026-03-15 08:54:36');
INSERT INTO `Cita` (`id_cita`, `id_estudiante`, `id_psicologo`, `fecha`, `hora_inicio`, `hora_fin`, `estado`, `motivo`, `created_at`) VALUES (439, 55, 3, '2025-12-11 06:00:00', '08:00:00', '09:00:00', 'ASISTIDA', 'Ansiedad y estrés académico', '2026-03-15 08:54:36');
INSERT INTO `Cita` (`id_cita`, `id_estudiante`, `id_psicologo`, `fecha`, `hora_inicio`, `hora_fin`, `estado`, `motivo`, `created_at`) VALUES (440, 55, 3, '2026-02-28 06:00:00', '08:00:00', '09:00:00', 'ASISTIDA', 'Dificultades de concentración', '2026-03-15 08:54:36');
INSERT INTO `Cita` (`id_cita`, `id_estudiante`, `id_psicologo`, `fecha`, `hora_inicio`, `hora_fin`, `estado`, `motivo`, `created_at`) VALUES (441, 55, 9, '2026-01-21 06:00:00', '14:00:00', '15:00:00', 'ASISTIDA', 'Ansiedad y estrés académico', '2026-03-15 08:54:36');
INSERT INTO `Cita` (`id_cita`, `id_estudiante`, `id_psicologo`, `fecha`, `hora_inicio`, `hora_fin`, `estado`, `motivo`, `created_at`) VALUES (442, 55, 7, '2026-01-02 06:00:00', '17:00:00', '18:00:00', 'PENDIENTE', 'Dificultades de concentración', '2026-03-15 08:54:36');
INSERT INTO `Cita` (`id_cita`, `id_estudiante`, `id_psicologo`, `fecha`, `hora_inicio`, `hora_fin`, `estado`, `motivo`, `created_at`) VALUES (443, 55, 7, '2026-04-30 06:00:00', '15:00:00', '16:00:00', 'PENDIENTE', 'Dificultades de concentración', '2026-03-15 08:54:36');
INSERT INTO `Cita` (`id_cita`, `id_estudiante`, `id_psicologo`, `fecha`, `hora_inicio`, `hora_fin`, `estado`, `motivo`, `created_at`) VALUES (444, 55, 3, '2026-04-18 06:00:00', '08:00:00', '09:00:00', 'PENDIENTE', 'Relaciones interpersonales', '2026-03-15 08:54:36');
INSERT INTO `Cita` (`id_cita`, `id_estudiante`, `id_psicologo`, `fecha`, `hora_inicio`, `hora_fin`, `estado`, `motivo`, `created_at`) VALUES (445, 56, 1, '2026-01-09 06:00:00', '11:00:00', '12:00:00', 'ASISTIDA', 'Duelo o pérdida', '2026-03-15 08:54:36');
INSERT INTO `Cita` (`id_cita`, `id_estudiante`, `id_psicologo`, `fecha`, `hora_inicio`, `hora_fin`, `estado`, `motivo`, `created_at`) VALUES (446, 56, 9, '2026-02-05 06:00:00', '10:00:00', '11:00:00', 'ASISTIDA', 'Ansiedad y estrés académico', '2026-03-15 08:54:36');
INSERT INTO `Cita` (`id_cita`, `id_estudiante`, `id_psicologo`, `fecha`, `hora_inicio`, `hora_fin`, `estado`, `motivo`, `created_at`) VALUES (447, 56, 11, '2026-02-14 06:00:00', '10:00:00', '11:00:00', 'PENDIENTE', 'Problemas familiares', '2026-03-15 08:54:36');
INSERT INTO `Cita` (`id_cita`, `id_estudiante`, `id_psicologo`, `fecha`, `hora_inicio`, `hora_fin`, `estado`, `motivo`, `created_at`) VALUES (448, 56, 4, '2025-12-05 06:00:00', '14:00:00', '15:00:00', 'PENDIENTE', 'Duelo o pérdida', '2026-03-15 08:54:36');
INSERT INTO `Cita` (`id_cita`, `id_estudiante`, `id_psicologo`, `fecha`, `hora_inicio`, `hora_fin`, `estado`, `motivo`, `created_at`) VALUES (449, 56, 8, '2026-05-02 06:00:00', '11:00:00', '12:00:00', 'PENDIENTE', 'Orientación vocacional', '2026-03-15 08:54:36');
INSERT INTO `Cita` (`id_cita`, `id_estudiante`, `id_psicologo`, `fecha`, `hora_inicio`, `hora_fin`, `estado`, `motivo`, `created_at`) VALUES (450, 56, 5, '2026-04-17 06:00:00', '09:00:00', '10:00:00', 'PENDIENTE', 'Orientación vocacional', '2026-03-15 08:54:36');
INSERT INTO `Cita` (`id_cita`, `id_estudiante`, `id_psicologo`, `fecha`, `hora_inicio`, `hora_fin`, `estado`, `motivo`, `created_at`) VALUES (451, 56, 12, '2026-04-29 06:00:00', '16:00:00', '17:00:00', 'PENDIENTE', NULL, '2026-03-15 08:54:36');
INSERT INTO `Cita` (`id_cita`, `id_estudiante`, `id_psicologo`, `fecha`, `hora_inicio`, `hora_fin`, `estado`, `motivo`, `created_at`) VALUES (452, 57, 2, '2026-02-18 06:00:00', '14:00:00', '15:00:00', 'ASISTIDA', 'Duelo o pérdida', '2026-03-15 08:54:36');
INSERT INTO `Cita` (`id_cita`, `id_estudiante`, `id_psicologo`, `fecha`, `hora_inicio`, `hora_fin`, `estado`, `motivo`, `created_at`) VALUES (453, 57, 9, '2026-01-20 06:00:00', '14:00:00', '15:00:00', 'CANCELADA', 'Problemas familiares', '2026-03-15 08:54:36');
INSERT INTO `Cita` (`id_cita`, `id_estudiante`, `id_psicologo`, `fecha`, `hora_inicio`, `hora_fin`, `estado`, `motivo`, `created_at`) VALUES (454, 57, 12, '2026-02-12 06:00:00', '15:00:00', '16:00:00', 'ASISTIDA', 'Duelo o pérdida', '2026-03-15 08:54:36');
INSERT INTO `Cita` (`id_cita`, `id_estudiante`, `id_psicologo`, `fecha`, `hora_inicio`, `hora_fin`, `estado`, `motivo`, `created_at`) VALUES (455, 57, 3, '2026-05-14 06:00:00', '08:00:00', '09:00:00', 'PENDIENTE', 'Problemas familiares', '2026-03-15 08:54:36');
INSERT INTO `Cita` (`id_cita`, `id_estudiante`, `id_psicologo`, `fecha`, `hora_inicio`, `hora_fin`, `estado`, `motivo`, `created_at`) VALUES (456, 57, 2, '2026-05-01 06:00:00', '14:00:00', '15:00:00', 'PENDIENTE', 'Ansiedad y estrés académico', '2026-03-15 08:54:36');
INSERT INTO `Cita` (`id_cita`, `id_estudiante`, `id_psicologo`, `fecha`, `hora_inicio`, `hora_fin`, `estado`, `motivo`, `created_at`) VALUES (457, 58, 11, '2026-01-24 06:00:00', '10:00:00', '11:00:00', 'CANCELADA', 'Problemas familiares', '2026-03-15 08:54:36');
INSERT INTO `Cita` (`id_cita`, `id_estudiante`, `id_psicologo`, `fecha`, `hora_inicio`, `hora_fin`, `estado`, `motivo`, `created_at`) VALUES (458, 58, 10, '2025-12-04 06:00:00', '16:00:00', '17:00:00', 'CANCELADA', 'Duelo o pérdida', '2026-03-15 08:54:36');
INSERT INTO `Cita` (`id_cita`, `id_estudiante`, `id_psicologo`, `fecha`, `hora_inicio`, `hora_fin`, `estado`, `motivo`, `created_at`) VALUES (459, 58, 6, '2026-02-25 06:00:00', '11:00:00', '12:00:00', 'ASISTIDA', 'Problemas para dormir', '2026-03-15 08:54:36');
INSERT INTO `Cita` (`id_cita`, `id_estudiante`, `id_psicologo`, `fecha`, `hora_inicio`, `hora_fin`, `estado`, `motivo`, `created_at`) VALUES (460, 58, 3, '2025-12-04 06:00:00', '08:00:00', '09:00:00', 'CANCELADA', 'Adaptación universitaria', '2026-03-15 08:54:36');
INSERT INTO `Cita` (`id_cita`, `id_estudiante`, `id_psicologo`, `fecha`, `hora_inicio`, `hora_fin`, `estado`, `motivo`, `created_at`) VALUES (461, 58, 6, '2025-12-06 06:00:00', '09:00:00', '10:00:00', 'ASISTIDA', 'Duelo o pérdida', '2026-03-15 08:54:36');
INSERT INTO `Cita` (`id_cita`, `id_estudiante`, `id_psicologo`, `fecha`, `hora_inicio`, `hora_fin`, `estado`, `motivo`, `created_at`) VALUES (462, 58, 3, '2026-05-15 06:00:00', '09:00:00', '10:00:00', 'PENDIENTE', 'Dificultades de concentración', '2026-03-15 08:54:36');
INSERT INTO `Cita` (`id_cita`, `id_estudiante`, `id_psicologo`, `fecha`, `hora_inicio`, `hora_fin`, `estado`, `motivo`, `created_at`) VALUES (463, 58, 3, '2026-04-08 06:00:00', '15:00:00', '16:00:00', 'PENDIENTE', NULL, '2026-03-15 08:54:36');
INSERT INTO `Cita` (`id_cita`, `id_estudiante`, `id_psicologo`, `fecha`, `hora_inicio`, `hora_fin`, `estado`, `motivo`, `created_at`) VALUES (464, 59, 7, '2025-12-12 06:00:00', '17:00:00', '18:00:00', 'PENDIENTE', 'Manejo de emociones', '2026-03-15 08:54:36');
INSERT INTO `Cita` (`id_cita`, `id_estudiante`, `id_psicologo`, `fecha`, `hora_inicio`, `hora_fin`, `estado`, `motivo`, `created_at`) VALUES (465, 59, 1, '2026-05-15 06:00:00', '11:00:00', '12:00:00', 'PENDIENTE', 'Duelo o pérdida', '2026-03-15 08:54:36');
INSERT INTO `Cita` (`id_cita`, `id_estudiante`, `id_psicologo`, `fecha`, `hora_inicio`, `hora_fin`, `estado`, `motivo`, `created_at`) VALUES (466, 60, 9, '2026-01-14 06:00:00', '14:00:00', '15:00:00', 'CANCELADA', 'Dificultades de concentración', '2026-03-15 08:54:36');
INSERT INTO `Cita` (`id_cita`, `id_estudiante`, `id_psicologo`, `fecha`, `hora_inicio`, `hora_fin`, `estado`, `motivo`, `created_at`) VALUES (467, 60, 9, '2026-02-25 06:00:00', '14:00:00', '15:00:00', 'CANCELADA', 'Ansiedad y estrés académico', '2026-03-15 08:54:36');
INSERT INTO `Cita` (`id_cita`, `id_estudiante`, `id_psicologo`, `fecha`, `hora_inicio`, `hora_fin`, `estado`, `motivo`, `created_at`) VALUES (468, 60, 4, '2025-11-12 06:00:00', '11:00:00', '12:00:00', 'ASISTIDA', 'Problemas familiares', '2026-03-15 08:54:36');
INSERT INTO `Cita` (`id_cita`, `id_estudiante`, `id_psicologo`, `fecha`, `hora_inicio`, `hora_fin`, `estado`, `motivo`, `created_at`) VALUES (469, 60, 7, '2025-11-07 06:00:00', '17:00:00', '18:00:00', 'ASISTIDA', 'Relaciones interpersonales', '2026-03-15 08:54:36');
INSERT INTO `Cita` (`id_cita`, `id_estudiante`, `id_psicologo`, `fecha`, `hora_inicio`, `hora_fin`, `estado`, `motivo`, `created_at`) VALUES (470, 60, 2, '2026-04-15 06:00:00', '14:00:00', '15:00:00', 'PENDIENTE', 'Problemas para dormir', '2026-03-15 08:54:36');
INSERT INTO `Cita` (`id_cita`, `id_estudiante`, `id_psicologo`, `fecha`, `hora_inicio`, `hora_fin`, `estado`, `motivo`, `created_at`) VALUES (471, 60, 8, '2026-04-25 06:00:00', '11:00:00', '12:00:00', 'PENDIENTE', 'Duelo o pérdida', '2026-03-15 08:54:36');
INSERT INTO `Cita` (`id_cita`, `id_estudiante`, `id_psicologo`, `fecha`, `hora_inicio`, `hora_fin`, `estado`, `motivo`, `created_at`) VALUES (472, 61, 3, '2026-01-09 06:00:00', '09:00:00', '10:00:00', 'ASISTIDA', 'Problemas familiares', '2026-03-15 08:54:36');
INSERT INTO `Cita` (`id_cita`, `id_estudiante`, `id_psicologo`, `fecha`, `hora_inicio`, `hora_fin`, `estado`, `motivo`, `created_at`) VALUES (473, 61, 4, '2026-02-11 06:00:00', '11:00:00', '12:00:00', 'ASISTIDA', 'Problemas para dormir', '2026-03-15 08:54:36');
INSERT INTO `Cita` (`id_cita`, `id_estudiante`, `id_psicologo`, `fecha`, `hora_inicio`, `hora_fin`, `estado`, `motivo`, `created_at`) VALUES (474, 61, 4, '2026-01-06 06:00:00', '10:00:00', '11:00:00', 'ASISTIDA', NULL, '2026-03-15 08:54:36');
INSERT INTO `Cita` (`id_cita`, `id_estudiante`, `id_psicologo`, `fecha`, `hora_inicio`, `hora_fin`, `estado`, `motivo`, `created_at`) VALUES (475, 61, 12, '2025-11-12 06:00:00', '16:00:00', '17:00:00', 'ASISTIDA', NULL, '2026-03-15 08:54:36');
INSERT INTO `Cita` (`id_cita`, `id_estudiante`, `id_psicologo`, `fecha`, `hora_inicio`, `hora_fin`, `estado`, `motivo`, `created_at`) VALUES (476, 61, 12, '2026-02-05 06:00:00', '15:00:00', '16:00:00', 'CANCELADA', 'Dificultades de concentración', '2026-03-15 08:54:36');
INSERT INTO `Cita` (`id_cita`, `id_estudiante`, `id_psicologo`, `fecha`, `hora_inicio`, `hora_fin`, `estado`, `motivo`, `created_at`) VALUES (477, 61, 10, '2026-05-02 06:00:00', '11:00:00', '12:00:00', 'PENDIENTE', 'Autoestima baja', '2026-03-15 08:54:36');
INSERT INTO `Cita` (`id_cita`, `id_estudiante`, `id_psicologo`, `fecha`, `hora_inicio`, `hora_fin`, `estado`, `motivo`, `created_at`) VALUES (478, 61, 1, '2026-03-25 06:00:00', '15:00:00', '16:00:00', 'PENDIENTE', 'Problemas para dormir', '2026-03-15 08:54:36');
INSERT INTO `Cita` (`id_cita`, `id_estudiante`, `id_psicologo`, `fecha`, `hora_inicio`, `hora_fin`, `estado`, `motivo`, `created_at`) VALUES (479, 61, 5, '2026-05-15 06:00:00', '09:00:00', '10:00:00', 'PENDIENTE', 'Dificultades de concentración', '2026-03-15 08:54:36');
INSERT INTO `Cita` (`id_cita`, `id_estudiante`, `id_psicologo`, `fecha`, `hora_inicio`, `hora_fin`, `estado`, `motivo`, `created_at`) VALUES (480, 62, 3, '2025-12-03 06:00:00', '15:00:00', '16:00:00', 'ASISTIDA', NULL, '2026-03-15 08:54:36');
INSERT INTO `Cita` (`id_cita`, `id_estudiante`, `id_psicologo`, `fecha`, `hora_inicio`, `hora_fin`, `estado`, `motivo`, `created_at`) VALUES (481, 62, 8, '2026-01-14 06:00:00', '17:00:00', '18:00:00', 'CANCELADA', 'Orientación vocacional', '2026-03-15 08:54:36');
INSERT INTO `Cita` (`id_cita`, `id_estudiante`, `id_psicologo`, `fecha`, `hora_inicio`, `hora_fin`, `estado`, `motivo`, `created_at`) VALUES (482, 62, 6, '2026-04-15 06:00:00', '11:00:00', '12:00:00', 'PENDIENTE', 'Orientación vocacional', '2026-03-15 08:54:36');
INSERT INTO `Cita` (`id_cita`, `id_estudiante`, `id_psicologo`, `fecha`, `hora_inicio`, `hora_fin`, `estado`, `motivo`, `created_at`) VALUES (483, 62, 11, '2026-04-10 06:00:00', '17:00:00', '18:00:00', 'PENDIENTE', 'Orientación vocacional', '2026-03-15 08:54:36');
INSERT INTO `Cita` (`id_cita`, `id_estudiante`, `id_psicologo`, `fecha`, `hora_inicio`, `hora_fin`, `estado`, `motivo`, `created_at`) VALUES (484, 63, 11, '2025-12-26 06:00:00', '17:00:00', '18:00:00', 'ASISTIDA', 'Manejo de emociones', '2026-03-15 08:54:36');
INSERT INTO `Cita` (`id_cita`, `id_estudiante`, `id_psicologo`, `fecha`, `hora_inicio`, `hora_fin`, `estado`, `motivo`, `created_at`) VALUES (485, 63, 7, '2026-04-08 06:00:00', '09:00:00', '10:00:00', 'PENDIENTE', 'Dificultades de concentración', '2026-03-15 08:54:36');
INSERT INTO `Cita` (`id_cita`, `id_estudiante`, `id_psicologo`, `fecha`, `hora_inicio`, `hora_fin`, `estado`, `motivo`, `created_at`) VALUES (486, 63, 3, '2026-04-15 06:00:00', '15:00:00', '16:00:00', 'PENDIENTE', 'Autoestima baja', '2026-03-15 08:54:36');
INSERT INTO `Cita` (`id_cita`, `id_estudiante`, `id_psicologo`, `fecha`, `hora_inicio`, `hora_fin`, `estado`, `motivo`, `created_at`) VALUES (487, 64, 2, '2025-11-25 06:00:00', '17:00:00', '18:00:00', 'CANCELADA', NULL, '2026-03-15 08:54:36');
INSERT INTO `Cita` (`id_cita`, `id_estudiante`, `id_psicologo`, `fecha`, `hora_inicio`, `hora_fin`, `estado`, `motivo`, `created_at`) VALUES (488, 64, 3, '2026-01-07 06:00:00', '15:00:00', '16:00:00', 'ASISTIDA', NULL, '2026-03-15 08:54:36');
INSERT INTO `Cita` (`id_cita`, `id_estudiante`, `id_psicologo`, `fecha`, `hora_inicio`, `hora_fin`, `estado`, `motivo`, `created_at`) VALUES (489, 64, 4, '2026-01-29 06:00:00', '08:00:00', '09:00:00', 'ASISTIDA', 'Manejo de emociones', '2026-03-15 08:54:36');
INSERT INTO `Cita` (`id_cita`, `id_estudiante`, `id_psicologo`, `fecha`, `hora_inicio`, `hora_fin`, `estado`, `motivo`, `created_at`) VALUES (490, 64, 10, '2026-02-12 06:00:00', '16:00:00', '17:00:00', 'ASISTIDA', 'Ansiedad y estrés académico', '2026-03-15 08:54:36');
INSERT INTO `Cita` (`id_cita`, `id_estudiante`, `id_psicologo`, `fecha`, `hora_inicio`, `hora_fin`, `estado`, `motivo`, `created_at`) VALUES (491, 64, 5, '2025-11-05 06:00:00', '16:00:00', '17:00:00', 'ASISTIDA', 'Manejo de emociones', '2026-03-15 08:54:36');
INSERT INTO `Cita` (`id_cita`, `id_estudiante`, `id_psicologo`, `fecha`, `hora_inicio`, `hora_fin`, `estado`, `motivo`, `created_at`) VALUES (492, 64, 4, '2025-11-11 06:00:00', '10:00:00', '11:00:00', 'ASISTIDA', 'Autoestima baja', '2026-03-15 08:54:36');
INSERT INTO `Cita` (`id_cita`, `id_estudiante`, `id_psicologo`, `fecha`, `hora_inicio`, `hora_fin`, `estado`, `motivo`, `created_at`) VALUES (493, 64, 2, '2026-03-24 06:00:00', '17:00:00', '18:00:00', 'PENDIENTE', NULL, '2026-03-15 08:54:36');
INSERT INTO `Cita` (`id_cita`, `id_estudiante`, `id_psicologo`, `fecha`, `hora_inicio`, `hora_fin`, `estado`, `motivo`, `created_at`) VALUES (494, 64, 12, '2026-04-21 06:00:00', '17:00:00', '18:00:00', 'PENDIENTE', 'Ansiedad y estrés académico', '2026-03-15 08:54:36');
INSERT INTO `Cita` (`id_cita`, `id_estudiante`, `id_psicologo`, `fecha`, `hora_inicio`, `hora_fin`, `estado`, `motivo`, `created_at`) VALUES (495, 64, 6, '2026-04-28 06:00:00', '10:00:00', '11:00:00', 'PENDIENTE', 'Ansiedad y estrés académico', '2026-03-15 08:54:36');
INSERT INTO `Cita` (`id_cita`, `id_estudiante`, `id_psicologo`, `fecha`, `hora_inicio`, `hora_fin`, `estado`, `motivo`, `created_at`) VALUES (496, 65, 11, '2025-11-07 06:00:00', '17:00:00', '18:00:00', 'PENDIENTE', 'Adaptación universitaria', '2026-03-15 08:54:36');
INSERT INTO `Cita` (`id_cita`, `id_estudiante`, `id_psicologo`, `fecha`, `hora_inicio`, `hora_fin`, `estado`, `motivo`, `created_at`) VALUES (497, 65, 2, '2026-02-27 06:00:00', '14:00:00', '15:00:00', 'ASISTIDA', 'Manejo de emociones', '2026-03-15 08:54:36');
INSERT INTO `Cita` (`id_cita`, `id_estudiante`, `id_psicologo`, `fecha`, `hora_inicio`, `hora_fin`, `estado`, `motivo`, `created_at`) VALUES (498, 65, 12, '2026-02-18 06:00:00', '16:00:00', '17:00:00', 'ASISTIDA', 'Problemas familiares', '2026-03-15 08:54:36');
INSERT INTO `Cita` (`id_cita`, `id_estudiante`, `id_psicologo`, `fecha`, `hora_inicio`, `hora_fin`, `estado`, `motivo`, `created_at`) VALUES (499, 65, 1, '2026-02-19 06:00:00', '16:00:00', '17:00:00', 'ASISTIDA', 'Manejo de emociones', '2026-03-15 08:54:36');
INSERT INTO `Cita` (`id_cita`, `id_estudiante`, `id_psicologo`, `fecha`, `hora_inicio`, `hora_fin`, `estado`, `motivo`, `created_at`) VALUES (500, 65, 6, '2026-01-31 06:00:00', '09:00:00', '10:00:00', 'ASISTIDA', NULL, '2026-03-15 08:54:36');
INSERT INTO `Cita` (`id_cita`, `id_estudiante`, `id_psicologo`, `fecha`, `hora_inicio`, `hora_fin`, `estado`, `motivo`, `created_at`) VALUES (501, 65, 10, '2026-04-23 06:00:00', '16:00:00', '17:00:00', 'PENDIENTE', 'Duelo o pérdida', '2026-03-15 08:54:36');
INSERT INTO `Cita` (`id_cita`, `id_estudiante`, `id_psicologo`, `fecha`, `hora_inicio`, `hora_fin`, `estado`, `motivo`, `created_at`) VALUES (502, 66, 10, '2026-02-11 06:00:00', '15:00:00', '16:00:00', 'PENDIENTE', 'Manejo de emociones', '2026-03-15 08:54:36');
INSERT INTO `Cita` (`id_cita`, `id_estudiante`, `id_psicologo`, `fecha`, `hora_inicio`, `hora_fin`, `estado`, `motivo`, `created_at`) VALUES (503, 66, 9, '2025-12-18 06:00:00', '10:00:00', '11:00:00', 'ASISTIDA', 'Orientación vocacional', '2026-03-15 08:54:36');
INSERT INTO `Cita` (`id_cita`, `id_estudiante`, `id_psicologo`, `fecha`, `hora_inicio`, `hora_fin`, `estado`, `motivo`, `created_at`) VALUES (504, 66, 11, '2025-11-14 06:00:00', '17:00:00', '18:00:00', 'ASISTIDA', 'Problemas familiares', '2026-03-15 08:54:36');
INSERT INTO `Cita` (`id_cita`, `id_estudiante`, `id_psicologo`, `fecha`, `hora_inicio`, `hora_fin`, `estado`, `motivo`, `created_at`) VALUES (505, 66, 9, '2026-05-05 06:00:00', '14:00:00', '15:00:00', 'PENDIENTE', NULL, '2026-03-15 08:54:36');
INSERT INTO `Cita` (`id_cita`, `id_estudiante`, `id_psicologo`, `fecha`, `hora_inicio`, `hora_fin`, `estado`, `motivo`, `created_at`) VALUES (506, 67, 11, '2026-01-31 06:00:00', '10:00:00', '11:00:00', 'ASISTIDA', 'Dificultades de concentración', '2026-03-15 08:54:36');
INSERT INTO `Cita` (`id_cita`, `id_estudiante`, `id_psicologo`, `fecha`, `hora_inicio`, `hora_fin`, `estado`, `motivo`, `created_at`) VALUES (507, 67, 9, '2026-04-28 06:00:00', '14:00:00', '15:00:00', 'PENDIENTE', 'Adaptación universitaria', '2026-03-15 08:54:36');
INSERT INTO `Cita` (`id_cita`, `id_estudiante`, `id_psicologo`, `fecha`, `hora_inicio`, `hora_fin`, `estado`, `motivo`, `created_at`) VALUES (508, 68, 3, '2025-12-18 06:00:00', '08:00:00', '09:00:00', 'ASISTIDA', 'Relaciones interpersonales', '2026-03-15 08:54:36');
INSERT INTO `Cita` (`id_cita`, `id_estudiante`, `id_psicologo`, `fecha`, `hora_inicio`, `hora_fin`, `estado`, `motivo`, `created_at`) VALUES (509, 68, 6, '2026-01-20 06:00:00', '10:00:00', '11:00:00', 'ASISTIDA', 'Duelo o pérdida', '2026-03-15 08:54:36');
INSERT INTO `Cita` (`id_cita`, `id_estudiante`, `id_psicologo`, `fecha`, `hora_inicio`, `hora_fin`, `estado`, `motivo`, `created_at`) VALUES (510, 68, 4, '2026-01-14 06:00:00', '11:00:00', '12:00:00', 'ASISTIDA', 'Relaciones interpersonales', '2026-03-15 08:54:36');
INSERT INTO `Cita` (`id_cita`, `id_estudiante`, `id_psicologo`, `fecha`, `hora_inicio`, `hora_fin`, `estado`, `motivo`, `created_at`) VALUES (511, 68, 7, '2025-12-31 06:00:00', '09:00:00', '10:00:00', 'ASISTIDA', 'Autoestima baja', '2026-03-15 08:54:36');
INSERT INTO `Cita` (`id_cita`, `id_estudiante`, `id_psicologo`, `fecha`, `hora_inicio`, `hora_fin`, `estado`, `motivo`, `created_at`) VALUES (512, 68, 8, '2026-01-27 06:00:00', '17:00:00', '18:00:00', 'ASISTIDA', 'Dificultades de concentración', '2026-03-15 08:54:36');
INSERT INTO `Cita` (`id_cita`, `id_estudiante`, `id_psicologo`, `fecha`, `hora_inicio`, `hora_fin`, `estado`, `motivo`, `created_at`) VALUES (513, 68, 9, '2025-11-05 06:00:00', '14:00:00', '15:00:00', 'CANCELADA', 'Relaciones interpersonales', '2026-03-15 08:54:36');
INSERT INTO `Cita` (`id_cita`, `id_estudiante`, `id_psicologo`, `fecha`, `hora_inicio`, `hora_fin`, `estado`, `motivo`, `created_at`) VALUES (514, 68, 3, '2026-05-01 06:00:00', '09:00:00', '10:00:00', 'PENDIENTE', 'Problemas familiares', '2026-03-15 08:54:36');
INSERT INTO `Cita` (`id_cita`, `id_estudiante`, `id_psicologo`, `fecha`, `hora_inicio`, `hora_fin`, `estado`, `motivo`, `created_at`) VALUES (515, 68, 7, '2026-03-24 06:00:00', '11:00:00', '12:00:00', 'PENDIENTE', 'Duelo o pérdida', '2026-03-15 08:54:36');
INSERT INTO `Cita` (`id_cita`, `id_estudiante`, `id_psicologo`, `fecha`, `hora_inicio`, `hora_fin`, `estado`, `motivo`, `created_at`) VALUES (516, 68, 1, '2026-04-30 06:00:00', '16:00:00', '17:00:00', 'PENDIENTE', 'Manejo de emociones', '2026-03-15 08:54:36');
INSERT INTO `Cita` (`id_cita`, `id_estudiante`, `id_psicologo`, `fecha`, `hora_inicio`, `hora_fin`, `estado`, `motivo`, `created_at`) VALUES (517, 69, 12, '2025-12-25 06:00:00', '15:00:00', '16:00:00', 'PENDIENTE', 'Problemas familiares', '2026-03-15 08:54:36');
INSERT INTO `Cita` (`id_cita`, `id_estudiante`, `id_psicologo`, `fecha`, `hora_inicio`, `hora_fin`, `estado`, `motivo`, `created_at`) VALUES (518, 69, 7, '2026-02-05 06:00:00', '15:00:00', '16:00:00', 'ASISTIDA', 'Duelo o pérdida', '2026-03-15 08:54:36');
INSERT INTO `Cita` (`id_cita`, `id_estudiante`, `id_psicologo`, `fecha`, `hora_inicio`, `hora_fin`, `estado`, `motivo`, `created_at`) VALUES (519, 69, 8, '2025-11-22 06:00:00', '11:00:00', '12:00:00', 'ASISTIDA', 'Autoestima baja', '2026-03-15 08:54:36');
INSERT INTO `Cita` (`id_cita`, `id_estudiante`, `id_psicologo`, `fecha`, `hora_inicio`, `hora_fin`, `estado`, `motivo`, `created_at`) VALUES (520, 69, 3, '2026-01-23 06:00:00', '09:00:00', '10:00:00', 'ASISTIDA', 'Ansiedad y estrés académico', '2026-03-15 08:54:36');
INSERT INTO `Cita` (`id_cita`, `id_estudiante`, `id_psicologo`, `fecha`, `hora_inicio`, `hora_fin`, `estado`, `motivo`, `created_at`) VALUES (521, 70, 6, '2025-12-03 06:00:00', '11:00:00', '12:00:00', 'CANCELADA', 'Problemas familiares', '2026-03-15 08:54:36');
INSERT INTO `Cita` (`id_cita`, `id_estudiante`, `id_psicologo`, `fecha`, `hora_inicio`, `hora_fin`, `estado`, `motivo`, `created_at`) VALUES (522, 70, 7, '2026-01-27 06:00:00', '11:00:00', '12:00:00', 'CANCELADA', 'Manejo de emociones', '2026-03-15 08:54:36');
INSERT INTO `Cita` (`id_cita`, `id_estudiante`, `id_psicologo`, `fecha`, `hora_inicio`, `hora_fin`, `estado`, `motivo`, `created_at`) VALUES (523, 70, 11, '2026-01-23 06:00:00', '17:00:00', '18:00:00', 'PENDIENTE', 'Duelo o pérdida', '2026-03-15 08:54:36');
INSERT INTO `Cita` (`id_cita`, `id_estudiante`, `id_psicologo`, `fecha`, `hora_inicio`, `hora_fin`, `estado`, `motivo`, `created_at`) VALUES (524, 70, 10, '2025-11-12 06:00:00', '15:00:00', '16:00:00', 'ASISTIDA', 'Relaciones interpersonales', '2026-03-15 08:54:36');
INSERT INTO `Cita` (`id_cita`, `id_estudiante`, `id_psicologo`, `fecha`, `hora_inicio`, `hora_fin`, `estado`, `motivo`, `created_at`) VALUES (525, 70, 7, '2026-01-08 06:00:00', '15:00:00', '16:00:00', 'ASISTIDA', 'Problemas familiares', '2026-03-15 08:54:36');
INSERT INTO `Cita` (`id_cita`, `id_estudiante`, `id_psicologo`, `fecha`, `hora_inicio`, `hora_fin`, `estado`, `motivo`, `created_at`) VALUES (526, 70, 8, '2026-01-31 06:00:00', '11:00:00', '12:00:00', 'ASISTIDA', 'Relaciones interpersonales', '2026-03-15 08:54:36');
INSERT INTO `Cita` (`id_cita`, `id_estudiante`, `id_psicologo`, `fecha`, `hora_inicio`, `hora_fin`, `estado`, `motivo`, `created_at`) VALUES (527, 70, 7, '2026-05-06 06:00:00', '09:00:00', '10:00:00', 'PENDIENTE', 'Autoestima baja', '2026-03-15 08:54:36');
INSERT INTO `Cita` (`id_cita`, `id_estudiante`, `id_psicologo`, `fecha`, `hora_inicio`, `hora_fin`, `estado`, `motivo`, `created_at`) VALUES (528, 70, 10, '2026-05-08 06:00:00', '10:00:00', '11:00:00', 'PENDIENTE', 'Ansiedad y estrés académico', '2026-03-15 08:54:36');
INSERT INTO `Cita` (`id_cita`, `id_estudiante`, `id_psicologo`, `fecha`, `hora_inicio`, `hora_fin`, `estado`, `motivo`, `created_at`) VALUES (529, 71, 10, '2026-02-25 06:00:00', '15:00:00', '16:00:00', 'ASISTIDA', 'Manejo de emociones', '2026-03-15 08:54:36');
INSERT INTO `Cita` (`id_cita`, `id_estudiante`, `id_psicologo`, `fecha`, `hora_inicio`, `hora_fin`, `estado`, `motivo`, `created_at`) VALUES (530, 71, 8, '2025-11-26 06:00:00', '17:00:00', '18:00:00', 'ASISTIDA', 'Adaptación universitaria', '2026-03-15 08:54:36');
INSERT INTO `Cita` (`id_cita`, `id_estudiante`, `id_psicologo`, `fecha`, `hora_inicio`, `hora_fin`, `estado`, `motivo`, `created_at`) VALUES (531, 72, 3, '2026-02-19 06:00:00', '08:00:00', '09:00:00', 'ASISTIDA', 'Manejo de emociones', '2026-03-15 08:54:36');
INSERT INTO `Cita` (`id_cita`, `id_estudiante`, `id_psicologo`, `fecha`, `hora_inicio`, `hora_fin`, `estado`, `motivo`, `created_at`) VALUES (532, 72, 9, '2025-12-25 06:00:00', '10:00:00', '11:00:00', 'PENDIENTE', 'Duelo o pérdida', '2026-03-15 08:54:36');
INSERT INTO `Cita` (`id_cita`, `id_estudiante`, `id_psicologo`, `fecha`, `hora_inicio`, `hora_fin`, `estado`, `motivo`, `created_at`) VALUES (533, 72, 10, '2025-11-15 06:00:00', '11:00:00', '12:00:00', 'CANCELADA', 'Dificultades de concentración', '2026-03-15 08:54:36');
INSERT INTO `Cita` (`id_cita`, `id_estudiante`, `id_psicologo`, `fecha`, `hora_inicio`, `hora_fin`, `estado`, `motivo`, `created_at`) VALUES (534, 72, 3, '2026-04-09 06:00:00', '08:00:00', '09:00:00', 'PENDIENTE', 'Orientación vocacional', '2026-03-15 08:54:36');
INSERT INTO `Cita` (`id_cita`, `id_estudiante`, `id_psicologo`, `fecha`, `hora_inicio`, `hora_fin`, `estado`, `motivo`, `created_at`) VALUES (535, 73, 7, '2025-12-02 06:00:00', '11:00:00', '12:00:00', 'PENDIENTE', 'Manejo de emociones', '2026-03-15 08:54:36');
INSERT INTO `Cita` (`id_cita`, `id_estudiante`, `id_psicologo`, `fecha`, `hora_inicio`, `hora_fin`, `estado`, `motivo`, `created_at`) VALUES (536, 73, 7, '2026-05-08 06:00:00', '17:00:00', '18:00:00', 'PENDIENTE', 'Ansiedad y estrés académico', '2026-03-15 08:54:36');
INSERT INTO `Cita` (`id_cita`, `id_estudiante`, `id_psicologo`, `fecha`, `hora_inicio`, `hora_fin`, `estado`, `motivo`, `created_at`) VALUES (537, 74, 1, '2025-12-04 06:00:00', '16:00:00', '17:00:00', 'ASISTIDA', 'Ansiedad y estrés académico', '2026-03-15 08:54:36');
INSERT INTO `Cita` (`id_cita`, `id_estudiante`, `id_psicologo`, `fecha`, `hora_inicio`, `hora_fin`, `estado`, `motivo`, `created_at`) VALUES (538, 75, 9, '2025-11-25 06:00:00', '14:00:00', '15:00:00', 'ASISTIDA', 'Orientación vocacional', '2026-03-15 08:54:36');
INSERT INTO `Cita` (`id_cita`, `id_estudiante`, `id_psicologo`, `fecha`, `hora_inicio`, `hora_fin`, `estado`, `motivo`, `created_at`) VALUES (539, 75, 8, '2025-11-15 06:00:00', '11:00:00', '12:00:00', 'CANCELADA', 'Duelo o pérdida', '2026-03-15 08:54:36');
INSERT INTO `Cita` (`id_cita`, `id_estudiante`, `id_psicologo`, `fecha`, `hora_inicio`, `hora_fin`, `estado`, `motivo`, `created_at`) VALUES (540, 75, 9, '2025-11-26 06:00:00', '14:00:00', '15:00:00', 'ASISTIDA', 'Ansiedad y estrés académico', '2026-03-15 08:54:36');
INSERT INTO `Cita` (`id_cita`, `id_estudiante`, `id_psicologo`, `fecha`, `hora_inicio`, `hora_fin`, `estado`, `motivo`, `created_at`) VALUES (541, 75, 5, '2026-04-01 06:00:00', '16:00:00', '17:00:00', 'PENDIENTE', 'Problemas para dormir', '2026-03-15 08:54:36');
INSERT INTO `Cita` (`id_cita`, `id_estudiante`, `id_psicologo`, `fecha`, `hora_inicio`, `hora_fin`, `estado`, `motivo`, `created_at`) VALUES (542, 76, 5, '2026-02-11 06:00:00', '16:00:00', '17:00:00', 'ASISTIDA', 'Ansiedad y estrés académico', '2026-03-15 08:54:36');
INSERT INTO `Cita` (`id_cita`, `id_estudiante`, `id_psicologo`, `fecha`, `hora_inicio`, `hora_fin`, `estado`, `motivo`, `created_at`) VALUES (543, 76, 10, '2025-12-18 06:00:00', '16:00:00', '17:00:00', 'ASISTIDA', 'Orientación vocacional', '2026-03-15 08:54:36');
INSERT INTO `Cita` (`id_cita`, `id_estudiante`, `id_psicologo`, `fecha`, `hora_inicio`, `hora_fin`, `estado`, `motivo`, `created_at`) VALUES (544, 77, 10, '2025-11-06 06:00:00', '16:00:00', '17:00:00', 'PENDIENTE', 'Manejo de emociones', '2026-03-15 08:54:36');
INSERT INTO `Cita` (`id_cita`, `id_estudiante`, `id_psicologo`, `fecha`, `hora_inicio`, `hora_fin`, `estado`, `motivo`, `created_at`) VALUES (545, 77, 12, '2025-11-18 06:00:00', '17:00:00', '18:00:00', 'CANCELADA', 'Problemas para dormir', '2026-03-15 08:54:36');
INSERT INTO `Cita` (`id_cita`, `id_estudiante`, `id_psicologo`, `fecha`, `hora_inicio`, `hora_fin`, `estado`, `motivo`, `created_at`) VALUES (546, 77, 4, '2025-11-26 06:00:00', '11:00:00', '12:00:00', 'ASISTIDA', 'Manejo de emociones', '2026-03-15 08:54:36');
INSERT INTO `Cita` (`id_cita`, `id_estudiante`, `id_psicologo`, `fecha`, `hora_inicio`, `hora_fin`, `estado`, `motivo`, `created_at`) VALUES (547, 77, 11, '2026-01-30 06:00:00', '17:00:00', '18:00:00', 'ASISTIDA', 'Problemas para dormir', '2026-03-15 08:54:36');
INSERT INTO `Cita` (`id_cita`, `id_estudiante`, `id_psicologo`, `fecha`, `hora_inicio`, `hora_fin`, `estado`, `motivo`, `created_at`) VALUES (548, 77, 4, '2026-02-20 06:00:00', '14:00:00', '15:00:00', 'ASISTIDA', 'Manejo de emociones', '2026-03-15 08:54:36');
INSERT INTO `Cita` (`id_cita`, `id_estudiante`, `id_psicologo`, `fecha`, `hora_inicio`, `hora_fin`, `estado`, `motivo`, `created_at`) VALUES (549, 77, 10, '2026-05-16 06:00:00', '11:00:00', '12:00:00', 'PENDIENTE', 'Problemas para dormir', '2026-03-15 08:54:36');
INSERT INTO `Cita` (`id_cita`, `id_estudiante`, `id_psicologo`, `fecha`, `hora_inicio`, `hora_fin`, `estado`, `motivo`, `created_at`) VALUES (550, 78, 12, '2025-12-17 06:00:00', '16:00:00', '17:00:00', 'ASISTIDA', 'Manejo de emociones', '2026-03-15 08:54:36');
INSERT INTO `Cita` (`id_cita`, `id_estudiante`, `id_psicologo`, `fecha`, `hora_inicio`, `hora_fin`, `estado`, `motivo`, `created_at`) VALUES (551, 78, 10, '2026-01-21 06:00:00', '15:00:00', '16:00:00', 'ASISTIDA', 'Manejo de emociones', '2026-03-15 08:54:36');
INSERT INTO `Cita` (`id_cita`, `id_estudiante`, `id_psicologo`, `fecha`, `hora_inicio`, `hora_fin`, `estado`, `motivo`, `created_at`) VALUES (552, 78, 5, '2025-11-28 06:00:00', '09:00:00', '10:00:00', 'ASISTIDA', 'Duelo o pérdida', '2026-03-15 08:54:36');
INSERT INTO `Cita` (`id_cita`, `id_estudiante`, `id_psicologo`, `fecha`, `hora_inicio`, `hora_fin`, `estado`, `motivo`, `created_at`) VALUES (553, 78, 5, '2025-12-10 06:00:00', '16:00:00', '17:00:00', 'ASISTIDA', 'Problemas familiares', '2026-03-15 08:54:36');
INSERT INTO `Cita` (`id_cita`, `id_estudiante`, `id_psicologo`, `fecha`, `hora_inicio`, `hora_fin`, `estado`, `motivo`, `created_at`) VALUES (554, 78, 5, '2026-04-18 06:00:00', '11:00:00', '12:00:00', 'PENDIENTE', 'Relaciones interpersonales', '2026-03-15 08:54:36');
INSERT INTO `Cita` (`id_cita`, `id_estudiante`, `id_psicologo`, `fecha`, `hora_inicio`, `hora_fin`, `estado`, `motivo`, `created_at`) VALUES (555, 79, 3, '2025-11-21 06:00:00', '09:00:00', '10:00:00', 'PENDIENTE', 'Dificultades de concentración', '2026-03-15 08:54:36');
INSERT INTO `Cita` (`id_cita`, `id_estudiante`, `id_psicologo`, `fecha`, `hora_inicio`, `hora_fin`, `estado`, `motivo`, `created_at`) VALUES (556, 79, 2, '2025-11-26 06:00:00', '14:00:00', '15:00:00', 'PENDIENTE', 'Relaciones interpersonales', '2026-03-15 08:54:36');
INSERT INTO `Cita` (`id_cita`, `id_estudiante`, `id_psicologo`, `fecha`, `hora_inicio`, `hora_fin`, `estado`, `motivo`, `created_at`) VALUES (557, 79, 1, '2025-12-24 06:00:00', '15:00:00', '16:00:00', 'ASISTIDA', 'Duelo o pérdida', '2026-03-15 08:54:36');
INSERT INTO `Cita` (`id_cita`, `id_estudiante`, `id_psicologo`, `fecha`, `hora_inicio`, `hora_fin`, `estado`, `motivo`, `created_at`) VALUES (558, 79, 9, '2025-12-10 06:00:00', '14:00:00', '15:00:00', 'ASISTIDA', 'Duelo o pérdida', '2026-03-15 08:54:36');
INSERT INTO `Cita` (`id_cita`, `id_estudiante`, `id_psicologo`, `fecha`, `hora_inicio`, `hora_fin`, `estado`, `motivo`, `created_at`) VALUES (559, 79, 1, '2026-01-14 06:00:00', '15:00:00', '16:00:00', 'ASISTIDA', 'Adaptación universitaria', '2026-03-15 08:54:36');
INSERT INTO `Cita` (`id_cita`, `id_estudiante`, `id_psicologo`, `fecha`, `hora_inicio`, `hora_fin`, `estado`, `motivo`, `created_at`) VALUES (560, 79, 1, '2026-05-14 06:00:00', '16:00:00', '17:00:00', 'PENDIENTE', 'Adaptación universitaria', '2026-03-15 08:54:36');
INSERT INTO `Cita` (`id_cita`, `id_estudiante`, `id_psicologo`, `fecha`, `hora_inicio`, `hora_fin`, `estado`, `motivo`, `created_at`) VALUES (561, 79, 1, '2026-04-08 06:00:00', '15:00:00', '16:00:00', 'PENDIENTE', 'Autoestima baja', '2026-03-15 08:54:36');
INSERT INTO `Cita` (`id_cita`, `id_estudiante`, `id_psicologo`, `fecha`, `hora_inicio`, `hora_fin`, `estado`, `motivo`, `created_at`) VALUES (562, 80, 7, '2026-02-19 06:00:00', '15:00:00', '16:00:00', 'ASISTIDA', 'Problemas para dormir', '2026-03-15 08:54:36');
INSERT INTO `Cita` (`id_cita`, `id_estudiante`, `id_psicologo`, `fecha`, `hora_inicio`, `hora_fin`, `estado`, `motivo`, `created_at`) VALUES (563, 80, 6, '2025-12-23 06:00:00', '10:00:00', '11:00:00', 'ASISTIDA', 'Orientación vocacional', '2026-03-15 08:54:36');
INSERT INTO `Cita` (`id_cita`, `id_estudiante`, `id_psicologo`, `fecha`, `hora_inicio`, `hora_fin`, `estado`, `motivo`, `created_at`) VALUES (564, 80, 11, '2026-05-16 06:00:00', '10:00:00', '11:00:00', 'PENDIENTE', 'Orientación vocacional', '2026-03-15 08:54:36');

-- ── Sesion (242 filas) ──
TRUNCATE TABLE `Sesion`;
INSERT INTO `Sesion` (`id_sesion`, `id_cita`, `numero_sesion`, `notas`, `recomendaciones`, `fecha_registro`) VALUES (1, 3, 1, 'Paciente muestra signos de ansiedad generalizada. Se aplica escala GAD-7. Se inicia plan cognitivo-conductual.', 'Mantener contacto social. Participar en actividades extracurriculares.', '2026-03-15 08:54:35');
INSERT INTO `Sesion` (`id_sesion`, `id_cita`, `numero_sesion`, `notas`, `recomendaciones`, `fecha_registro`) VALUES (2, 4, 1, 'Se exploran factores precipitantes. Planificación de actividades agradables.', 'Practicar respiración profunda 10 min al día. Reducir cafeína.', '2026-03-15 08:54:35');
INSERT INTO `Sesion` (`id_sesion`, `id_cita`, `numero_sesion`, `notas`, `recomendaciones`, `fecha_registro`) VALUES (3, 5, 1, 'Sesión de habilidades sociales y asertividad. Role-playing de situaciones conflictivas.', 'Mantener contacto social. Participar en actividades extracurriculares.', '2026-03-15 08:54:35');
INSERT INTO `Sesion` (`id_sesion`, `id_cita`, `numero_sesion`, `notas`, `recomendaciones`, `fecha_registro`) VALUES (4, 6, 1, 'Sesión de habilidades sociales y asertividad. Role-playing de situaciones conflictivas.', 'Practicar respiración profunda 10 min al día. Reducir cafeína.', '2026-03-15 08:54:35');
INSERT INTO `Sesion` (`id_sesion`, `id_cita`, `numero_sesion`, `notas`, `recomendaciones`, `fecha_registro`) VALUES (5, 10, 1, 'Se exploró historia académica y expectativas vocacionales. Se identificaron fortalezas e intereses.', 'Practicar respiración profunda 10 min al día. Reducir cafeína.', '2026-03-15 08:54:35');
INSERT INTO `Sesion` (`id_sesion`, `id_cita`, `numero_sesion`, `notas`, `recomendaciones`, `fecha_registro`) VALUES (6, 12, 2, 'Paciente muestra signos de ansiedad generalizada. Se aplica escala GAD-7. Se inicia plan cognitivo-conductual.', 'Investigar opciones vocacionales antes de la próxima sesión.', '2026-03-15 08:54:35');
INSERT INTO `Sesion` (`id_sesion`, `id_cita`, `numero_sesion`, `notas`, `recomendaciones`, `fecha_registro`) VALUES (7, 14, 1, 'Sesión de psicoeducación sobre ciclos del sueño. Se establecieron rutinas de higiene del sueño.', 'Tomar descansos de 10 min cada hora de estudio. Técnica Pomodoro.', '2026-03-15 08:54:35');
INSERT INTO `Sesion` (`id_sesion`, `id_cita`, `numero_sesion`, `notas`, `recomendaciones`, `fecha_registro`) VALUES (8, 15, 1, 'Sesión de psicoeducación sobre ciclos del sueño. Se establecieron rutinas de higiene del sueño.', 'Comunicar sentimientos de manera asertiva. Establecer límites claros.', '2026-03-15 08:54:35');
INSERT INTO `Sesion` (`id_sesion`, `id_cita`, `numero_sesion`, `notas`, `recomendaciones`, `fecha_registro`) VALUES (9, 19, 1, 'Sesión de psicoeducación sobre ciclos del sueño. Se establecieron rutinas de higiene del sueño.', 'Investigar opciones vocacionales antes de la próxima sesión.', '2026-03-15 08:54:35');
INSERT INTO `Sesion` (`id_sesion`, `id_cita`, `numero_sesion`, `notas`, `recomendaciones`, `fecha_registro`) VALUES (10, 20, 1, 'Se realizó evaluación neuropsicológica básica. Resultados dentro de parámetros normales.', 'Llevar diario de pensamientos. Identificar situaciones que generan ansiedad.', '2026-03-15 08:54:35');
INSERT INTO `Sesion` (`id_sesion`, `id_cita`, `numero_sesion`, `notas`, `recomendaciones`, `fecha_registro`) VALUES (11, 21, 2, 'Paciente muestra resistencia al cambio. Se trabajan motivaciones y ambivalencia.', 'Tomar descansos de 10 min cada hora de estudio. Técnica Pomodoro.', '2026-03-15 08:54:35');
INSERT INTO `Sesion` (`id_sesion`, `id_cita`, `numero_sesion`, `notas`, `recomendaciones`, `fecha_registro`) VALUES (12, 27, 1, 'Se exploró historia académica y expectativas vocacionales. Se identificaron fortalezas e intereses.', 'Tomar descansos de 10 min cada hora de estudio. Técnica Pomodoro.', '2026-03-15 08:54:35');
INSERT INTO `Sesion` (`id_sesion`, `id_cita`, `numero_sesion`, `notas`, `recomendaciones`, `fecha_registro`) VALUES (13, 29, 1, 'Paciente muestra signos de ansiedad generalizada. Se aplica escala GAD-7. Se inicia plan cognitivo-conductual.', 'Investigar opciones vocacionales antes de la próxima sesión.', '2026-03-15 08:54:35');
INSERT INTO `Sesion` (`id_sesion`, `id_cita`, `numero_sesion`, `notas`, `recomendaciones`, `fecha_registro`) VALUES (14, 35, 1, 'Paciente reporta mejoría en manejo del estrés. Se refuerzan estrategias de afrontamiento.', 'Ejercicio aeróbico 30 min, 3 veces por semana.', '2026-03-15 08:54:35');
INSERT INTO `Sesion` (`id_sesion`, `id_cita`, `numero_sesion`, `notas`, `recomendaciones`, `fecha_registro`) VALUES (15, 37, 2, 'Se abordó patrón de pensamientos automáticos negativos. Inicio de registro de pensamientos.', 'Ejercicio aeróbico 30 min, 3 veces por semana.', '2026-03-15 08:54:35');
INSERT INTO `Sesion` (`id_sesion`, `id_cita`, `numero_sesion`, `notas`, `recomendaciones`, `fecha_registro`) VALUES (16, 38, 3, 'Se exploran factores precipitantes. Planificación de actividades agradables.', 'Practicar respiración profunda 10 min al día. Reducir cafeína.', '2026-03-15 08:54:35');
INSERT INTO `Sesion` (`id_sesion`, `id_cita`, `numero_sesion`, `notas`, `recomendaciones`, `fecha_registro`) VALUES (17, 39, 1, 'Sesión de habilidades sociales y asertividad. Role-playing de situaciones conflictivas.', 'Ejercicio aeróbico 30 min, 3 veces por semana.', '2026-03-15 08:54:35');
INSERT INTO `Sesion` (`id_sesion`, `id_cita`, `numero_sesion`, `notas`, `recomendaciones`, `fecha_registro`) VALUES (18, 40, 1, 'Se exploró historia académica y expectativas vocacionales. Se identificaron fortalezas e intereses.', 'Comunicar sentimientos de manera asertiva. Establecer límites claros.', '2026-03-15 08:54:35');
INSERT INTO `Sesion` (`id_sesion`, `id_cita`, `numero_sesion`, `notas`, `recomendaciones`, `fecha_registro`) VALUES (19, 45, 1, 'Sesión de psicoeducación sobre ciclos del sueño. Se establecieron rutinas de higiene del sueño.', 'Llevar diario de pensamientos. Identificar situaciones que generan ansiedad.', '2026-03-15 08:54:35');
INSERT INTO `Sesion` (`id_sesion`, `id_cita`, `numero_sesion`, `notas`, `recomendaciones`, `fecha_registro`) VALUES (20, 46, 1, 'Se abordó patrón de pensamientos automáticos negativos. Inicio de registro de pensamientos.', 'Llevar diario de pensamientos. Identificar situaciones que generan ansiedad.', '2026-03-15 08:54:35');
INSERT INTO `Sesion` (`id_sesion`, `id_cita`, `numero_sesion`, `notas`, `recomendaciones`, `fecha_registro`) VALUES (21, 47, 1, 'Sesión de habilidades sociales y asertividad. Role-playing de situaciones conflictivas.', 'Mantener contacto social. Participar en actividades extracurriculares.', '2026-03-15 08:54:35');
INSERT INTO `Sesion` (`id_sesion`, `id_cita`, `numero_sesion`, `notas`, `recomendaciones`, `fecha_registro`) VALUES (22, 48, 1, 'Se exploró historia académica y expectativas vocacionales. Se identificaron fortalezas e intereses.', 'Tomar descansos de 10 min cada hora de estudio. Técnica Pomodoro.', '2026-03-15 08:54:35');
INSERT INTO `Sesion` (`id_sesion`, `id_cita`, `numero_sesion`, `notas`, `recomendaciones`, `fecha_registro`) VALUES (23, 52, 1, 'Se realizó evaluación neuropsicológica básica. Resultados dentro de parámetros normales.', 'Comunicar sentimientos de manera asertiva. Establecer límites claros.', '2026-03-15 08:54:35');
INSERT INTO `Sesion` (`id_sesion`, `id_cita`, `numero_sesion`, `notas`, `recomendaciones`, `fecha_registro`) VALUES (24, 53, 1, 'Se realizó evaluación neuropsicológica básica. Resultados dentro de parámetros normales.', 'Practicar respiración profunda 10 min al día. Reducir cafeína.', '2026-03-15 08:54:35');
INSERT INTO `Sesion` (`id_sesion`, `id_cita`, `numero_sesion`, `notas`, `recomendaciones`, `fecha_registro`) VALUES (25, 54, 1, 'Paciente muestra resistencia al cambio. Se trabajan motivaciones y ambivalencia.', 'Practicar técnica STOP ante pensamientos intrusivos.', '2026-03-15 08:54:35');
INSERT INTO `Sesion` (`id_sesion`, `id_cita`, `numero_sesion`, `notas`, `recomendaciones`, `fecha_registro`) VALUES (26, 56, 1, 'Se realizó evaluación neuropsicológica básica. Resultados dentro de parámetros normales.', 'Llevar diario de pensamientos. Identificar situaciones que generan ansiedad.', '2026-03-15 08:54:35');
INSERT INTO `Sesion` (`id_sesion`, `id_cita`, `numero_sesion`, `notas`, `recomendaciones`, `fecha_registro`) VALUES (27, 61, 1, 'Sesión de habilidades sociales y asertividad. Role-playing de situaciones conflictivas.', 'Ejercicio aeróbico 30 min, 3 veces por semana.', '2026-03-15 08:54:35');
INSERT INTO `Sesion` (`id_sesion`, `id_cita`, `numero_sesion`, `notas`, `recomendaciones`, `fecha_registro`) VALUES (28, 62, 1, 'Sesión de psicoeducación sobre ciclos del sueño. Se establecieron rutinas de higiene del sueño.', 'Llevar diario de pensamientos. Identificar situaciones que generan ansiedad.', '2026-03-15 08:54:35');
INSERT INTO `Sesion` (`id_sesion`, `id_cita`, `numero_sesion`, `notas`, `recomendaciones`, `fecha_registro`) VALUES (29, 67, 1, 'Sesión de habilidades sociales y asertividad. Role-playing de situaciones conflictivas.', 'Tomar descansos de 10 min cada hora de estudio. Técnica Pomodoro.', '2026-03-15 08:54:35');
INSERT INTO `Sesion` (`id_sesion`, `id_cita`, `numero_sesion`, `notas`, `recomendaciones`, `fecha_registro`) VALUES (30, 68, 1, 'Sesión de psicoeducación sobre ciclos del sueño. Se establecieron rutinas de higiene del sueño.', 'Mantener contacto social. Participar en actividades extracurriculares.', '2026-03-15 08:54:35');
INSERT INTO `Sesion` (`id_sesion`, `id_cita`, `numero_sesion`, `notas`, `recomendaciones`, `fecha_registro`) VALUES (31, 69, 1, 'Se realizó evaluación neuropsicológica básica. Resultados dentro de parámetros normales.', 'Tomar descansos de 10 min cada hora de estudio. Técnica Pomodoro.', '2026-03-15 08:54:35');
INSERT INTO `Sesion` (`id_sesion`, `id_cita`, `numero_sesion`, `notas`, `recomendaciones`, `fecha_registro`) VALUES (32, 72, 1, 'Se abordó patrón de pensamientos automáticos negativos. Inicio de registro de pensamientos.', 'Ejercicio aeróbico 30 min, 3 veces por semana.', '2026-03-15 08:54:35');
INSERT INTO `Sesion` (`id_sesion`, `id_cita`, `numero_sesion`, `notas`, `recomendaciones`, `fecha_registro`) VALUES (33, 73, 1, 'Sesión de habilidades sociales y asertividad. Role-playing de situaciones conflictivas.', 'Mantener contacto social. Participar en actividades extracurriculares.', '2026-03-15 08:54:35');
INSERT INTO `Sesion` (`id_sesion`, `id_cita`, `numero_sesion`, `notas`, `recomendaciones`, `fecha_registro`) VALUES (34, 78, 1, 'Se exploró historia académica y expectativas vocacionales. Se identificaron fortalezas e intereses.', 'Practicar respiración profunda 10 min al día. Reducir cafeína.', '2026-03-15 08:54:35');
INSERT INTO `Sesion` (`id_sesion`, `id_cita`, `numero_sesion`, `notas`, `recomendaciones`, `fecha_registro`) VALUES (35, 79, 1, 'Se trabajó técnica de respiración diafragmática y relajación muscular. Buena receptividad.', 'Mantener contacto social. Participar en actividades extracurriculares.', '2026-03-15 08:54:35');
INSERT INTO `Sesion` (`id_sesion`, `id_cita`, `numero_sesion`, `notas`, `recomendaciones`, `fecha_registro`) VALUES (36, 80, 1, 'Paciente muestra signos de ansiedad generalizada. Se aplica escala GAD-7. Se inicia plan cognitivo-conductual.', 'Tomar descansos de 10 min cada hora de estudio. Técnica Pomodoro.', '2026-03-15 08:54:35');
INSERT INTO `Sesion` (`id_sesion`, `id_cita`, `numero_sesion`, `notas`, `recomendaciones`, `fecha_registro`) VALUES (37, 81, 1, 'Se exploran factores precipitantes. Planificación de actividades agradables.', 'Ejercicio aeróbico 30 min, 3 veces por semana.', '2026-03-15 08:54:35');
INSERT INTO `Sesion` (`id_sesion`, `id_cita`, `numero_sesion`, `notas`, `recomendaciones`, `fecha_registro`) VALUES (38, 82, 1, 'Paciente muestra signos de ansiedad generalizada. Se aplica escala GAD-7. Se inicia plan cognitivo-conductual.', 'Ejercicio aeróbico 30 min, 3 veces por semana.', '2026-03-15 08:54:35');
INSERT INTO `Sesion` (`id_sesion`, `id_cita`, `numero_sesion`, `notas`, `recomendaciones`, `fecha_registro`) VALUES (39, 84, 1, 'Se abordó patrón de pensamientos automáticos negativos. Inicio de registro de pensamientos.', 'Practicar técnica STOP ante pensamientos intrusivos.', '2026-03-15 08:54:35');
INSERT INTO `Sesion` (`id_sesion`, `id_cita`, `numero_sesion`, `notas`, `recomendaciones`, `fecha_registro`) VALUES (40, 89, 1, 'Se exploró historia académica y expectativas vocacionales. Se identificaron fortalezas e intereses.', 'Investigar opciones vocacionales antes de la próxima sesión.', '2026-03-15 08:54:35');
INSERT INTO `Sesion` (`id_sesion`, `id_cita`, `numero_sesion`, `notas`, `recomendaciones`, `fecha_registro`) VALUES (41, 90, 1, 'Se exploran factores precipitantes. Planificación de actividades agradables.', 'Investigar opciones vocacionales antes de la próxima sesión.', '2026-03-15 08:54:35');
INSERT INTO `Sesion` (`id_sesion`, `id_cita`, `numero_sesion`, `notas`, `recomendaciones`, `fecha_registro`) VALUES (42, 91, 1, 'Paciente muestra signos de ansiedad generalizada. Se aplica escala GAD-7. Se inicia plan cognitivo-conductual.', 'Practicar técnica STOP ante pensamientos intrusivos.', '2026-03-15 08:54:35');
INSERT INTO `Sesion` (`id_sesion`, `id_cita`, `numero_sesion`, `notas`, `recomendaciones`, `fecha_registro`) VALUES (43, 92, 1, 'Se exploró historia académica y expectativas vocacionales. Se identificaron fortalezas e intereses.', 'Comunicar sentimientos de manera asertiva. Establecer límites claros.', '2026-03-15 08:54:35');
INSERT INTO `Sesion` (`id_sesion`, `id_cita`, `numero_sesion`, `notas`, `recomendaciones`, `fecha_registro`) VALUES (44, 93, 2, 'Paciente reporta mejoría en manejo del estrés. Se refuerzan estrategias de afrontamiento.', 'Investigar opciones vocacionales antes de la próxima sesión.', '2026-03-15 08:54:35');
INSERT INTO `Sesion` (`id_sesion`, `id_cita`, `numero_sesion`, `notas`, `recomendaciones`, `fecha_registro`) VALUES (45, 94, 2, 'Sesión de habilidades sociales y asertividad. Role-playing de situaciones conflictivas.', 'Comunicar sentimientos de manera asertiva. Establecer límites claros.', '2026-03-15 08:54:35');
INSERT INTO `Sesion` (`id_sesion`, `id_cita`, `numero_sesion`, `notas`, `recomendaciones`, `fecha_registro`) VALUES (46, 98, 1, 'Se trabajó técnica de respiración diafragmática y relajación muscular. Buena receptividad.', 'Llevar diario de pensamientos. Identificar situaciones que generan ansiedad.', '2026-03-15 08:54:35');
INSERT INTO `Sesion` (`id_sesion`, `id_cita`, `numero_sesion`, `notas`, `recomendaciones`, `fecha_registro`) VALUES (47, 100, 1, 'Sesión de habilidades sociales y asertividad. Role-playing de situaciones conflictivas.', 'Ejercicio aeróbico 30 min, 3 veces por semana.', '2026-03-15 08:54:35');
INSERT INTO `Sesion` (`id_sesion`, `id_cita`, `numero_sesion`, `notas`, `recomendaciones`, `fecha_registro`) VALUES (48, 104, 1, 'Se exploró historia académica y expectativas vocacionales. Se identificaron fortalezas e intereses.', 'Practicar técnica STOP ante pensamientos intrusivos.', '2026-03-15 08:54:35');
INSERT INTO `Sesion` (`id_sesion`, `id_cita`, `numero_sesion`, `notas`, `recomendaciones`, `fecha_registro`) VALUES (49, 105, 1, 'Se trabajó técnica de respiración diafragmática y relajación muscular. Buena receptividad.', 'Comunicar sentimientos de manera asertiva. Establecer límites claros.', '2026-03-15 08:54:35');
INSERT INTO `Sesion` (`id_sesion`, `id_cita`, `numero_sesion`, `notas`, `recomendaciones`, `fecha_registro`) VALUES (50, 107, 1, 'Se realizó evaluación neuropsicológica básica. Resultados dentro de parámetros normales.', 'Ejercicio aeróbico 30 min, 3 veces por semana.', '2026-03-15 08:54:35');
INSERT INTO `Sesion` (`id_sesion`, `id_cita`, `numero_sesion`, `notas`, `recomendaciones`, `fecha_registro`) VALUES (51, 108, 1, 'Se abordó patrón de pensamientos automáticos negativos. Inicio de registro de pensamientos.', 'Ejercicio aeróbico 30 min, 3 veces por semana.', '2026-03-15 08:54:35');
INSERT INTO `Sesion` (`id_sesion`, `id_cita`, `numero_sesion`, `notas`, `recomendaciones`, `fecha_registro`) VALUES (52, 109, 1, 'Se trabajó técnica de respiración diafragmática y relajación muscular. Buena receptividad.', 'Tomar descansos de 10 min cada hora de estudio. Técnica Pomodoro.', '2026-03-15 08:54:35');
INSERT INTO `Sesion` (`id_sesion`, `id_cita`, `numero_sesion`, `notas`, `recomendaciones`, `fecha_registro`) VALUES (53, 113, 1, 'Se trabajó técnica de respiración diafragmática y relajación muscular. Buena receptividad.', 'Practicar respiración profunda 10 min al día. Reducir cafeína.', '2026-03-15 08:54:35');
INSERT INTO `Sesion` (`id_sesion`, `id_cita`, `numero_sesion`, `notas`, `recomendaciones`, `fecha_registro`) VALUES (54, 114, 1, 'Se exploró historia académica y expectativas vocacionales. Se identificaron fortalezas e intereses.', 'Practicar respiración profunda 10 min al día. Reducir cafeína.', '2026-03-15 08:54:35');
INSERT INTO `Sesion` (`id_sesion`, `id_cita`, `numero_sesion`, `notas`, `recomendaciones`, `fecha_registro`) VALUES (55, 117, 1, 'Sesión de habilidades sociales y asertividad. Role-playing de situaciones conflictivas.', 'Investigar opciones vocacionales antes de la próxima sesión.', '2026-03-15 08:54:35');
INSERT INTO `Sesion` (`id_sesion`, `id_cita`, `numero_sesion`, `notas`, `recomendaciones`, `fecha_registro`) VALUES (56, 119, 2, 'Se trabajó técnica de respiración diafragmática y relajación muscular. Buena receptividad.', 'Practicar técnica STOP ante pensamientos intrusivos.', '2026-03-15 08:54:35');
INSERT INTO `Sesion` (`id_sesion`, `id_cita`, `numero_sesion`, `notas`, `recomendaciones`, `fecha_registro`) VALUES (57, 125, 1, 'Paciente muestra resistencia al cambio. Se trabajan motivaciones y ambivalencia.', 'Investigar opciones vocacionales antes de la próxima sesión.', '2026-03-15 08:54:35');
INSERT INTO `Sesion` (`id_sesion`, `id_cita`, `numero_sesion`, `notas`, `recomendaciones`, `fecha_registro`) VALUES (58, 132, 1, 'Paciente muestra resistencia al cambio. Se trabajan motivaciones y ambivalencia.', 'Llevar diario de pensamientos. Identificar situaciones que generan ansiedad.', '2026-03-15 08:54:35');
INSERT INTO `Sesion` (`id_sesion`, `id_cita`, `numero_sesion`, `notas`, `recomendaciones`, `fecha_registro`) VALUES (59, 133, 1, 'Se realizó evaluación neuropsicológica básica. Resultados dentro de parámetros normales.', 'Practicar técnica STOP ante pensamientos intrusivos.', '2026-03-15 08:54:35');
INSERT INTO `Sesion` (`id_sesion`, `id_cita`, `numero_sesion`, `notas`, `recomendaciones`, `fecha_registro`) VALUES (60, 134, 2, 'Se exploró historia académica y expectativas vocacionales. Se identificaron fortalezas e intereses.', 'Ejercicio aeróbico 30 min, 3 veces por semana.', '2026-03-15 08:54:35');
INSERT INTO `Sesion` (`id_sesion`, `id_cita`, `numero_sesion`, `notas`, `recomendaciones`, `fecha_registro`) VALUES (61, 135, 1, 'Sesión de psicoeducación sobre ciclos del sueño. Se establecieron rutinas de higiene del sueño.', 'Comunicar sentimientos de manera asertiva. Establecer límites claros.', '2026-03-15 08:54:35');
INSERT INTO `Sesion` (`id_sesion`, `id_cita`, `numero_sesion`, `notas`, `recomendaciones`, `fecha_registro`) VALUES (62, 139, 1, 'Sesión de psicoeducación sobre ciclos del sueño. Se establecieron rutinas de higiene del sueño.', 'Mantener contacto social. Participar en actividades extracurriculares.', '2026-03-15 08:54:35');
INSERT INTO `Sesion` (`id_sesion`, `id_cita`, `numero_sesion`, `notas`, `recomendaciones`, `fecha_registro`) VALUES (63, 141, 1, 'Paciente muestra signos de ansiedad generalizada. Se aplica escala GAD-7. Se inicia plan cognitivo-conductual.', 'Mantener contacto social. Participar en actividades extracurriculares.', '2026-03-15 08:54:35');
INSERT INTO `Sesion` (`id_sesion`, `id_cita`, `numero_sesion`, `notas`, `recomendaciones`, `fecha_registro`) VALUES (64, 143, 1, 'Se realizó evaluación neuropsicológica básica. Resultados dentro de parámetros normales.', 'Tomar descansos de 10 min cada hora de estudio. Técnica Pomodoro.', '2026-03-15 08:54:35');
INSERT INTO `Sesion` (`id_sesion`, `id_cita`, `numero_sesion`, `notas`, `recomendaciones`, `fecha_registro`) VALUES (65, 148, 1, 'Se realizó evaluación neuropsicológica básica. Resultados dentro de parámetros normales.', 'Mantener contacto social. Participar en actividades extracurriculares.', '2026-03-15 08:54:35');
INSERT INTO `Sesion` (`id_sesion`, `id_cita`, `numero_sesion`, `notas`, `recomendaciones`, `fecha_registro`) VALUES (66, 149, 1, 'Se trabajó técnica de respiración diafragmática y relajación muscular. Buena receptividad.', 'Llevar diario de pensamientos. Identificar situaciones que generan ansiedad.', '2026-03-15 08:54:35');
INSERT INTO `Sesion` (`id_sesion`, `id_cita`, `numero_sesion`, `notas`, `recomendaciones`, `fecha_registro`) VALUES (67, 150, 1, 'Se abordó patrón de pensamientos automáticos negativos. Inicio de registro de pensamientos.', 'Tomar descansos de 10 min cada hora de estudio. Técnica Pomodoro.', '2026-03-15 08:54:35');
INSERT INTO `Sesion` (`id_sesion`, `id_cita`, `numero_sesion`, `notas`, `recomendaciones`, `fecha_registro`) VALUES (68, 151, 1, 'Se trabajó técnica de respiración diafragmática y relajación muscular. Buena receptividad.', 'Investigar opciones vocacionales antes de la próxima sesión.', '2026-03-15 08:54:35');
INSERT INTO `Sesion` (`id_sesion`, `id_cita`, `numero_sesion`, `notas`, `recomendaciones`, `fecha_registro`) VALUES (69, 152, 1, 'Sesión de psicoeducación sobre ciclos del sueño. Se establecieron rutinas de higiene del sueño.', 'Ejercicio aeróbico 30 min, 3 veces por semana.', '2026-03-15 08:54:35');
INSERT INTO `Sesion` (`id_sesion`, `id_cita`, `numero_sesion`, `notas`, `recomendaciones`, `fecha_registro`) VALUES (70, 160, 1, 'Se abordó patrón de pensamientos automáticos negativos. Inicio de registro de pensamientos.', 'Practicar técnica STOP ante pensamientos intrusivos.', '2026-03-15 08:54:35');
INSERT INTO `Sesion` (`id_sesion`, `id_cita`, `numero_sesion`, `notas`, `recomendaciones`, `fecha_registro`) VALUES (71, 165, 1, 'Se realizó evaluación neuropsicológica básica. Resultados dentro de parámetros normales.', 'Llevar diario de pensamientos. Identificar situaciones que generan ansiedad.', '2026-03-15 08:54:35');
INSERT INTO `Sesion` (`id_sesion`, `id_cita`, `numero_sesion`, `notas`, `recomendaciones`, `fecha_registro`) VALUES (72, 166, 1, 'Paciente muestra resistencia al cambio. Se trabajan motivaciones y ambivalencia.', 'Mantener contacto social. Participar en actividades extracurriculares.', '2026-03-15 08:54:35');
INSERT INTO `Sesion` (`id_sesion`, `id_cita`, `numero_sesion`, `notas`, `recomendaciones`, `fecha_registro`) VALUES (73, 167, 1, 'Se exploran factores precipitantes. Planificación de actividades agradables.', 'Ejercicio aeróbico 30 min, 3 veces por semana.', '2026-03-15 08:54:35');
INSERT INTO `Sesion` (`id_sesion`, `id_cita`, `numero_sesion`, `notas`, `recomendaciones`, `fecha_registro`) VALUES (74, 171, 1, 'Paciente muestra resistencia al cambio. Se trabajan motivaciones y ambivalencia.', 'Practicar respiración profunda 10 min al día. Reducir cafeína.', '2026-03-15 08:54:35');
INSERT INTO `Sesion` (`id_sesion`, `id_cita`, `numero_sesion`, `notas`, `recomendaciones`, `fecha_registro`) VALUES (75, 172, 1, 'Sesión de habilidades sociales y asertividad. Role-playing de situaciones conflictivas.', 'Investigar opciones vocacionales antes de la próxima sesión.', '2026-03-15 08:54:35');
INSERT INTO `Sesion` (`id_sesion`, `id_cita`, `numero_sesion`, `notas`, `recomendaciones`, `fecha_registro`) VALUES (76, 173, 1, 'Sesión de psicoeducación sobre ciclos del sueño. Se establecieron rutinas de higiene del sueño.', 'Mantener contacto social. Participar en actividades extracurriculares.', '2026-03-15 08:54:35');
INSERT INTO `Sesion` (`id_sesion`, `id_cita`, `numero_sesion`, `notas`, `recomendaciones`, `fecha_registro`) VALUES (77, 175, 1, 'Sesión de habilidades sociales y asertividad. Role-playing de situaciones conflictivas.', 'Tomar descansos de 10 min cada hora de estudio. Técnica Pomodoro.', '2026-03-15 08:54:35');
INSERT INTO `Sesion` (`id_sesion`, `id_cita`, `numero_sesion`, `notas`, `recomendaciones`, `fecha_registro`) VALUES (78, 176, 1, 'Paciente muestra resistencia al cambio. Se trabajan motivaciones y ambivalencia.', 'Practicar respiración profunda 10 min al día. Reducir cafeína.', '2026-03-15 08:54:35');
INSERT INTO `Sesion` (`id_sesion`, `id_cita`, `numero_sesion`, `notas`, `recomendaciones`, `fecha_registro`) VALUES (79, 181, 1, 'Sesión de habilidades sociales y asertividad. Role-playing de situaciones conflictivas.', 'Ejercicio aeróbico 30 min, 3 veces por semana.', '2026-03-15 08:54:35');
INSERT INTO `Sesion` (`id_sesion`, `id_cita`, `numero_sesion`, `notas`, `recomendaciones`, `fecha_registro`) VALUES (80, 185, 1, 'Se realizó evaluación neuropsicológica básica. Resultados dentro de parámetros normales.', 'Comunicar sentimientos de manera asertiva. Establecer límites claros.', '2026-03-15 08:54:35');
INSERT INTO `Sesion` (`id_sesion`, `id_cita`, `numero_sesion`, `notas`, `recomendaciones`, `fecha_registro`) VALUES (81, 191, 1, 'Sesión de habilidades sociales y asertividad. Role-playing de situaciones conflictivas.', 'Ejercicio aeróbico 30 min, 3 veces por semana.', '2026-03-15 08:54:35');
INSERT INTO `Sesion` (`id_sesion`, `id_cita`, `numero_sesion`, `notas`, `recomendaciones`, `fecha_registro`) VALUES (82, 192, 1, 'Se realizó evaluación neuropsicológica básica. Resultados dentro de parámetros normales.', 'Comunicar sentimientos de manera asertiva. Establecer límites claros.', '2026-03-15 08:54:35');
INSERT INTO `Sesion` (`id_sesion`, `id_cita`, `numero_sesion`, `notas`, `recomendaciones`, `fecha_registro`) VALUES (83, 193, 1, 'Paciente muestra resistencia al cambio. Se trabajan motivaciones y ambivalencia.', 'Tomar descansos de 10 min cada hora de estudio. Técnica Pomodoro.', '2026-03-15 08:54:35');
INSERT INTO `Sesion` (`id_sesion`, `id_cita`, `numero_sesion`, `notas`, `recomendaciones`, `fecha_registro`) VALUES (84, 194, 2, 'Se abordó patrón de pensamientos automáticos negativos. Inicio de registro de pensamientos.', 'Ejercicio aeróbico 30 min, 3 veces por semana.', '2026-03-15 08:54:35');
INSERT INTO `Sesion` (`id_sesion`, `id_cita`, `numero_sesion`, `notas`, `recomendaciones`, `fecha_registro`) VALUES (85, 195, 1, 'Se exploró historia académica y expectativas vocacionales. Se identificaron fortalezas e intereses.', 'Investigar opciones vocacionales antes de la próxima sesión.', '2026-03-15 08:54:35');
INSERT INTO `Sesion` (`id_sesion`, `id_cita`, `numero_sesion`, `notas`, `recomendaciones`, `fecha_registro`) VALUES (86, 199, 1, 'Paciente muestra signos de ansiedad generalizada. Se aplica escala GAD-7. Se inicia plan cognitivo-conductual.', 'Tomar descansos de 10 min cada hora de estudio. Técnica Pomodoro.', '2026-03-15 08:54:35');
INSERT INTO `Sesion` (`id_sesion`, `id_cita`, `numero_sesion`, `notas`, `recomendaciones`, `fecha_registro`) VALUES (87, 201, 1, 'Paciente reporta mejoría en manejo del estrés. Se refuerzan estrategias de afrontamiento.', 'Llevar diario de pensamientos. Identificar situaciones que generan ansiedad.', '2026-03-15 08:54:35');
INSERT INTO `Sesion` (`id_sesion`, `id_cita`, `numero_sesion`, `notas`, `recomendaciones`, `fecha_registro`) VALUES (88, 206, 1, 'Sesión de habilidades sociales y asertividad. Role-playing de situaciones conflictivas.', 'Ejercicio aeróbico 30 min, 3 veces por semana.', '2026-03-15 08:54:35');
INSERT INTO `Sesion` (`id_sesion`, `id_cita`, `numero_sesion`, `notas`, `recomendaciones`, `fecha_registro`) VALUES (89, 207, 1, 'Sesión de habilidades sociales y asertividad. Role-playing de situaciones conflictivas.', 'Ejercicio aeróbico 30 min, 3 veces por semana.', '2026-03-15 08:54:35');
INSERT INTO `Sesion` (`id_sesion`, `id_cita`, `numero_sesion`, `notas`, `recomendaciones`, `fecha_registro`) VALUES (90, 209, 1, 'Se exploró historia académica y expectativas vocacionales. Se identificaron fortalezas e intereses.', 'Llevar diario de pensamientos. Identificar situaciones que generan ansiedad.', '2026-03-15 08:54:35');
INSERT INTO `Sesion` (`id_sesion`, `id_cita`, `numero_sesion`, `notas`, `recomendaciones`, `fecha_registro`) VALUES (91, 210, 1, 'Se exploran factores precipitantes. Planificación de actividades agradables.', 'Practicar técnica STOP ante pensamientos intrusivos.', '2026-03-15 08:54:35');
INSERT INTO `Sesion` (`id_sesion`, `id_cita`, `numero_sesion`, `notas`, `recomendaciones`, `fecha_registro`) VALUES (92, 212, 1, 'Se trabajó técnica de respiración diafragmática y relajación muscular. Buena receptividad.', 'Mantener contacto social. Participar en actividades extracurriculares.', '2026-03-15 08:54:35');
INSERT INTO `Sesion` (`id_sesion`, `id_cita`, `numero_sesion`, `notas`, `recomendaciones`, `fecha_registro`) VALUES (93, 213, 1, 'Sesión de psicoeducación sobre ciclos del sueño. Se establecieron rutinas de higiene del sueño.', 'Comunicar sentimientos de manera asertiva. Establecer límites claros.', '2026-03-15 08:54:35');
INSERT INTO `Sesion` (`id_sesion`, `id_cita`, `numero_sesion`, `notas`, `recomendaciones`, `fecha_registro`) VALUES (94, 214, 2, 'Se trabajó técnica de respiración diafragmática y relajación muscular. Buena receptividad.', 'Tomar descansos de 10 min cada hora de estudio. Técnica Pomodoro.', '2026-03-15 08:54:35');
INSERT INTO `Sesion` (`id_sesion`, `id_cita`, `numero_sesion`, `notas`, `recomendaciones`, `fecha_registro`) VALUES (95, 218, 1, 'Se realizó evaluación neuropsicológica básica. Resultados dentro de parámetros normales.', 'Mantener contacto social. Participar en actividades extracurriculares.', '2026-03-15 08:54:35');
INSERT INTO `Sesion` (`id_sesion`, `id_cita`, `numero_sesion`, `notas`, `recomendaciones`, `fecha_registro`) VALUES (96, 219, 2, 'Sesión de habilidades sociales y asertividad. Role-playing de situaciones conflictivas.', 'Mantener contacto social. Participar en actividades extracurriculares.', '2026-03-15 08:54:35');
INSERT INTO `Sesion` (`id_sesion`, `id_cita`, `numero_sesion`, `notas`, `recomendaciones`, `fecha_registro`) VALUES (97, 220, 1, 'Se exploró historia académica y expectativas vocacionales. Se identificaron fortalezas e intereses.', 'Tomar descansos de 10 min cada hora de estudio. Técnica Pomodoro.', '2026-03-15 08:54:35');
INSERT INTO `Sesion` (`id_sesion`, `id_cita`, `numero_sesion`, `notas`, `recomendaciones`, `fecha_registro`) VALUES (98, 223, 3, 'Paciente muestra signos de ansiedad generalizada. Se aplica escala GAD-7. Se inicia plan cognitivo-conductual.', 'Ejercicio aeróbico 30 min, 3 veces por semana.', '2026-03-15 08:54:35');
INSERT INTO `Sesion` (`id_sesion`, `id_cita`, `numero_sesion`, `notas`, `recomendaciones`, `fecha_registro`) VALUES (99, 224, 1, 'Se exploró historia académica y expectativas vocacionales. Se identificaron fortalezas e intereses.', 'Tomar descansos de 10 min cada hora de estudio. Técnica Pomodoro.', '2026-03-15 08:54:35');
INSERT INTO `Sesion` (`id_sesion`, `id_cita`, `numero_sesion`, `notas`, `recomendaciones`, `fecha_registro`) VALUES (100, 225, 1, 'Paciente muestra resistencia al cambio. Se trabajan motivaciones y ambivalencia.', 'Practicar respiración profunda 10 min al día. Reducir cafeína.', '2026-03-15 08:54:35');
INSERT INTO `Sesion` (`id_sesion`, `id_cita`, `numero_sesion`, `notas`, `recomendaciones`, `fecha_registro`) VALUES (101, 226, 1, 'Sesión de psicoeducación sobre ciclos del sueño. Se establecieron rutinas de higiene del sueño.', 'Comunicar sentimientos de manera asertiva. Establecer límites claros.', '2026-03-15 08:54:35');
INSERT INTO `Sesion` (`id_sesion`, `id_cita`, `numero_sesion`, `notas`, `recomendaciones`, `fecha_registro`) VALUES (102, 232, 1, 'Se exploró historia académica y expectativas vocacionales. Se identificaron fortalezas e intereses.', 'Mantener contacto social. Participar en actividades extracurriculares.', '2026-03-15 08:54:35');
INSERT INTO `Sesion` (`id_sesion`, `id_cita`, `numero_sesion`, `notas`, `recomendaciones`, `fecha_registro`) VALUES (103, 234, 1, 'Paciente muestra signos de ansiedad generalizada. Se aplica escala GAD-7. Se inicia plan cognitivo-conductual.', 'Llevar diario de pensamientos. Identificar situaciones que generan ansiedad.', '2026-03-15 08:54:35');
INSERT INTO `Sesion` (`id_sesion`, `id_cita`, `numero_sesion`, `notas`, `recomendaciones`, `fecha_registro`) VALUES (104, 235, 1, 'Sesión de habilidades sociales y asertividad. Role-playing de situaciones conflictivas.', 'Mantener contacto social. Participar en actividades extracurriculares.', '2026-03-15 08:54:35');
INSERT INTO `Sesion` (`id_sesion`, `id_cita`, `numero_sesion`, `notas`, `recomendaciones`, `fecha_registro`) VALUES (105, 237, 1, 'Se realizó evaluación neuropsicológica básica. Resultados dentro de parámetros normales.', 'Comunicar sentimientos de manera asertiva. Establecer límites claros.', '2026-03-15 08:54:35');
INSERT INTO `Sesion` (`id_sesion`, `id_cita`, `numero_sesion`, `notas`, `recomendaciones`, `fecha_registro`) VALUES (106, 244, 1, 'Se exploró historia académica y expectativas vocacionales. Se identificaron fortalezas e intereses.', 'Ejercicio aeróbico 30 min, 3 veces por semana.', '2026-03-15 08:54:35');
INSERT INTO `Sesion` (`id_sesion`, `id_cita`, `numero_sesion`, `notas`, `recomendaciones`, `fecha_registro`) VALUES (107, 245, 1, 'Se realizó evaluación neuropsicológica básica. Resultados dentro de parámetros normales.', 'Tomar descansos de 10 min cada hora de estudio. Técnica Pomodoro.', '2026-03-15 08:54:35');
INSERT INTO `Sesion` (`id_sesion`, `id_cita`, `numero_sesion`, `notas`, `recomendaciones`, `fecha_registro`) VALUES (108, 246, 1, 'Se trabajó técnica de respiración diafragmática y relajación muscular. Buena receptividad.', 'Comunicar sentimientos de manera asertiva. Establecer límites claros.', '2026-03-15 08:54:35');
INSERT INTO `Sesion` (`id_sesion`, `id_cita`, `numero_sesion`, `notas`, `recomendaciones`, `fecha_registro`) VALUES (109, 247, 1, 'Se trabajó técnica de respiración diafragmática y relajación muscular. Buena receptividad.', 'Investigar opciones vocacionales antes de la próxima sesión.', '2026-03-15 08:54:35');
INSERT INTO `Sesion` (`id_sesion`, `id_cita`, `numero_sesion`, `notas`, `recomendaciones`, `fecha_registro`) VALUES (110, 249, 1, 'Se exploró historia académica y expectativas vocacionales. Se identificaron fortalezas e intereses.', 'Ejercicio aeróbico 30 min, 3 veces por semana.', '2026-03-15 08:54:35');
INSERT INTO `Sesion` (`id_sesion`, `id_cita`, `numero_sesion`, `notas`, `recomendaciones`, `fecha_registro`) VALUES (111, 253, 1, 'Sesión de psicoeducación sobre ciclos del sueño. Se establecieron rutinas de higiene del sueño.', 'Llevar diario de pensamientos. Identificar situaciones que generan ansiedad.', '2026-03-15 08:54:35');
INSERT INTO `Sesion` (`id_sesion`, `id_cita`, `numero_sesion`, `notas`, `recomendaciones`, `fecha_registro`) VALUES (112, 256, 1, 'Paciente reporta mejoría en manejo del estrés. Se refuerzan estrategias de afrontamiento.', 'Practicar respiración profunda 10 min al día. Reducir cafeína.', '2026-03-15 08:54:35');
INSERT INTO `Sesion` (`id_sesion`, `id_cita`, `numero_sesion`, `notas`, `recomendaciones`, `fecha_registro`) VALUES (113, 257, 1, 'Sesión de habilidades sociales y asertividad. Role-playing de situaciones conflictivas.', 'Mantener contacto social. Participar en actividades extracurriculares.', '2026-03-15 08:54:35');
INSERT INTO `Sesion` (`id_sesion`, `id_cita`, `numero_sesion`, `notas`, `recomendaciones`, `fecha_registro`) VALUES (114, 262, 1, 'Se exploró historia académica y expectativas vocacionales. Se identificaron fortalezas e intereses.', 'Mantener contacto social. Participar en actividades extracurriculares.', '2026-03-15 08:54:35');
INSERT INTO `Sesion` (`id_sesion`, `id_cita`, `numero_sesion`, `notas`, `recomendaciones`, `fecha_registro`) VALUES (115, 263, 2, 'Sesión de psicoeducación sobre ciclos del sueño. Se establecieron rutinas de higiene del sueño.', 'Llevar diario de pensamientos. Identificar situaciones que generan ansiedad.', '2026-03-15 08:54:35');
INSERT INTO `Sesion` (`id_sesion`, `id_cita`, `numero_sesion`, `notas`, `recomendaciones`, `fecha_registro`) VALUES (116, 264, 1, 'Se exploró historia académica y expectativas vocacionales. Se identificaron fortalezas e intereses.', 'Practicar respiración profunda 10 min al día. Reducir cafeína.', '2026-03-15 08:54:35');
INSERT INTO `Sesion` (`id_sesion`, `id_cita`, `numero_sesion`, `notas`, `recomendaciones`, `fecha_registro`) VALUES (117, 270, 1, 'Paciente muestra resistencia al cambio. Se trabajan motivaciones y ambivalencia.', 'Practicar técnica STOP ante pensamientos intrusivos.', '2026-03-15 08:54:35');
INSERT INTO `Sesion` (`id_sesion`, `id_cita`, `numero_sesion`, `notas`, `recomendaciones`, `fecha_registro`) VALUES (118, 276, 1, 'Sesión de psicoeducación sobre ciclos del sueño. Se establecieron rutinas de higiene del sueño.', 'Investigar opciones vocacionales antes de la próxima sesión.', '2026-03-15 08:54:35');
INSERT INTO `Sesion` (`id_sesion`, `id_cita`, `numero_sesion`, `notas`, `recomendaciones`, `fecha_registro`) VALUES (119, 284, 1, 'Sesión de psicoeducación sobre ciclos del sueño. Se establecieron rutinas de higiene del sueño.', 'Investigar opciones vocacionales antes de la próxima sesión.', '2026-03-15 08:54:35');
INSERT INTO `Sesion` (`id_sesion`, `id_cita`, `numero_sesion`, `notas`, `recomendaciones`, `fecha_registro`) VALUES (120, 287, 1, 'Sesión de habilidades sociales y asertividad. Role-playing de situaciones conflictivas.', 'Practicar respiración profunda 10 min al día. Reducir cafeína.', '2026-03-15 08:54:35');
INSERT INTO `Sesion` (`id_sesion`, `id_cita`, `numero_sesion`, `notas`, `recomendaciones`, `fecha_registro`) VALUES (121, 288, 1, 'Paciente muestra signos de ansiedad generalizada. Se aplica escala GAD-7. Se inicia plan cognitivo-conductual.', 'Practicar respiración profunda 10 min al día. Reducir cafeína.', '2026-03-15 08:54:35');
INSERT INTO `Sesion` (`id_sesion`, `id_cita`, `numero_sesion`, `notas`, `recomendaciones`, `fecha_registro`) VALUES (122, 289, 2, 'Paciente muestra resistencia al cambio. Se trabajan motivaciones y ambivalencia.', 'Ejercicio aeróbico 30 min, 3 veces por semana.', '2026-03-15 08:54:35');
INSERT INTO `Sesion` (`id_sesion`, `id_cita`, `numero_sesion`, `notas`, `recomendaciones`, `fecha_registro`) VALUES (123, 296, 1, 'Se trabajó técnica de respiración diafragmática y relajación muscular. Buena receptividad.', 'Llevar diario de pensamientos. Identificar situaciones que generan ansiedad.', '2026-03-15 08:54:35');
INSERT INTO `Sesion` (`id_sesion`, `id_cita`, `numero_sesion`, `notas`, `recomendaciones`, `fecha_registro`) VALUES (124, 297, 1, 'Paciente muestra signos de ansiedad generalizada. Se aplica escala GAD-7. Se inicia plan cognitivo-conductual.', 'Tomar descansos de 10 min cada hora de estudio. Técnica Pomodoro.', '2026-03-15 08:54:35');
INSERT INTO `Sesion` (`id_sesion`, `id_cita`, `numero_sesion`, `notas`, `recomendaciones`, `fecha_registro`) VALUES (125, 298, 1, 'Se exploró historia académica y expectativas vocacionales. Se identificaron fortalezas e intereses.', 'Ejercicio aeróbico 30 min, 3 veces por semana.', '2026-03-15 08:54:35');
INSERT INTO `Sesion` (`id_sesion`, `id_cita`, `numero_sesion`, `notas`, `recomendaciones`, `fecha_registro`) VALUES (126, 300, 1, 'Se exploró historia académica y expectativas vocacionales. Se identificaron fortalezas e intereses.', 'Comunicar sentimientos de manera asertiva. Establecer límites claros.', '2026-03-15 08:54:35');
INSERT INTO `Sesion` (`id_sesion`, `id_cita`, `numero_sesion`, `notas`, `recomendaciones`, `fecha_registro`) VALUES (127, 301, 1, 'Se abordó patrón de pensamientos automáticos negativos. Inicio de registro de pensamientos.', 'Practicar técnica STOP ante pensamientos intrusivos.', '2026-03-15 08:54:35');
INSERT INTO `Sesion` (`id_sesion`, `id_cita`, `numero_sesion`, `notas`, `recomendaciones`, `fecha_registro`) VALUES (128, 305, 1, 'Se trabajó técnica de respiración diafragmática y relajación muscular. Buena receptividad.', 'Comunicar sentimientos de manera asertiva. Establecer límites claros.', '2026-03-15 08:54:35');
INSERT INTO `Sesion` (`id_sesion`, `id_cita`, `numero_sesion`, `notas`, `recomendaciones`, `fecha_registro`) VALUES (129, 308, 1, 'Se exploran factores precipitantes. Planificación de actividades agradables.', 'Llevar diario de pensamientos. Identificar situaciones que generan ansiedad.', '2026-03-15 08:54:35');
INSERT INTO `Sesion` (`id_sesion`, `id_cita`, `numero_sesion`, `notas`, `recomendaciones`, `fecha_registro`) VALUES (130, 310, 1, 'Paciente reporta mejoría en manejo del estrés. Se refuerzan estrategias de afrontamiento.', 'Tomar descansos de 10 min cada hora de estudio. Técnica Pomodoro.', '2026-03-15 08:54:35');
INSERT INTO `Sesion` (`id_sesion`, `id_cita`, `numero_sesion`, `notas`, `recomendaciones`, `fecha_registro`) VALUES (131, 311, 1, 'Se trabajó técnica de respiración diafragmática y relajación muscular. Buena receptividad.', 'Practicar respiración profunda 10 min al día. Reducir cafeína.', '2026-03-15 08:54:35');
INSERT INTO `Sesion` (`id_sesion`, `id_cita`, `numero_sesion`, `notas`, `recomendaciones`, `fecha_registro`) VALUES (132, 315, 1, 'Se exploró historia académica y expectativas vocacionales. Se identificaron fortalezas e intereses.', 'Comunicar sentimientos de manera asertiva. Establecer límites claros.', '2026-03-15 08:54:35');
INSERT INTO `Sesion` (`id_sesion`, `id_cita`, `numero_sesion`, `notas`, `recomendaciones`, `fecha_registro`) VALUES (133, 317, 1, 'Se exploran factores precipitantes. Planificación de actividades agradables.', 'Llevar diario de pensamientos. Identificar situaciones que generan ansiedad.', '2026-03-15 08:54:35');
INSERT INTO `Sesion` (`id_sesion`, `id_cita`, `numero_sesion`, `notas`, `recomendaciones`, `fecha_registro`) VALUES (134, 319, 1, 'Paciente muestra resistencia al cambio. Se trabajan motivaciones y ambivalencia.', 'Mantener contacto social. Participar en actividades extracurriculares.', '2026-03-15 08:54:35');
INSERT INTO `Sesion` (`id_sesion`, `id_cita`, `numero_sesion`, `notas`, `recomendaciones`, `fecha_registro`) VALUES (135, 321, 1, 'Se exploró historia académica y expectativas vocacionales. Se identificaron fortalezas e intereses.', 'Practicar técnica STOP ante pensamientos intrusivos.', '2026-03-15 08:54:35');
INSERT INTO `Sesion` (`id_sesion`, `id_cita`, `numero_sesion`, `notas`, `recomendaciones`, `fecha_registro`) VALUES (136, 325, 1, 'Se trabajó técnica de respiración diafragmática y relajación muscular. Buena receptividad.', 'Comunicar sentimientos de manera asertiva. Establecer límites claros.', '2026-03-15 08:54:35');
INSERT INTO `Sesion` (`id_sesion`, `id_cita`, `numero_sesion`, `notas`, `recomendaciones`, `fecha_registro`) VALUES (137, 334, 1, 'Se trabajó técnica de respiración diafragmática y relajación muscular. Buena receptividad.', 'Practicar respiración profunda 10 min al día. Reducir cafeína.', '2026-03-15 08:54:35');
INSERT INTO `Sesion` (`id_sesion`, `id_cita`, `numero_sesion`, `notas`, `recomendaciones`, `fecha_registro`) VALUES (138, 335, 2, 'Paciente muestra signos de ansiedad generalizada. Se aplica escala GAD-7. Se inicia plan cognitivo-conductual.', 'Practicar técnica STOP ante pensamientos intrusivos.', '2026-03-15 08:54:35');
INSERT INTO `Sesion` (`id_sesion`, `id_cita`, `numero_sesion`, `notas`, `recomendaciones`, `fecha_registro`) VALUES (139, 339, 1, 'Se realizó evaluación neuropsicológica básica. Resultados dentro de parámetros normales.', 'Ejercicio aeróbico 30 min, 3 veces por semana.', '2026-03-15 08:54:35');
INSERT INTO `Sesion` (`id_sesion`, `id_cita`, `numero_sesion`, `notas`, `recomendaciones`, `fecha_registro`) VALUES (140, 340, 1, 'Se abordó patrón de pensamientos automáticos negativos. Inicio de registro de pensamientos.', 'Mantener contacto social. Participar en actividades extracurriculares.', '2026-03-15 08:54:35');
INSERT INTO `Sesion` (`id_sesion`, `id_cita`, `numero_sesion`, `notas`, `recomendaciones`, `fecha_registro`) VALUES (141, 341, 2, 'Se abordó patrón de pensamientos automáticos negativos. Inicio de registro de pensamientos.', 'Llevar diario de pensamientos. Identificar situaciones que generan ansiedad.', '2026-03-15 08:54:35');
INSERT INTO `Sesion` (`id_sesion`, `id_cita`, `numero_sesion`, `notas`, `recomendaciones`, `fecha_registro`) VALUES (142, 344, 1, 'Se abordó patrón de pensamientos automáticos negativos. Inicio de registro de pensamientos.', 'Practicar técnica STOP ante pensamientos intrusivos.', '2026-03-15 08:54:35');
INSERT INTO `Sesion` (`id_sesion`, `id_cita`, `numero_sesion`, `notas`, `recomendaciones`, `fecha_registro`) VALUES (143, 347, 1, 'Se trabajó técnica de respiración diafragmática y relajación muscular. Buena receptividad.', 'Tomar descansos de 10 min cada hora de estudio. Técnica Pomodoro.', '2026-03-15 08:54:35');
INSERT INTO `Sesion` (`id_sesion`, `id_cita`, `numero_sesion`, `notas`, `recomendaciones`, `fecha_registro`) VALUES (144, 349, 1, 'Se trabajó técnica de respiración diafragmática y relajación muscular. Buena receptividad.', 'Ejercicio aeróbico 30 min, 3 veces por semana.', '2026-03-15 08:54:35');
INSERT INTO `Sesion` (`id_sesion`, `id_cita`, `numero_sesion`, `notas`, `recomendaciones`, `fecha_registro`) VALUES (145, 351, 1, 'Se trabajó técnica de respiración diafragmática y relajación muscular. Buena receptividad.', 'Ejercicio aeróbico 30 min, 3 veces por semana.', '2026-03-15 08:54:35');
INSERT INTO `Sesion` (`id_sesion`, `id_cita`, `numero_sesion`, `notas`, `recomendaciones`, `fecha_registro`) VALUES (146, 352, 1, 'Se abordó patrón de pensamientos automáticos negativos. Inicio de registro de pensamientos.', 'Investigar opciones vocacionales antes de la próxima sesión.', '2026-03-15 08:54:35');
INSERT INTO `Sesion` (`id_sesion`, `id_cita`, `numero_sesion`, `notas`, `recomendaciones`, `fecha_registro`) VALUES (147, 353, 2, 'Sesión de psicoeducación sobre ciclos del sueño. Se establecieron rutinas de higiene del sueño.', 'Practicar técnica STOP ante pensamientos intrusivos.', '2026-03-15 08:54:35');
INSERT INTO `Sesion` (`id_sesion`, `id_cita`, `numero_sesion`, `notas`, `recomendaciones`, `fecha_registro`) VALUES (148, 357, 1, 'Se trabajó técnica de respiración diafragmática y relajación muscular. Buena receptividad.', 'Practicar técnica STOP ante pensamientos intrusivos.', '2026-03-15 08:54:35');
INSERT INTO `Sesion` (`id_sesion`, `id_cita`, `numero_sesion`, `notas`, `recomendaciones`, `fecha_registro`) VALUES (149, 358, 1, 'Sesión de habilidades sociales y asertividad. Role-playing de situaciones conflictivas.', 'Practicar técnica STOP ante pensamientos intrusivos.', '2026-03-15 08:54:35');
INSERT INTO `Sesion` (`id_sesion`, `id_cita`, `numero_sesion`, `notas`, `recomendaciones`, `fecha_registro`) VALUES (150, 359, 2, 'Se realizó evaluación neuropsicológica básica. Resultados dentro de parámetros normales.', 'Comunicar sentimientos de manera asertiva. Establecer límites claros.', '2026-03-15 08:54:35');
INSERT INTO `Sesion` (`id_sesion`, `id_cita`, `numero_sesion`, `notas`, `recomendaciones`, `fecha_registro`) VALUES (151, 360, 1, 'Se exploran factores precipitantes. Planificación de actividades agradables.', 'Tomar descansos de 10 min cada hora de estudio. Técnica Pomodoro.', '2026-03-15 08:54:35');
INSERT INTO `Sesion` (`id_sesion`, `id_cita`, `numero_sesion`, `notas`, `recomendaciones`, `fecha_registro`) VALUES (152, 362, 3, 'Se trabajó técnica de respiración diafragmática y relajación muscular. Buena receptividad.', 'Ejercicio aeróbico 30 min, 3 veces por semana.', '2026-03-15 08:54:35');
INSERT INTO `Sesion` (`id_sesion`, `id_cita`, `numero_sesion`, `notas`, `recomendaciones`, `fecha_registro`) VALUES (153, 367, 1, 'Se trabajó técnica de respiración diafragmática y relajación muscular. Buena receptividad.', 'Comunicar sentimientos de manera asertiva. Establecer límites claros.', '2026-03-15 08:54:35');
INSERT INTO `Sesion` (`id_sesion`, `id_cita`, `numero_sesion`, `notas`, `recomendaciones`, `fecha_registro`) VALUES (154, 368, 1, 'Sesión de habilidades sociales y asertividad. Role-playing de situaciones conflictivas.', 'Practicar respiración profunda 10 min al día. Reducir cafeína.', '2026-03-15 08:54:36');
INSERT INTO `Sesion` (`id_sesion`, `id_cita`, `numero_sesion`, `notas`, `recomendaciones`, `fecha_registro`) VALUES (155, 373, 1, 'Sesión de psicoeducación sobre ciclos del sueño. Se establecieron rutinas de higiene del sueño.', 'Mantener contacto social. Participar en actividades extracurriculares.', '2026-03-15 08:54:36');
INSERT INTO `Sesion` (`id_sesion`, `id_cita`, `numero_sesion`, `notas`, `recomendaciones`, `fecha_registro`) VALUES (156, 376, 1, 'Se exploró historia académica y expectativas vocacionales. Se identificaron fortalezas e intereses.', 'Investigar opciones vocacionales antes de la próxima sesión.', '2026-03-15 08:54:36');
INSERT INTO `Sesion` (`id_sesion`, `id_cita`, `numero_sesion`, `notas`, `recomendaciones`, `fecha_registro`) VALUES (157, 377, 1, 'Se trabajó técnica de respiración diafragmática y relajación muscular. Buena receptividad.', 'Investigar opciones vocacionales antes de la próxima sesión.', '2026-03-15 08:54:36');
INSERT INTO `Sesion` (`id_sesion`, `id_cita`, `numero_sesion`, `notas`, `recomendaciones`, `fecha_registro`) VALUES (158, 380, 1, 'Paciente reporta mejoría en manejo del estrés. Se refuerzan estrategias de afrontamiento.', 'Investigar opciones vocacionales antes de la próxima sesión.', '2026-03-15 08:54:36');
INSERT INTO `Sesion` (`id_sesion`, `id_cita`, `numero_sesion`, `notas`, `recomendaciones`, `fecha_registro`) VALUES (159, 381, 1, 'Se exploró historia académica y expectativas vocacionales. Se identificaron fortalezas e intereses.', 'Tomar descansos de 10 min cada hora de estudio. Técnica Pomodoro.', '2026-03-15 08:54:36');
INSERT INTO `Sesion` (`id_sesion`, `id_cita`, `numero_sesion`, `notas`, `recomendaciones`, `fecha_registro`) VALUES (160, 382, 1, 'Sesión de psicoeducación sobre ciclos del sueño. Se establecieron rutinas de higiene del sueño.', 'Practicar respiración profunda 10 min al día. Reducir cafeína.', '2026-03-15 08:54:36');
INSERT INTO `Sesion` (`id_sesion`, `id_cita`, `numero_sesion`, `notas`, `recomendaciones`, `fecha_registro`) VALUES (161, 383, 1, 'Se trabajó técnica de respiración diafragmática y relajación muscular. Buena receptividad.', 'Investigar opciones vocacionales antes de la próxima sesión.', '2026-03-15 08:54:36');
INSERT INTO `Sesion` (`id_sesion`, `id_cita`, `numero_sesion`, `notas`, `recomendaciones`, `fecha_registro`) VALUES (162, 385, 2, 'Sesión de psicoeducación sobre ciclos del sueño. Se establecieron rutinas de higiene del sueño.', 'Comunicar sentimientos de manera asertiva. Establecer límites claros.', '2026-03-15 08:54:36');
INSERT INTO `Sesion` (`id_sesion`, `id_cita`, `numero_sesion`, `notas`, `recomendaciones`, `fecha_registro`) VALUES (163, 386, 1, 'Se trabajó técnica de respiración diafragmática y relajación muscular. Buena receptividad.', 'Llevar diario de pensamientos. Identificar situaciones que generan ansiedad.', '2026-03-15 08:54:36');
INSERT INTO `Sesion` (`id_sesion`, `id_cita`, `numero_sesion`, `notas`, `recomendaciones`, `fecha_registro`) VALUES (164, 390, 1, 'Se abordó patrón de pensamientos automáticos negativos. Inicio de registro de pensamientos.', 'Practicar técnica STOP ante pensamientos intrusivos.', '2026-03-15 08:54:36');
INSERT INTO `Sesion` (`id_sesion`, `id_cita`, `numero_sesion`, `notas`, `recomendaciones`, `fecha_registro`) VALUES (165, 391, 1, 'Paciente reporta mejoría en manejo del estrés. Se refuerzan estrategias de afrontamiento.', 'Comunicar sentimientos de manera asertiva. Establecer límites claros.', '2026-03-15 08:54:36');
INSERT INTO `Sesion` (`id_sesion`, `id_cita`, `numero_sesion`, `notas`, `recomendaciones`, `fecha_registro`) VALUES (166, 393, 2, 'Se exploran factores precipitantes. Planificación de actividades agradables.', 'Comunicar sentimientos de manera asertiva. Establecer límites claros.', '2026-03-15 08:54:36');
INSERT INTO `Sesion` (`id_sesion`, `id_cita`, `numero_sesion`, `notas`, `recomendaciones`, `fecha_registro`) VALUES (167, 394, 3, 'Sesión de habilidades sociales y asertividad. Role-playing de situaciones conflictivas.', 'Practicar técnica STOP ante pensamientos intrusivos.', '2026-03-15 08:54:36');
INSERT INTO `Sesion` (`id_sesion`, `id_cita`, `numero_sesion`, `notas`, `recomendaciones`, `fecha_registro`) VALUES (168, 397, 1, 'Se exploró historia académica y expectativas vocacionales. Se identificaron fortalezas e intereses.', 'Investigar opciones vocacionales antes de la próxima sesión.', '2026-03-15 08:54:36');
INSERT INTO `Sesion` (`id_sesion`, `id_cita`, `numero_sesion`, `notas`, `recomendaciones`, `fecha_registro`) VALUES (169, 400, 1, 'Sesión de psicoeducación sobre ciclos del sueño. Se establecieron rutinas de higiene del sueño.', 'Practicar técnica STOP ante pensamientos intrusivos.', '2026-03-15 08:54:36');
INSERT INTO `Sesion` (`id_sesion`, `id_cita`, `numero_sesion`, `notas`, `recomendaciones`, `fecha_registro`) VALUES (170, 404, 1, 'Sesión de habilidades sociales y asertividad. Role-playing de situaciones conflictivas.', 'Practicar técnica STOP ante pensamientos intrusivos.', '2026-03-15 08:54:36');
INSERT INTO `Sesion` (`id_sesion`, `id_cita`, `numero_sesion`, `notas`, `recomendaciones`, `fecha_registro`) VALUES (171, 409, 1, 'Se exploran factores precipitantes. Planificación de actividades agradables.', 'Mantener contacto social. Participar en actividades extracurriculares.', '2026-03-15 08:54:36');
INSERT INTO `Sesion` (`id_sesion`, `id_cita`, `numero_sesion`, `notas`, `recomendaciones`, `fecha_registro`) VALUES (172, 411, 1, 'Paciente reporta mejoría en manejo del estrés. Se refuerzan estrategias de afrontamiento.', 'Mantener contacto social. Participar en actividades extracurriculares.', '2026-03-15 08:54:36');
INSERT INTO `Sesion` (`id_sesion`, `id_cita`, `numero_sesion`, `notas`, `recomendaciones`, `fecha_registro`) VALUES (173, 413, 1, 'Se exploró historia académica y expectativas vocacionales. Se identificaron fortalezas e intereses.', 'Investigar opciones vocacionales antes de la próxima sesión.', '2026-03-15 08:54:36');
INSERT INTO `Sesion` (`id_sesion`, `id_cita`, `numero_sesion`, `notas`, `recomendaciones`, `fecha_registro`) VALUES (174, 421, 1, 'Se abordó patrón de pensamientos automáticos negativos. Inicio de registro de pensamientos.', 'Investigar opciones vocacionales antes de la próxima sesión.', '2026-03-15 08:54:36');
INSERT INTO `Sesion` (`id_sesion`, `id_cita`, `numero_sesion`, `notas`, `recomendaciones`, `fecha_registro`) VALUES (175, 422, 1, 'Se realizó evaluación neuropsicológica básica. Resultados dentro de parámetros normales.', 'Practicar respiración profunda 10 min al día. Reducir cafeína.', '2026-03-15 08:54:36');
INSERT INTO `Sesion` (`id_sesion`, `id_cita`, `numero_sesion`, `notas`, `recomendaciones`, `fecha_registro`) VALUES (176, 423, 1, 'Se realizó evaluación neuropsicológica básica. Resultados dentro de parámetros normales.', 'Llevar diario de pensamientos. Identificar situaciones que generan ansiedad.', '2026-03-15 08:54:36');
INSERT INTO `Sesion` (`id_sesion`, `id_cita`, `numero_sesion`, `notas`, `recomendaciones`, `fecha_registro`) VALUES (177, 426, 1, 'Se exploran factores precipitantes. Planificación de actividades agradables.', 'Llevar diario de pensamientos. Identificar situaciones que generan ansiedad.', '2026-03-15 08:54:36');
INSERT INTO `Sesion` (`id_sesion`, `id_cita`, `numero_sesion`, `notas`, `recomendaciones`, `fecha_registro`) VALUES (178, 427, 1, 'Se realizó evaluación neuropsicológica básica. Resultados dentro de parámetros normales.', 'Tomar descansos de 10 min cada hora de estudio. Técnica Pomodoro.', '2026-03-15 08:54:36');
INSERT INTO `Sesion` (`id_sesion`, `id_cita`, `numero_sesion`, `notas`, `recomendaciones`, `fecha_registro`) VALUES (179, 428, 1, 'Se exploran factores precipitantes. Planificación de actividades agradables.', 'Investigar opciones vocacionales antes de la próxima sesión.', '2026-03-15 08:54:36');
INSERT INTO `Sesion` (`id_sesion`, `id_cita`, `numero_sesion`, `notas`, `recomendaciones`, `fecha_registro`) VALUES (180, 429, 1, 'Sesión de habilidades sociales y asertividad. Role-playing de situaciones conflictivas.', 'Tomar descansos de 10 min cada hora de estudio. Técnica Pomodoro.', '2026-03-15 08:54:36');
INSERT INTO `Sesion` (`id_sesion`, `id_cita`, `numero_sesion`, `notas`, `recomendaciones`, `fecha_registro`) VALUES (181, 430, 1, 'Se trabajó técnica de respiración diafragmática y relajación muscular. Buena receptividad.', 'Mantener contacto social. Participar en actividades extracurriculares.', '2026-03-15 08:54:36');
INSERT INTO `Sesion` (`id_sesion`, `id_cita`, `numero_sesion`, `notas`, `recomendaciones`, `fecha_registro`) VALUES (182, 437, 1, 'Paciente reporta mejoría en manejo del estrés. Se refuerzan estrategias de afrontamiento.', 'Tomar descansos de 10 min cada hora de estudio. Técnica Pomodoro.', '2026-03-15 08:54:36');
INSERT INTO `Sesion` (`id_sesion`, `id_cita`, `numero_sesion`, `notas`, `recomendaciones`, `fecha_registro`) VALUES (183, 439, 2, 'Sesión de psicoeducación sobre ciclos del sueño. Se establecieron rutinas de higiene del sueño.', 'Comunicar sentimientos de manera asertiva. Establecer límites claros.', '2026-03-15 08:54:36');
INSERT INTO `Sesion` (`id_sesion`, `id_cita`, `numero_sesion`, `notas`, `recomendaciones`, `fecha_registro`) VALUES (184, 440, 3, 'Paciente muestra resistencia al cambio. Se trabajan motivaciones y ambivalencia.', 'Investigar opciones vocacionales antes de la próxima sesión.', '2026-03-15 08:54:36');
INSERT INTO `Sesion` (`id_sesion`, `id_cita`, `numero_sesion`, `notas`, `recomendaciones`, `fecha_registro`) VALUES (185, 441, 1, 'Se exploró historia académica y expectativas vocacionales. Se identificaron fortalezas e intereses.', 'Practicar respiración profunda 10 min al día. Reducir cafeína.', '2026-03-15 08:54:36');
INSERT INTO `Sesion` (`id_sesion`, `id_cita`, `numero_sesion`, `notas`, `recomendaciones`, `fecha_registro`) VALUES (186, 445, 1, 'Paciente muestra resistencia al cambio. Se trabajan motivaciones y ambivalencia.', 'Mantener contacto social. Participar en actividades extracurriculares.', '2026-03-15 08:54:36');
INSERT INTO `Sesion` (`id_sesion`, `id_cita`, `numero_sesion`, `notas`, `recomendaciones`, `fecha_registro`) VALUES (187, 446, 1, 'Se abordó patrón de pensamientos automáticos negativos. Inicio de registro de pensamientos.', 'Practicar técnica STOP ante pensamientos intrusivos.', '2026-03-15 08:54:36');
INSERT INTO `Sesion` (`id_sesion`, `id_cita`, `numero_sesion`, `notas`, `recomendaciones`, `fecha_registro`) VALUES (188, 452, 1, 'Sesión de habilidades sociales y asertividad. Role-playing de situaciones conflictivas.', 'Practicar técnica STOP ante pensamientos intrusivos.', '2026-03-15 08:54:36');
INSERT INTO `Sesion` (`id_sesion`, `id_cita`, `numero_sesion`, `notas`, `recomendaciones`, `fecha_registro`) VALUES (189, 454, 1, 'Se trabajó técnica de respiración diafragmática y relajación muscular. Buena receptividad.', 'Ejercicio aeróbico 30 min, 3 veces por semana.', '2026-03-15 08:54:36');
INSERT INTO `Sesion` (`id_sesion`, `id_cita`, `numero_sesion`, `notas`, `recomendaciones`, `fecha_registro`) VALUES (190, 459, 1, 'Paciente reporta mejoría en manejo del estrés. Se refuerzan estrategias de afrontamiento.', 'Practicar técnica STOP ante pensamientos intrusivos.', '2026-03-15 08:54:36');
INSERT INTO `Sesion` (`id_sesion`, `id_cita`, `numero_sesion`, `notas`, `recomendaciones`, `fecha_registro`) VALUES (191, 461, 2, 'Paciente muestra resistencia al cambio. Se trabajan motivaciones y ambivalencia.', 'Llevar diario de pensamientos. Identificar situaciones que generan ansiedad.', '2026-03-15 08:54:36');
INSERT INTO `Sesion` (`id_sesion`, `id_cita`, `numero_sesion`, `notas`, `recomendaciones`, `fecha_registro`) VALUES (192, 468, 1, 'Se trabajó técnica de respiración diafragmática y relajación muscular. Buena receptividad.', 'Practicar respiración profunda 10 min al día. Reducir cafeína.', '2026-03-15 08:54:36');
INSERT INTO `Sesion` (`id_sesion`, `id_cita`, `numero_sesion`, `notas`, `recomendaciones`, `fecha_registro`) VALUES (193, 469, 1, 'Se exploró historia académica y expectativas vocacionales. Se identificaron fortalezas e intereses.', 'Mantener contacto social. Participar en actividades extracurriculares.', '2026-03-15 08:54:36');
INSERT INTO `Sesion` (`id_sesion`, `id_cita`, `numero_sesion`, `notas`, `recomendaciones`, `fecha_registro`) VALUES (194, 472, 1, 'Se realizó evaluación neuropsicológica básica. Resultados dentro de parámetros normales.', 'Tomar descansos de 10 min cada hora de estudio. Técnica Pomodoro.', '2026-03-15 08:54:36');
INSERT INTO `Sesion` (`id_sesion`, `id_cita`, `numero_sesion`, `notas`, `recomendaciones`, `fecha_registro`) VALUES (195, 473, 1, 'Paciente muestra resistencia al cambio. Se trabajan motivaciones y ambivalencia.', 'Mantener contacto social. Participar en actividades extracurriculares.', '2026-03-15 08:54:36');
INSERT INTO `Sesion` (`id_sesion`, `id_cita`, `numero_sesion`, `notas`, `recomendaciones`, `fecha_registro`) VALUES (196, 474, 2, 'Paciente muestra resistencia al cambio. Se trabajan motivaciones y ambivalencia.', 'Investigar opciones vocacionales antes de la próxima sesión.', '2026-03-15 08:54:36');
INSERT INTO `Sesion` (`id_sesion`, `id_cita`, `numero_sesion`, `notas`, `recomendaciones`, `fecha_registro`) VALUES (197, 475, 1, 'Sesión de psicoeducación sobre ciclos del sueño. Se establecieron rutinas de higiene del sueño.', 'Llevar diario de pensamientos. Identificar situaciones que generan ansiedad.', '2026-03-15 08:54:36');
INSERT INTO `Sesion` (`id_sesion`, `id_cita`, `numero_sesion`, `notas`, `recomendaciones`, `fecha_registro`) VALUES (198, 480, 1, 'Se exploró historia académica y expectativas vocacionales. Se identificaron fortalezas e intereses.', 'Llevar diario de pensamientos. Identificar situaciones que generan ansiedad.', '2026-03-15 08:54:36');
INSERT INTO `Sesion` (`id_sesion`, `id_cita`, `numero_sesion`, `notas`, `recomendaciones`, `fecha_registro`) VALUES (199, 484, 1, 'Paciente muestra resistencia al cambio. Se trabajan motivaciones y ambivalencia.', 'Comunicar sentimientos de manera asertiva. Establecer límites claros.', '2026-03-15 08:54:36');
INSERT INTO `Sesion` (`id_sesion`, `id_cita`, `numero_sesion`, `notas`, `recomendaciones`, `fecha_registro`) VALUES (200, 488, 1, 'Se exploró historia académica y expectativas vocacionales. Se identificaron fortalezas e intereses.', 'Comunicar sentimientos de manera asertiva. Establecer límites claros.', '2026-03-15 08:54:36');
INSERT INTO `Sesion` (`id_sesion`, `id_cita`, `numero_sesion`, `notas`, `recomendaciones`, `fecha_registro`) VALUES (201, 489, 1, 'Se abordó patrón de pensamientos automáticos negativos. Inicio de registro de pensamientos.', 'Ejercicio aeróbico 30 min, 3 veces por semana.', '2026-03-15 08:54:36');
INSERT INTO `Sesion` (`id_sesion`, `id_cita`, `numero_sesion`, `notas`, `recomendaciones`, `fecha_registro`) VALUES (202, 490, 1, 'Paciente muestra signos de ansiedad generalizada. Se aplica escala GAD-7. Se inicia plan cognitivo-conductual.', 'Investigar opciones vocacionales antes de la próxima sesión.', '2026-03-15 08:54:36');
INSERT INTO `Sesion` (`id_sesion`, `id_cita`, `numero_sesion`, `notas`, `recomendaciones`, `fecha_registro`) VALUES (203, 491, 1, 'Se abordó patrón de pensamientos automáticos negativos. Inicio de registro de pensamientos.', 'Llevar diario de pensamientos. Identificar situaciones que generan ansiedad.', '2026-03-15 08:54:36');
INSERT INTO `Sesion` (`id_sesion`, `id_cita`, `numero_sesion`, `notas`, `recomendaciones`, `fecha_registro`) VALUES (204, 492, 2, 'Paciente muestra signos de ansiedad generalizada. Se aplica escala GAD-7. Se inicia plan cognitivo-conductual.', 'Mantener contacto social. Participar en actividades extracurriculares.', '2026-03-15 08:54:36');
INSERT INTO `Sesion` (`id_sesion`, `id_cita`, `numero_sesion`, `notas`, `recomendaciones`, `fecha_registro`) VALUES (205, 497, 1, 'Sesión de habilidades sociales y asertividad. Role-playing de situaciones conflictivas.', 'Investigar opciones vocacionales antes de la próxima sesión.', '2026-03-15 08:54:36');
INSERT INTO `Sesion` (`id_sesion`, `id_cita`, `numero_sesion`, `notas`, `recomendaciones`, `fecha_registro`) VALUES (206, 498, 1, 'Paciente muestra resistencia al cambio. Se trabajan motivaciones y ambivalencia.', 'Tomar descansos de 10 min cada hora de estudio. Técnica Pomodoro.', '2026-03-15 08:54:36');
INSERT INTO `Sesion` (`id_sesion`, `id_cita`, `numero_sesion`, `notas`, `recomendaciones`, `fecha_registro`) VALUES (207, 499, 1, 'Se exploran factores precipitantes. Planificación de actividades agradables.', 'Tomar descansos de 10 min cada hora de estudio. Técnica Pomodoro.', '2026-03-15 08:54:36');
INSERT INTO `Sesion` (`id_sesion`, `id_cita`, `numero_sesion`, `notas`, `recomendaciones`, `fecha_registro`) VALUES (208, 500, 1, 'Paciente muestra signos de ansiedad generalizada. Se aplica escala GAD-7. Se inicia plan cognitivo-conductual.', 'Practicar técnica STOP ante pensamientos intrusivos.', '2026-03-15 08:54:36');
INSERT INTO `Sesion` (`id_sesion`, `id_cita`, `numero_sesion`, `notas`, `recomendaciones`, `fecha_registro`) VALUES (209, 503, 1, 'Se abordó patrón de pensamientos automáticos negativos. Inicio de registro de pensamientos.', 'Comunicar sentimientos de manera asertiva. Establecer límites claros.', '2026-03-15 08:54:36');
INSERT INTO `Sesion` (`id_sesion`, `id_cita`, `numero_sesion`, `notas`, `recomendaciones`, `fecha_registro`) VALUES (210, 504, 1, 'Paciente muestra signos de ansiedad generalizada. Se aplica escala GAD-7. Se inicia plan cognitivo-conductual.', 'Tomar descansos de 10 min cada hora de estudio. Técnica Pomodoro.', '2026-03-15 08:54:36');
INSERT INTO `Sesion` (`id_sesion`, `id_cita`, `numero_sesion`, `notas`, `recomendaciones`, `fecha_registro`) VALUES (211, 506, 1, 'Paciente muestra resistencia al cambio. Se trabajan motivaciones y ambivalencia.', 'Tomar descansos de 10 min cada hora de estudio. Técnica Pomodoro.', '2026-03-15 08:54:36');
INSERT INTO `Sesion` (`id_sesion`, `id_cita`, `numero_sesion`, `notas`, `recomendaciones`, `fecha_registro`) VALUES (212, 508, 1, 'Se realizó evaluación neuropsicológica básica. Resultados dentro de parámetros normales.', 'Mantener contacto social. Participar en actividades extracurriculares.', '2026-03-15 08:54:36');
INSERT INTO `Sesion` (`id_sesion`, `id_cita`, `numero_sesion`, `notas`, `recomendaciones`, `fecha_registro`) VALUES (213, 509, 1, 'Se abordó patrón de pensamientos automáticos negativos. Inicio de registro de pensamientos.', 'Investigar opciones vocacionales antes de la próxima sesión.', '2026-03-15 08:54:36');
INSERT INTO `Sesion` (`id_sesion`, `id_cita`, `numero_sesion`, `notas`, `recomendaciones`, `fecha_registro`) VALUES (214, 510, 1, 'Se exploran factores precipitantes. Planificación de actividades agradables.', 'Tomar descansos de 10 min cada hora de estudio. Técnica Pomodoro.', '2026-03-15 08:54:36');
INSERT INTO `Sesion` (`id_sesion`, `id_cita`, `numero_sesion`, `notas`, `recomendaciones`, `fecha_registro`) VALUES (215, 511, 1, 'Paciente muestra signos de ansiedad generalizada. Se aplica escala GAD-7. Se inicia plan cognitivo-conductual.', 'Llevar diario de pensamientos. Identificar situaciones que generan ansiedad.', '2026-03-15 08:54:36');
INSERT INTO `Sesion` (`id_sesion`, `id_cita`, `numero_sesion`, `notas`, `recomendaciones`, `fecha_registro`) VALUES (216, 512, 1, 'Sesión de psicoeducación sobre ciclos del sueño. Se establecieron rutinas de higiene del sueño.', 'Practicar respiración profunda 10 min al día. Reducir cafeína.', '2026-03-15 08:54:36');
INSERT INTO `Sesion` (`id_sesion`, `id_cita`, `numero_sesion`, `notas`, `recomendaciones`, `fecha_registro`) VALUES (217, 518, 1, 'Paciente muestra resistencia al cambio. Se trabajan motivaciones y ambivalencia.', 'Comunicar sentimientos de manera asertiva. Establecer límites claros.', '2026-03-15 08:54:36');
INSERT INTO `Sesion` (`id_sesion`, `id_cita`, `numero_sesion`, `notas`, `recomendaciones`, `fecha_registro`) VALUES (218, 519, 1, 'Se trabajó técnica de respiración diafragmática y relajación muscular. Buena receptividad.', 'Practicar respiración profunda 10 min al día. Reducir cafeína.', '2026-03-15 08:54:36');
INSERT INTO `Sesion` (`id_sesion`, `id_cita`, `numero_sesion`, `notas`, `recomendaciones`, `fecha_registro`) VALUES (219, 520, 1, 'Se exploró historia académica y expectativas vocacionales. Se identificaron fortalezas e intereses.', 'Llevar diario de pensamientos. Identificar situaciones que generan ansiedad.', '2026-03-15 08:54:36');
INSERT INTO `Sesion` (`id_sesion`, `id_cita`, `numero_sesion`, `notas`, `recomendaciones`, `fecha_registro`) VALUES (220, 524, 1, 'Paciente muestra signos de ansiedad generalizada. Se aplica escala GAD-7. Se inicia plan cognitivo-conductual.', 'Tomar descansos de 10 min cada hora de estudio. Técnica Pomodoro.', '2026-03-15 08:54:36');
INSERT INTO `Sesion` (`id_sesion`, `id_cita`, `numero_sesion`, `notas`, `recomendaciones`, `fecha_registro`) VALUES (221, 525, 1, 'Sesión de psicoeducación sobre ciclos del sueño. Se establecieron rutinas de higiene del sueño.', 'Practicar respiración profunda 10 min al día. Reducir cafeína.', '2026-03-15 08:54:36');
INSERT INTO `Sesion` (`id_sesion`, `id_cita`, `numero_sesion`, `notas`, `recomendaciones`, `fecha_registro`) VALUES (222, 526, 1, 'Se abordó patrón de pensamientos automáticos negativos. Inicio de registro de pensamientos.', 'Ejercicio aeróbico 30 min, 3 veces por semana.', '2026-03-15 08:54:36');
INSERT INTO `Sesion` (`id_sesion`, `id_cita`, `numero_sesion`, `notas`, `recomendaciones`, `fecha_registro`) VALUES (223, 529, 1, 'Sesión de habilidades sociales y asertividad. Role-playing de situaciones conflictivas.', 'Tomar descansos de 10 min cada hora de estudio. Técnica Pomodoro.', '2026-03-15 08:54:36');
INSERT INTO `Sesion` (`id_sesion`, `id_cita`, `numero_sesion`, `notas`, `recomendaciones`, `fecha_registro`) VALUES (224, 530, 1, 'Paciente reporta mejoría en manejo del estrés. Se refuerzan estrategias de afrontamiento.', 'Ejercicio aeróbico 30 min, 3 veces por semana.', '2026-03-15 08:54:36');
INSERT INTO `Sesion` (`id_sesion`, `id_cita`, `numero_sesion`, `notas`, `recomendaciones`, `fecha_registro`) VALUES (225, 531, 1, 'Paciente reporta mejoría en manejo del estrés. Se refuerzan estrategias de afrontamiento.', 'Investigar opciones vocacionales antes de la próxima sesión.', '2026-03-15 08:54:36');
INSERT INTO `Sesion` (`id_sesion`, `id_cita`, `numero_sesion`, `notas`, `recomendaciones`, `fecha_registro`) VALUES (226, 537, 1, 'Se abordó patrón de pensamientos automáticos negativos. Inicio de registro de pensamientos.', 'Investigar opciones vocacionales antes de la próxima sesión.', '2026-03-15 08:54:36');
INSERT INTO `Sesion` (`id_sesion`, `id_cita`, `numero_sesion`, `notas`, `recomendaciones`, `fecha_registro`) VALUES (227, 538, 1, 'Se trabajó técnica de respiración diafragmática y relajación muscular. Buena receptividad.', 'Mantener contacto social. Participar en actividades extracurriculares.', '2026-03-15 08:54:36');
INSERT INTO `Sesion` (`id_sesion`, `id_cita`, `numero_sesion`, `notas`, `recomendaciones`, `fecha_registro`) VALUES (228, 540, 2, 'Paciente muestra resistencia al cambio. Se trabajan motivaciones y ambivalencia.', 'Practicar técnica STOP ante pensamientos intrusivos.', '2026-03-15 08:54:36');
INSERT INTO `Sesion` (`id_sesion`, `id_cita`, `numero_sesion`, `notas`, `recomendaciones`, `fecha_registro`) VALUES (229, 542, 1, 'Se exploran factores precipitantes. Planificación de actividades agradables.', 'Tomar descansos de 10 min cada hora de estudio. Técnica Pomodoro.', '2026-03-15 08:54:36');
INSERT INTO `Sesion` (`id_sesion`, `id_cita`, `numero_sesion`, `notas`, `recomendaciones`, `fecha_registro`) VALUES (230, 543, 1, 'Se abordó patrón de pensamientos automáticos negativos. Inicio de registro de pensamientos.', 'Investigar opciones vocacionales antes de la próxima sesión.', '2026-03-15 08:54:36');
INSERT INTO `Sesion` (`id_sesion`, `id_cita`, `numero_sesion`, `notas`, `recomendaciones`, `fecha_registro`) VALUES (231, 546, 1, 'Se abordó patrón de pensamientos automáticos negativos. Inicio de registro de pensamientos.', 'Comunicar sentimientos de manera asertiva. Establecer límites claros.', '2026-03-15 08:54:36');
INSERT INTO `Sesion` (`id_sesion`, `id_cita`, `numero_sesion`, `notas`, `recomendaciones`, `fecha_registro`) VALUES (232, 547, 1, 'Se exploran factores precipitantes. Planificación de actividades agradables.', 'Llevar diario de pensamientos. Identificar situaciones que generan ansiedad.', '2026-03-15 08:54:36');
INSERT INTO `Sesion` (`id_sesion`, `id_cita`, `numero_sesion`, `notas`, `recomendaciones`, `fecha_registro`) VALUES (233, 548, 2, 'Paciente muestra signos de ansiedad generalizada. Se aplica escala GAD-7. Se inicia plan cognitivo-conductual.', 'Tomar descansos de 10 min cada hora de estudio. Técnica Pomodoro.', '2026-03-15 08:54:36');
INSERT INTO `Sesion` (`id_sesion`, `id_cita`, `numero_sesion`, `notas`, `recomendaciones`, `fecha_registro`) VALUES (234, 550, 1, 'Sesión de habilidades sociales y asertividad. Role-playing de situaciones conflictivas.', 'Llevar diario de pensamientos. Identificar situaciones que generan ansiedad.', '2026-03-15 08:54:36');
INSERT INTO `Sesion` (`id_sesion`, `id_cita`, `numero_sesion`, `notas`, `recomendaciones`, `fecha_registro`) VALUES (235, 551, 1, 'Sesión de habilidades sociales y asertividad. Role-playing de situaciones conflictivas.', 'Tomar descansos de 10 min cada hora de estudio. Técnica Pomodoro.', '2026-03-15 08:54:36');
INSERT INTO `Sesion` (`id_sesion`, `id_cita`, `numero_sesion`, `notas`, `recomendaciones`, `fecha_registro`) VALUES (236, 552, 1, 'Paciente muestra signos de ansiedad generalizada. Se aplica escala GAD-7. Se inicia plan cognitivo-conductual.', 'Mantener contacto social. Participar en actividades extracurriculares.', '2026-03-15 08:54:36');
INSERT INTO `Sesion` (`id_sesion`, `id_cita`, `numero_sesion`, `notas`, `recomendaciones`, `fecha_registro`) VALUES (237, 553, 2, 'Sesión de psicoeducación sobre ciclos del sueño. Se establecieron rutinas de higiene del sueño.', 'Comunicar sentimientos de manera asertiva. Establecer límites claros.', '2026-03-15 08:54:36');
INSERT INTO `Sesion` (`id_sesion`, `id_cita`, `numero_sesion`, `notas`, `recomendaciones`, `fecha_registro`) VALUES (238, 557, 1, 'Se trabajó técnica de respiración diafragmática y relajación muscular. Buena receptividad.', 'Tomar descansos de 10 min cada hora de estudio. Técnica Pomodoro.', '2026-03-15 08:54:36');
INSERT INTO `Sesion` (`id_sesion`, `id_cita`, `numero_sesion`, `notas`, `recomendaciones`, `fecha_registro`) VALUES (239, 558, 1, 'Se abordó patrón de pensamientos automáticos negativos. Inicio de registro de pensamientos.', 'Mantener contacto social. Participar en actividades extracurriculares.', '2026-03-15 08:54:36');
INSERT INTO `Sesion` (`id_sesion`, `id_cita`, `numero_sesion`, `notas`, `recomendaciones`, `fecha_registro`) VALUES (240, 559, 2, 'Se trabajó técnica de respiración diafragmática y relajación muscular. Buena receptividad.', 'Llevar diario de pensamientos. Identificar situaciones que generan ansiedad.', '2026-03-15 08:54:36');
INSERT INTO `Sesion` (`id_sesion`, `id_cita`, `numero_sesion`, `notas`, `recomendaciones`, `fecha_registro`) VALUES (241, 562, 1, 'Sesión de psicoeducación sobre ciclos del sueño. Se establecieron rutinas de higiene del sueño.', 'Ejercicio aeróbico 30 min, 3 veces por semana.', '2026-03-15 08:54:36');
INSERT INTO `Sesion` (`id_sesion`, `id_cita`, `numero_sesion`, `notas`, `recomendaciones`, `fecha_registro`) VALUES (242, 563, 1, 'Se exploró historia académica y expectativas vocacionales. Se identificaron fortalezas e intereses.', 'Tomar descansos de 10 min cada hora de estudio. Técnica Pomodoro.', '2026-03-15 08:54:36');

-- ── Historial_Clinico (211 filas) ──
TRUNCATE TABLE `Historial_Clinico`;
INSERT INTO `Historial_Clinico` (`id_historial`, `id_estudiante`, `id_psicologo`, `fecha_apertura`) VALUES (1, 1, 8, '2026-03-15 08:54:35');
INSERT INTO `Historial_Clinico` (`id_historial`, `id_estudiante`, `id_psicologo`, `fecha_apertura`) VALUES (2, 1, 6, '2026-03-15 08:54:35');
INSERT INTO `Historial_Clinico` (`id_historial`, `id_estudiante`, `id_psicologo`, `fecha_apertura`) VALUES (3, 1, 7, '2026-03-15 08:54:35');
INSERT INTO `Historial_Clinico` (`id_historial`, `id_estudiante`, `id_psicologo`, `fecha_apertura`) VALUES (4, 1, 9, '2026-03-15 08:54:35');
INSERT INTO `Historial_Clinico` (`id_historial`, `id_estudiante`, `id_psicologo`, `fecha_apertura`) VALUES (5, 2, 3, '2026-03-15 08:54:35');
INSERT INTO `Historial_Clinico` (`id_historial`, `id_estudiante`, `id_psicologo`, `fecha_apertura`) VALUES (6, 2, 11, '2026-03-15 08:54:35');
INSERT INTO `Historial_Clinico` (`id_historial`, `id_estudiante`, `id_psicologo`, `fecha_apertura`) VALUES (7, 2, 1, '2026-03-15 08:54:35');
INSERT INTO `Historial_Clinico` (`id_historial`, `id_estudiante`, `id_psicologo`, `fecha_apertura`) VALUES (8, 3, 4, '2026-03-15 08:54:35');
INSERT INTO `Historial_Clinico` (`id_historial`, `id_estudiante`, `id_psicologo`, `fecha_apertura`) VALUES (9, 3, 8, '2026-03-15 08:54:35');
INSERT INTO `Historial_Clinico` (`id_historial`, `id_estudiante`, `id_psicologo`, `fecha_apertura`) VALUES (10, 4, 3, '2026-03-15 08:54:35');
INSERT INTO `Historial_Clinico` (`id_historial`, `id_estudiante`, `id_psicologo`, `fecha_apertura`) VALUES (11, 4, 2, '2026-03-15 08:54:35');
INSERT INTO `Historial_Clinico` (`id_historial`, `id_estudiante`, `id_psicologo`, `fecha_apertura`) VALUES (12, 5, 8, '2026-03-15 08:54:35');
INSERT INTO `Historial_Clinico` (`id_historial`, `id_estudiante`, `id_psicologo`, `fecha_apertura`) VALUES (13, 5, 5, '2026-03-15 08:54:35');
INSERT INTO `Historial_Clinico` (`id_historial`, `id_estudiante`, `id_psicologo`, `fecha_apertura`) VALUES (14, 5, 12, '2026-03-15 08:54:35');
INSERT INTO `Historial_Clinico` (`id_historial`, `id_estudiante`, `id_psicologo`, `fecha_apertura`) VALUES (15, 6, 11, '2026-03-15 08:54:35');
INSERT INTO `Historial_Clinico` (`id_historial`, `id_estudiante`, `id_psicologo`, `fecha_apertura`) VALUES (16, 6, 1, '2026-03-15 08:54:35');
INSERT INTO `Historial_Clinico` (`id_historial`, `id_estudiante`, `id_psicologo`, `fecha_apertura`) VALUES (17, 6, 2, '2026-03-15 08:54:35');
INSERT INTO `Historial_Clinico` (`id_historial`, `id_estudiante`, `id_psicologo`, `fecha_apertura`) VALUES (18, 6, 7, '2026-03-15 08:54:35');
INSERT INTO `Historial_Clinico` (`id_historial`, `id_estudiante`, `id_psicologo`, `fecha_apertura`) VALUES (19, 7, 4, '2026-03-15 08:54:35');
INSERT INTO `Historial_Clinico` (`id_historial`, `id_estudiante`, `id_psicologo`, `fecha_apertura`) VALUES (20, 7, 12, '2026-03-15 08:54:35');
INSERT INTO `Historial_Clinico` (`id_historial`, `id_estudiante`, `id_psicologo`, `fecha_apertura`) VALUES (21, 7, 5, '2026-03-15 08:54:35');
INSERT INTO `Historial_Clinico` (`id_historial`, `id_estudiante`, `id_psicologo`, `fecha_apertura`) VALUES (22, 7, 8, '2026-03-15 08:54:35');
INSERT INTO `Historial_Clinico` (`id_historial`, `id_estudiante`, `id_psicologo`, `fecha_apertura`) VALUES (23, 8, 4, '2026-03-15 08:54:35');
INSERT INTO `Historial_Clinico` (`id_historial`, `id_estudiante`, `id_psicologo`, `fecha_apertura`) VALUES (24, 8, 10, '2026-03-15 08:54:35');
INSERT INTO `Historial_Clinico` (`id_historial`, `id_estudiante`, `id_psicologo`, `fecha_apertura`) VALUES (25, 9, 7, '2026-03-15 08:54:35');
INSERT INTO `Historial_Clinico` (`id_historial`, `id_estudiante`, `id_psicologo`, `fecha_apertura`) VALUES (26, 9, 9, '2026-03-15 08:54:35');
INSERT INTO `Historial_Clinico` (`id_historial`, `id_estudiante`, `id_psicologo`, `fecha_apertura`) VALUES (27, 9, 3, '2026-03-15 08:54:35');
INSERT INTO `Historial_Clinico` (`id_historial`, `id_estudiante`, `id_psicologo`, `fecha_apertura`) VALUES (28, 10, 4, '2026-03-15 08:54:35');
INSERT INTO `Historial_Clinico` (`id_historial`, `id_estudiante`, `id_psicologo`, `fecha_apertura`) VALUES (29, 10, 12, '2026-03-15 08:54:35');
INSERT INTO `Historial_Clinico` (`id_historial`, `id_estudiante`, `id_psicologo`, `fecha_apertura`) VALUES (30, 11, 12, '2026-03-15 08:54:35');
INSERT INTO `Historial_Clinico` (`id_historial`, `id_estudiante`, `id_psicologo`, `fecha_apertura`) VALUES (31, 11, 11, '2026-03-15 08:54:35');
INSERT INTO `Historial_Clinico` (`id_historial`, `id_estudiante`, `id_psicologo`, `fecha_apertura`) VALUES (32, 11, 6, '2026-03-15 08:54:35');
INSERT INTO `Historial_Clinico` (`id_historial`, `id_estudiante`, `id_psicologo`, `fecha_apertura`) VALUES (33, 11, 9, '2026-03-15 08:54:35');
INSERT INTO `Historial_Clinico` (`id_historial`, `id_estudiante`, `id_psicologo`, `fecha_apertura`) VALUES (34, 11, 3, '2026-03-15 08:54:35');
INSERT INTO `Historial_Clinico` (`id_historial`, `id_estudiante`, `id_psicologo`, `fecha_apertura`) VALUES (35, 11, 10, '2026-03-15 08:54:35');
INSERT INTO `Historial_Clinico` (`id_historial`, `id_estudiante`, `id_psicologo`, `fecha_apertura`) VALUES (36, 12, 12, '2026-03-15 08:54:35');
INSERT INTO `Historial_Clinico` (`id_historial`, `id_estudiante`, `id_psicologo`, `fecha_apertura`) VALUES (37, 12, 4, '2026-03-15 08:54:35');
INSERT INTO `Historial_Clinico` (`id_historial`, `id_estudiante`, `id_psicologo`, `fecha_apertura`) VALUES (38, 12, 1, '2026-03-15 08:54:35');
INSERT INTO `Historial_Clinico` (`id_historial`, `id_estudiante`, `id_psicologo`, `fecha_apertura`) VALUES (39, 12, 8, '2026-03-15 08:54:35');
INSERT INTO `Historial_Clinico` (`id_historial`, `id_estudiante`, `id_psicologo`, `fecha_apertura`) VALUES (40, 13, 12, '2026-03-15 08:54:35');
INSERT INTO `Historial_Clinico` (`id_historial`, `id_estudiante`, `id_psicologo`, `fecha_apertura`) VALUES (41, 13, 3, '2026-03-15 08:54:35');
INSERT INTO `Historial_Clinico` (`id_historial`, `id_estudiante`, `id_psicologo`, `fecha_apertura`) VALUES (42, 14, 12, '2026-03-15 08:54:35');
INSERT INTO `Historial_Clinico` (`id_historial`, `id_estudiante`, `id_psicologo`, `fecha_apertura`) VALUES (43, 14, 11, '2026-03-15 08:54:35');
INSERT INTO `Historial_Clinico` (`id_historial`, `id_estudiante`, `id_psicologo`, `fecha_apertura`) VALUES (44, 14, 7, '2026-03-15 08:54:35');
INSERT INTO `Historial_Clinico` (`id_historial`, `id_estudiante`, `id_psicologo`, `fecha_apertura`) VALUES (45, 14, 6, '2026-03-15 08:54:35');
INSERT INTO `Historial_Clinico` (`id_historial`, `id_estudiante`, `id_psicologo`, `fecha_apertura`) VALUES (46, 14, 4, '2026-03-15 08:54:35');
INSERT INTO `Historial_Clinico` (`id_historial`, `id_estudiante`, `id_psicologo`, `fecha_apertura`) VALUES (47, 15, 2, '2026-03-15 08:54:35');
INSERT INTO `Historial_Clinico` (`id_historial`, `id_estudiante`, `id_psicologo`, `fecha_apertura`) VALUES (48, 15, 3, '2026-03-15 08:54:35');
INSERT INTO `Historial_Clinico` (`id_historial`, `id_estudiante`, `id_psicologo`, `fecha_apertura`) VALUES (49, 15, 4, '2026-03-15 08:54:35');
INSERT INTO `Historial_Clinico` (`id_historial`, `id_estudiante`, `id_psicologo`, `fecha_apertura`) VALUES (50, 16, 1, '2026-03-15 08:54:35');
INSERT INTO `Historial_Clinico` (`id_historial`, `id_estudiante`, `id_psicologo`, `fecha_apertura`) VALUES (51, 17, 1, '2026-03-15 08:54:35');
INSERT INTO `Historial_Clinico` (`id_historial`, `id_estudiante`, `id_psicologo`, `fecha_apertura`) VALUES (52, 17, 3, '2026-03-15 08:54:35');
INSERT INTO `Historial_Clinico` (`id_historial`, `id_estudiante`, `id_psicologo`, `fecha_apertura`) VALUES (53, 17, 5, '2026-03-15 08:54:35');
INSERT INTO `Historial_Clinico` (`id_historial`, `id_estudiante`, `id_psicologo`, `fecha_apertura`) VALUES (54, 18, 11, '2026-03-15 08:54:35');
INSERT INTO `Historial_Clinico` (`id_historial`, `id_estudiante`, `id_psicologo`, `fecha_apertura`) VALUES (55, 18, 4, '2026-03-15 08:54:35');
INSERT INTO `Historial_Clinico` (`id_historial`, `id_estudiante`, `id_psicologo`, `fecha_apertura`) VALUES (56, 18, 7, '2026-03-15 08:54:35');
INSERT INTO `Historial_Clinico` (`id_historial`, `id_estudiante`, `id_psicologo`, `fecha_apertura`) VALUES (57, 19, 12, '2026-03-15 08:54:35');
INSERT INTO `Historial_Clinico` (`id_historial`, `id_estudiante`, `id_psicologo`, `fecha_apertura`) VALUES (58, 19, 7, '2026-03-15 08:54:35');
INSERT INTO `Historial_Clinico` (`id_historial`, `id_estudiante`, `id_psicologo`, `fecha_apertura`) VALUES (59, 19, 5, '2026-03-15 08:54:35');
INSERT INTO `Historial_Clinico` (`id_historial`, `id_estudiante`, `id_psicologo`, `fecha_apertura`) VALUES (60, 19, 9, '2026-03-15 08:54:35');
INSERT INTO `Historial_Clinico` (`id_historial`, `id_estudiante`, `id_psicologo`, `fecha_apertura`) VALUES (61, 19, 2, '2026-03-15 08:54:35');
INSERT INTO `Historial_Clinico` (`id_historial`, `id_estudiante`, `id_psicologo`, `fecha_apertura`) VALUES (62, 20, 6, '2026-03-15 08:54:35');
INSERT INTO `Historial_Clinico` (`id_historial`, `id_estudiante`, `id_psicologo`, `fecha_apertura`) VALUES (63, 20, 11, '2026-03-15 08:54:35');
INSERT INTO `Historial_Clinico` (`id_historial`, `id_estudiante`, `id_psicologo`, `fecha_apertura`) VALUES (64, 20, 8, '2026-03-15 08:54:35');
INSERT INTO `Historial_Clinico` (`id_historial`, `id_estudiante`, `id_psicologo`, `fecha_apertura`) VALUES (65, 20, 12, '2026-03-15 08:54:35');
INSERT INTO `Historial_Clinico` (`id_historial`, `id_estudiante`, `id_psicologo`, `fecha_apertura`) VALUES (66, 21, 5, '2026-03-15 08:54:35');
INSERT INTO `Historial_Clinico` (`id_historial`, `id_estudiante`, `id_psicologo`, `fecha_apertura`) VALUES (67, 21, 12, '2026-03-15 08:54:35');
INSERT INTO `Historial_Clinico` (`id_historial`, `id_estudiante`, `id_psicologo`, `fecha_apertura`) VALUES (68, 21, 7, '2026-03-15 08:54:35');
INSERT INTO `Historial_Clinico` (`id_historial`, `id_estudiante`, `id_psicologo`, `fecha_apertura`) VALUES (69, 21, 6, '2026-03-15 08:54:35');
INSERT INTO `Historial_Clinico` (`id_historial`, `id_estudiante`, `id_psicologo`, `fecha_apertura`) VALUES (70, 21, 3, '2026-03-15 08:54:35');
INSERT INTO `Historial_Clinico` (`id_historial`, `id_estudiante`, `id_psicologo`, `fecha_apertura`) VALUES (71, 22, 5, '2026-03-15 08:54:35');
INSERT INTO `Historial_Clinico` (`id_historial`, `id_estudiante`, `id_psicologo`, `fecha_apertura`) VALUES (72, 22, 10, '2026-03-15 08:54:35');
INSERT INTO `Historial_Clinico` (`id_historial`, `id_estudiante`, `id_psicologo`, `fecha_apertura`) VALUES (73, 23, 3, '2026-03-15 08:54:35');
INSERT INTO `Historial_Clinico` (`id_historial`, `id_estudiante`, `id_psicologo`, `fecha_apertura`) VALUES (74, 23, 10, '2026-03-15 08:54:35');
INSERT INTO `Historial_Clinico` (`id_historial`, `id_estudiante`, `id_psicologo`, `fecha_apertura`) VALUES (75, 23, 9, '2026-03-15 08:54:35');
INSERT INTO `Historial_Clinico` (`id_historial`, `id_estudiante`, `id_psicologo`, `fecha_apertura`) VALUES (76, 23, 8, '2026-03-15 08:54:35');
INSERT INTO `Historial_Clinico` (`id_historial`, `id_estudiante`, `id_psicologo`, `fecha_apertura`) VALUES (77, 24, 1, '2026-03-15 08:54:35');
INSERT INTO `Historial_Clinico` (`id_historial`, `id_estudiante`, `id_psicologo`, `fecha_apertura`) VALUES (78, 24, 10, '2026-03-15 08:54:35');
INSERT INTO `Historial_Clinico` (`id_historial`, `id_estudiante`, `id_psicologo`, `fecha_apertura`) VALUES (79, 25, 7, '2026-03-15 08:54:35');
INSERT INTO `Historial_Clinico` (`id_historial`, `id_estudiante`, `id_psicologo`, `fecha_apertura`) VALUES (80, 25, 8, '2026-03-15 08:54:35');
INSERT INTO `Historial_Clinico` (`id_historial`, `id_estudiante`, `id_psicologo`, `fecha_apertura`) VALUES (81, 25, 1, '2026-03-15 08:54:35');
INSERT INTO `Historial_Clinico` (`id_historial`, `id_estudiante`, `id_psicologo`, `fecha_apertura`) VALUES (82, 25, 4, '2026-03-15 08:54:35');
INSERT INTO `Historial_Clinico` (`id_historial`, `id_estudiante`, `id_psicologo`, `fecha_apertura`) VALUES (83, 25, 3, '2026-03-15 08:54:35');
INSERT INTO `Historial_Clinico` (`id_historial`, `id_estudiante`, `id_psicologo`, `fecha_apertura`) VALUES (84, 25, 12, '2026-03-15 08:54:35');
INSERT INTO `Historial_Clinico` (`id_historial`, `id_estudiante`, `id_psicologo`, `fecha_apertura`) VALUES (85, 26, 8, '2026-03-15 08:54:35');
INSERT INTO `Historial_Clinico` (`id_historial`, `id_estudiante`, `id_psicologo`, `fecha_apertura`) VALUES (86, 26, 7, '2026-03-15 08:54:35');
INSERT INTO `Historial_Clinico` (`id_historial`, `id_estudiante`, `id_psicologo`, `fecha_apertura`) VALUES (87, 26, 6, '2026-03-15 08:54:35');
INSERT INTO `Historial_Clinico` (`id_historial`, `id_estudiante`, `id_psicologo`, `fecha_apertura`) VALUES (88, 26, 9, '2026-03-15 08:54:35');
INSERT INTO `Historial_Clinico` (`id_historial`, `id_estudiante`, `id_psicologo`, `fecha_apertura`) VALUES (89, 26, 10, '2026-03-15 08:54:35');
INSERT INTO `Historial_Clinico` (`id_historial`, `id_estudiante`, `id_psicologo`, `fecha_apertura`) VALUES (90, 27, 6, '2026-03-15 08:54:35');
INSERT INTO `Historial_Clinico` (`id_historial`, `id_estudiante`, `id_psicologo`, `fecha_apertura`) VALUES (91, 27, 2, '2026-03-15 08:54:35');
INSERT INTO `Historial_Clinico` (`id_historial`, `id_estudiante`, `id_psicologo`, `fecha_apertura`) VALUES (92, 27, 7, '2026-03-15 08:54:35');
INSERT INTO `Historial_Clinico` (`id_historial`, `id_estudiante`, `id_psicologo`, `fecha_apertura`) VALUES (93, 27, 10, '2026-03-15 08:54:35');
INSERT INTO `Historial_Clinico` (`id_historial`, `id_estudiante`, `id_psicologo`, `fecha_apertura`) VALUES (94, 28, 8, '2026-03-15 08:54:35');
INSERT INTO `Historial_Clinico` (`id_historial`, `id_estudiante`, `id_psicologo`, `fecha_apertura`) VALUES (95, 28, 11, '2026-03-15 08:54:35');
INSERT INTO `Historial_Clinico` (`id_historial`, `id_estudiante`, `id_psicologo`, `fecha_apertura`) VALUES (96, 28, 10, '2026-03-15 08:54:35');
INSERT INTO `Historial_Clinico` (`id_historial`, `id_estudiante`, `id_psicologo`, `fecha_apertura`) VALUES (97, 28, 1, '2026-03-15 08:54:35');
INSERT INTO `Historial_Clinico` (`id_historial`, `id_estudiante`, `id_psicologo`, `fecha_apertura`) VALUES (98, 28, 7, '2026-03-15 08:54:35');
INSERT INTO `Historial_Clinico` (`id_historial`, `id_estudiante`, `id_psicologo`, `fecha_apertura`) VALUES (99, 29, 4, '2026-03-15 08:54:35');
INSERT INTO `Historial_Clinico` (`id_historial`, `id_estudiante`, `id_psicologo`, `fecha_apertura`) VALUES (100, 29, 10, '2026-03-15 08:54:35');
INSERT INTO `Historial_Clinico` (`id_historial`, `id_estudiante`, `id_psicologo`, `fecha_apertura`) VALUES (101, 29, 2, '2026-03-15 08:54:35');
INSERT INTO `Historial_Clinico` (`id_historial`, `id_estudiante`, `id_psicologo`, `fecha_apertura`) VALUES (102, 30, 7, '2026-03-15 08:54:35');
INSERT INTO `Historial_Clinico` (`id_historial`, `id_estudiante`, `id_psicologo`, `fecha_apertura`) VALUES (103, 30, 12, '2026-03-15 08:54:35');
INSERT INTO `Historial_Clinico` (`id_historial`, `id_estudiante`, `id_psicologo`, `fecha_apertura`) VALUES (104, 31, 11, '2026-03-15 08:54:35');
INSERT INTO `Historial_Clinico` (`id_historial`, `id_estudiante`, `id_psicologo`, `fecha_apertura`) VALUES (105, 32, 11, '2026-03-15 08:54:35');
INSERT INTO `Historial_Clinico` (`id_historial`, `id_estudiante`, `id_psicologo`, `fecha_apertura`) VALUES (106, 33, 7, '2026-03-15 08:54:35');
INSERT INTO `Historial_Clinico` (`id_historial`, `id_estudiante`, `id_psicologo`, `fecha_apertura`) VALUES (107, 34, 12, '2026-03-15 08:54:35');
INSERT INTO `Historial_Clinico` (`id_historial`, `id_estudiante`, `id_psicologo`, `fecha_apertura`) VALUES (108, 34, 11, '2026-03-15 08:54:35');
INSERT INTO `Historial_Clinico` (`id_historial`, `id_estudiante`, `id_psicologo`, `fecha_apertura`) VALUES (109, 35, 7, '2026-03-15 08:54:35');
INSERT INTO `Historial_Clinico` (`id_historial`, `id_estudiante`, `id_psicologo`, `fecha_apertura`) VALUES (110, 35, 12, '2026-03-15 08:54:35');
INSERT INTO `Historial_Clinico` (`id_historial`, `id_estudiante`, `id_psicologo`, `fecha_apertura`) VALUES (111, 35, 11, '2026-03-15 08:54:35');
INSERT INTO `Historial_Clinico` (`id_historial`, `id_estudiante`, `id_psicologo`, `fecha_apertura`) VALUES (112, 35, 9, '2026-03-15 08:54:35');
INSERT INTO `Historial_Clinico` (`id_historial`, `id_estudiante`, `id_psicologo`, `fecha_apertura`) VALUES (113, 35, 4, '2026-03-15 08:54:35');
INSERT INTO `Historial_Clinico` (`id_historial`, `id_estudiante`, `id_psicologo`, `fecha_apertura`) VALUES (114, 36, 8, '2026-03-15 08:54:35');
INSERT INTO `Historial_Clinico` (`id_historial`, `id_estudiante`, `id_psicologo`, `fecha_apertura`) VALUES (115, 37, 1, '2026-03-15 08:54:35');
INSERT INTO `Historial_Clinico` (`id_historial`, `id_estudiante`, `id_psicologo`, `fecha_apertura`) VALUES (116, 37, 9, '2026-03-15 08:54:35');
INSERT INTO `Historial_Clinico` (`id_historial`, `id_estudiante`, `id_psicologo`, `fecha_apertura`) VALUES (117, 37, 7, '2026-03-15 08:54:35');
INSERT INTO `Historial_Clinico` (`id_historial`, `id_estudiante`, `id_psicologo`, `fecha_apertura`) VALUES (118, 38, 1, '2026-03-15 08:54:35');
INSERT INTO `Historial_Clinico` (`id_historial`, `id_estudiante`, `id_psicologo`, `fecha_apertura`) VALUES (119, 38, 6, '2026-03-15 08:54:35');
INSERT INTO `Historial_Clinico` (`id_historial`, `id_estudiante`, `id_psicologo`, `fecha_apertura`) VALUES (120, 38, 7, '2026-03-15 08:54:35');
INSERT INTO `Historial_Clinico` (`id_historial`, `id_estudiante`, `id_psicologo`, `fecha_apertura`) VALUES (121, 38, 12, '2026-03-15 08:54:35');
INSERT INTO `Historial_Clinico` (`id_historial`, `id_estudiante`, `id_psicologo`, `fecha_apertura`) VALUES (122, 39, 7, '2026-03-15 08:54:35');
INSERT INTO `Historial_Clinico` (`id_historial`, `id_estudiante`, `id_psicologo`, `fecha_apertura`) VALUES (123, 40, 10, '2026-03-15 08:54:35');
INSERT INTO `Historial_Clinico` (`id_historial`, `id_estudiante`, `id_psicologo`, `fecha_apertura`) VALUES (124, 40, 6, '2026-03-15 08:54:35');
INSERT INTO `Historial_Clinico` (`id_historial`, `id_estudiante`, `id_psicologo`, `fecha_apertura`) VALUES (125, 40, 2, '2026-03-15 08:54:35');
INSERT INTO `Historial_Clinico` (`id_historial`, `id_estudiante`, `id_psicologo`, `fecha_apertura`) VALUES (126, 41, 5, '2026-03-15 08:54:35');
INSERT INTO `Historial_Clinico` (`id_historial`, `id_estudiante`, `id_psicologo`, `fecha_apertura`) VALUES (127, 42, 1, '2026-03-15 08:54:35');
INSERT INTO `Historial_Clinico` (`id_historial`, `id_estudiante`, `id_psicologo`, `fecha_apertura`) VALUES (128, 42, 3, '2026-03-15 08:54:35');
INSERT INTO `Historial_Clinico` (`id_historial`, `id_estudiante`, `id_psicologo`, `fecha_apertura`) VALUES (129, 42, 12, '2026-03-15 08:54:35');
INSERT INTO `Historial_Clinico` (`id_historial`, `id_estudiante`, `id_psicologo`, `fecha_apertura`) VALUES (130, 42, 2, '2026-03-15 08:54:35');
INSERT INTO `Historial_Clinico` (`id_historial`, `id_estudiante`, `id_psicologo`, `fecha_apertura`) VALUES (131, 43, 12, '2026-03-15 08:54:35');
INSERT INTO `Historial_Clinico` (`id_historial`, `id_estudiante`, `id_psicologo`, `fecha_apertura`) VALUES (132, 43, 10, '2026-03-15 08:54:35');
INSERT INTO `Historial_Clinico` (`id_historial`, `id_estudiante`, `id_psicologo`, `fecha_apertura`) VALUES (133, 43, 5, '2026-03-15 08:54:35');
INSERT INTO `Historial_Clinico` (`id_historial`, `id_estudiante`, `id_psicologo`, `fecha_apertura`) VALUES (134, 44, 7, '2026-03-15 08:54:35');
INSERT INTO `Historial_Clinico` (`id_historial`, `id_estudiante`, `id_psicologo`, `fecha_apertura`) VALUES (135, 44, 12, '2026-03-15 08:54:36');
INSERT INTO `Historial_Clinico` (`id_historial`, `id_estudiante`, `id_psicologo`, `fecha_apertura`) VALUES (136, 46, 8, '2026-03-15 08:54:36');
INSERT INTO `Historial_Clinico` (`id_historial`, `id_estudiante`, `id_psicologo`, `fecha_apertura`) VALUES (137, 46, 7, '2026-03-15 08:54:36');
INSERT INTO `Historial_Clinico` (`id_historial`, `id_estudiante`, `id_psicologo`, `fecha_apertura`) VALUES (138, 46, 10, '2026-03-15 08:54:36');
INSERT INTO `Historial_Clinico` (`id_historial`, `id_estudiante`, `id_psicologo`, `fecha_apertura`) VALUES (139, 47, 12, '2026-03-15 08:54:36');
INSERT INTO `Historial_Clinico` (`id_historial`, `id_estudiante`, `id_psicologo`, `fecha_apertura`) VALUES (140, 47, 10, '2026-03-15 08:54:36');
INSERT INTO `Historial_Clinico` (`id_historial`, `id_estudiante`, `id_psicologo`, `fecha_apertura`) VALUES (141, 47, 8, '2026-03-15 08:54:36');
INSERT INTO `Historial_Clinico` (`id_historial`, `id_estudiante`, `id_psicologo`, `fecha_apertura`) VALUES (142, 47, 5, '2026-03-15 08:54:36');
INSERT INTO `Historial_Clinico` (`id_historial`, `id_estudiante`, `id_psicologo`, `fecha_apertura`) VALUES (143, 47, 2, '2026-03-15 08:54:36');
INSERT INTO `Historial_Clinico` (`id_historial`, `id_estudiante`, `id_psicologo`, `fecha_apertura`) VALUES (144, 48, 11, '2026-03-15 08:54:36');
INSERT INTO `Historial_Clinico` (`id_historial`, `id_estudiante`, `id_psicologo`, `fecha_apertura`) VALUES (145, 48, 6, '2026-03-15 08:54:36');
INSERT INTO `Historial_Clinico` (`id_historial`, `id_estudiante`, `id_psicologo`, `fecha_apertura`) VALUES (146, 48, 3, '2026-03-15 08:54:36');
INSERT INTO `Historial_Clinico` (`id_historial`, `id_estudiante`, `id_psicologo`, `fecha_apertura`) VALUES (147, 49, 1, '2026-03-15 08:54:36');
INSERT INTO `Historial_Clinico` (`id_historial`, `id_estudiante`, `id_psicologo`, `fecha_apertura`) VALUES (148, 50, 2, '2026-03-15 08:54:36');
INSERT INTO `Historial_Clinico` (`id_historial`, `id_estudiante`, `id_psicologo`, `fecha_apertura`) VALUES (149, 51, 7, '2026-03-15 08:54:36');
INSERT INTO `Historial_Clinico` (`id_historial`, `id_estudiante`, `id_psicologo`, `fecha_apertura`) VALUES (150, 52, 10, '2026-03-15 08:54:36');
INSERT INTO `Historial_Clinico` (`id_historial`, `id_estudiante`, `id_psicologo`, `fecha_apertura`) VALUES (151, 52, 12, '2026-03-15 08:54:36');
INSERT INTO `Historial_Clinico` (`id_historial`, `id_estudiante`, `id_psicologo`, `fecha_apertura`) VALUES (152, 53, 4, '2026-03-15 08:54:36');
INSERT INTO `Historial_Clinico` (`id_historial`, `id_estudiante`, `id_psicologo`, `fecha_apertura`) VALUES (153, 53, 6, '2026-03-15 08:54:36');
INSERT INTO `Historial_Clinico` (`id_historial`, `id_estudiante`, `id_psicologo`, `fecha_apertura`) VALUES (154, 53, 7, '2026-03-15 08:54:36');
INSERT INTO `Historial_Clinico` (`id_historial`, `id_estudiante`, `id_psicologo`, `fecha_apertura`) VALUES (155, 54, 1, '2026-03-15 08:54:36');
INSERT INTO `Historial_Clinico` (`id_historial`, `id_estudiante`, `id_psicologo`, `fecha_apertura`) VALUES (156, 54, 5, '2026-03-15 08:54:36');
INSERT INTO `Historial_Clinico` (`id_historial`, `id_estudiante`, `id_psicologo`, `fecha_apertura`) VALUES (157, 54, 3, '2026-03-15 08:54:36');
INSERT INTO `Historial_Clinico` (`id_historial`, `id_estudiante`, `id_psicologo`, `fecha_apertura`) VALUES (158, 54, 10, '2026-03-15 08:54:36');
INSERT INTO `Historial_Clinico` (`id_historial`, `id_estudiante`, `id_psicologo`, `fecha_apertura`) VALUES (159, 54, 11, '2026-03-15 08:54:36');
INSERT INTO `Historial_Clinico` (`id_historial`, `id_estudiante`, `id_psicologo`, `fecha_apertura`) VALUES (160, 55, 3, '2026-03-15 08:54:36');
INSERT INTO `Historial_Clinico` (`id_historial`, `id_estudiante`, `id_psicologo`, `fecha_apertura`) VALUES (161, 55, 9, '2026-03-15 08:54:36');
INSERT INTO `Historial_Clinico` (`id_historial`, `id_estudiante`, `id_psicologo`, `fecha_apertura`) VALUES (162, 56, 1, '2026-03-15 08:54:36');
INSERT INTO `Historial_Clinico` (`id_historial`, `id_estudiante`, `id_psicologo`, `fecha_apertura`) VALUES (163, 56, 9, '2026-03-15 08:54:36');
INSERT INTO `Historial_Clinico` (`id_historial`, `id_estudiante`, `id_psicologo`, `fecha_apertura`) VALUES (164, 57, 2, '2026-03-15 08:54:36');
INSERT INTO `Historial_Clinico` (`id_historial`, `id_estudiante`, `id_psicologo`, `fecha_apertura`) VALUES (165, 57, 12, '2026-03-15 08:54:36');
INSERT INTO `Historial_Clinico` (`id_historial`, `id_estudiante`, `id_psicologo`, `fecha_apertura`) VALUES (166, 58, 6, '2026-03-15 08:54:36');
INSERT INTO `Historial_Clinico` (`id_historial`, `id_estudiante`, `id_psicologo`, `fecha_apertura`) VALUES (167, 60, 4, '2026-03-15 08:54:36');
INSERT INTO `Historial_Clinico` (`id_historial`, `id_estudiante`, `id_psicologo`, `fecha_apertura`) VALUES (168, 60, 7, '2026-03-15 08:54:36');
INSERT INTO `Historial_Clinico` (`id_historial`, `id_estudiante`, `id_psicologo`, `fecha_apertura`) VALUES (169, 61, 3, '2026-03-15 08:54:36');
INSERT INTO `Historial_Clinico` (`id_historial`, `id_estudiante`, `id_psicologo`, `fecha_apertura`) VALUES (170, 61, 4, '2026-03-15 08:54:36');
INSERT INTO `Historial_Clinico` (`id_historial`, `id_estudiante`, `id_psicologo`, `fecha_apertura`) VALUES (171, 61, 12, '2026-03-15 08:54:36');
INSERT INTO `Historial_Clinico` (`id_historial`, `id_estudiante`, `id_psicologo`, `fecha_apertura`) VALUES (172, 62, 3, '2026-03-15 08:54:36');
INSERT INTO `Historial_Clinico` (`id_historial`, `id_estudiante`, `id_psicologo`, `fecha_apertura`) VALUES (173, 63, 11, '2026-03-15 08:54:36');
INSERT INTO `Historial_Clinico` (`id_historial`, `id_estudiante`, `id_psicologo`, `fecha_apertura`) VALUES (174, 64, 3, '2026-03-15 08:54:36');
INSERT INTO `Historial_Clinico` (`id_historial`, `id_estudiante`, `id_psicologo`, `fecha_apertura`) VALUES (175, 64, 4, '2026-03-15 08:54:36');
INSERT INTO `Historial_Clinico` (`id_historial`, `id_estudiante`, `id_psicologo`, `fecha_apertura`) VALUES (176, 64, 10, '2026-03-15 08:54:36');
INSERT INTO `Historial_Clinico` (`id_historial`, `id_estudiante`, `id_psicologo`, `fecha_apertura`) VALUES (177, 64, 5, '2026-03-15 08:54:36');
INSERT INTO `Historial_Clinico` (`id_historial`, `id_estudiante`, `id_psicologo`, `fecha_apertura`) VALUES (178, 65, 2, '2026-03-15 08:54:36');
INSERT INTO `Historial_Clinico` (`id_historial`, `id_estudiante`, `id_psicologo`, `fecha_apertura`) VALUES (179, 65, 12, '2026-03-15 08:54:36');
INSERT INTO `Historial_Clinico` (`id_historial`, `id_estudiante`, `id_psicologo`, `fecha_apertura`) VALUES (180, 65, 1, '2026-03-15 08:54:36');
INSERT INTO `Historial_Clinico` (`id_historial`, `id_estudiante`, `id_psicologo`, `fecha_apertura`) VALUES (181, 65, 6, '2026-03-15 08:54:36');
INSERT INTO `Historial_Clinico` (`id_historial`, `id_estudiante`, `id_psicologo`, `fecha_apertura`) VALUES (182, 66, 9, '2026-03-15 08:54:36');
INSERT INTO `Historial_Clinico` (`id_historial`, `id_estudiante`, `id_psicologo`, `fecha_apertura`) VALUES (183, 66, 11, '2026-03-15 08:54:36');
INSERT INTO `Historial_Clinico` (`id_historial`, `id_estudiante`, `id_psicologo`, `fecha_apertura`) VALUES (184, 67, 11, '2026-03-15 08:54:36');
INSERT INTO `Historial_Clinico` (`id_historial`, `id_estudiante`, `id_psicologo`, `fecha_apertura`) VALUES (185, 68, 3, '2026-03-15 08:54:36');
INSERT INTO `Historial_Clinico` (`id_historial`, `id_estudiante`, `id_psicologo`, `fecha_apertura`) VALUES (186, 68, 6, '2026-03-15 08:54:36');
INSERT INTO `Historial_Clinico` (`id_historial`, `id_estudiante`, `id_psicologo`, `fecha_apertura`) VALUES (187, 68, 4, '2026-03-15 08:54:36');
INSERT INTO `Historial_Clinico` (`id_historial`, `id_estudiante`, `id_psicologo`, `fecha_apertura`) VALUES (188, 68, 7, '2026-03-15 08:54:36');
INSERT INTO `Historial_Clinico` (`id_historial`, `id_estudiante`, `id_psicologo`, `fecha_apertura`) VALUES (189, 68, 8, '2026-03-15 08:54:36');
INSERT INTO `Historial_Clinico` (`id_historial`, `id_estudiante`, `id_psicologo`, `fecha_apertura`) VALUES (190, 69, 7, '2026-03-15 08:54:36');
INSERT INTO `Historial_Clinico` (`id_historial`, `id_estudiante`, `id_psicologo`, `fecha_apertura`) VALUES (191, 69, 8, '2026-03-15 08:54:36');
INSERT INTO `Historial_Clinico` (`id_historial`, `id_estudiante`, `id_psicologo`, `fecha_apertura`) VALUES (192, 69, 3, '2026-03-15 08:54:36');
INSERT INTO `Historial_Clinico` (`id_historial`, `id_estudiante`, `id_psicologo`, `fecha_apertura`) VALUES (193, 70, 10, '2026-03-15 08:54:36');
INSERT INTO `Historial_Clinico` (`id_historial`, `id_estudiante`, `id_psicologo`, `fecha_apertura`) VALUES (194, 70, 7, '2026-03-15 08:54:36');
INSERT INTO `Historial_Clinico` (`id_historial`, `id_estudiante`, `id_psicologo`, `fecha_apertura`) VALUES (195, 70, 8, '2026-03-15 08:54:36');
INSERT INTO `Historial_Clinico` (`id_historial`, `id_estudiante`, `id_psicologo`, `fecha_apertura`) VALUES (196, 71, 10, '2026-03-15 08:54:36');
INSERT INTO `Historial_Clinico` (`id_historial`, `id_estudiante`, `id_psicologo`, `fecha_apertura`) VALUES (197, 71, 8, '2026-03-15 08:54:36');
INSERT INTO `Historial_Clinico` (`id_historial`, `id_estudiante`, `id_psicologo`, `fecha_apertura`) VALUES (198, 72, 3, '2026-03-15 08:54:36');
INSERT INTO `Historial_Clinico` (`id_historial`, `id_estudiante`, `id_psicologo`, `fecha_apertura`) VALUES (199, 74, 1, '2026-03-15 08:54:36');
INSERT INTO `Historial_Clinico` (`id_historial`, `id_estudiante`, `id_psicologo`, `fecha_apertura`) VALUES (200, 75, 9, '2026-03-15 08:54:36');
INSERT INTO `Historial_Clinico` (`id_historial`, `id_estudiante`, `id_psicologo`, `fecha_apertura`) VALUES (201, 76, 5, '2026-03-15 08:54:36');
INSERT INTO `Historial_Clinico` (`id_historial`, `id_estudiante`, `id_psicologo`, `fecha_apertura`) VALUES (202, 76, 10, '2026-03-15 08:54:36');
INSERT INTO `Historial_Clinico` (`id_historial`, `id_estudiante`, `id_psicologo`, `fecha_apertura`) VALUES (203, 77, 4, '2026-03-15 08:54:36');
INSERT INTO `Historial_Clinico` (`id_historial`, `id_estudiante`, `id_psicologo`, `fecha_apertura`) VALUES (204, 77, 11, '2026-03-15 08:54:36');
INSERT INTO `Historial_Clinico` (`id_historial`, `id_estudiante`, `id_psicologo`, `fecha_apertura`) VALUES (205, 78, 12, '2026-03-15 08:54:36');
INSERT INTO `Historial_Clinico` (`id_historial`, `id_estudiante`, `id_psicologo`, `fecha_apertura`) VALUES (206, 78, 10, '2026-03-15 08:54:36');
INSERT INTO `Historial_Clinico` (`id_historial`, `id_estudiante`, `id_psicologo`, `fecha_apertura`) VALUES (207, 78, 5, '2026-03-15 08:54:36');
INSERT INTO `Historial_Clinico` (`id_historial`, `id_estudiante`, `id_psicologo`, `fecha_apertura`) VALUES (208, 79, 1, '2026-03-15 08:54:36');
INSERT INTO `Historial_Clinico` (`id_historial`, `id_estudiante`, `id_psicologo`, `fecha_apertura`) VALUES (209, 79, 9, '2026-03-15 08:54:36');
INSERT INTO `Historial_Clinico` (`id_historial`, `id_estudiante`, `id_psicologo`, `fecha_apertura`) VALUES (210, 80, 7, '2026-03-15 08:54:36');
INSERT INTO `Historial_Clinico` (`id_historial`, `id_estudiante`, `id_psicologo`, `fecha_apertura`) VALUES (211, 80, 6, '2026-03-15 08:54:36');

-- ── Detalle_Historial (242 filas) ──
TRUNCATE TABLE `Detalle_Historial`;
INSERT INTO `Detalle_Historial` (`id_detalle`, `id_historial`, `id_sesion`, `fecha_registro`) VALUES (1, 1, 1, '2026-03-15 08:54:35');
INSERT INTO `Detalle_Historial` (`id_detalle`, `id_historial`, `id_sesion`, `fecha_registro`) VALUES (2, 2, 2, '2026-03-15 08:54:35');
INSERT INTO `Detalle_Historial` (`id_detalle`, `id_historial`, `id_sesion`, `fecha_registro`) VALUES (3, 3, 3, '2026-03-15 08:54:35');
INSERT INTO `Detalle_Historial` (`id_detalle`, `id_historial`, `id_sesion`, `fecha_registro`) VALUES (4, 4, 4, '2026-03-15 08:54:35');
INSERT INTO `Detalle_Historial` (`id_detalle`, `id_historial`, `id_sesion`, `fecha_registro`) VALUES (5, 5, 5, '2026-03-15 08:54:35');
INSERT INTO `Detalle_Historial` (`id_detalle`, `id_historial`, `id_sesion`, `fecha_registro`) VALUES (6, 5, 6, '2026-03-15 08:54:35');
INSERT INTO `Detalle_Historial` (`id_detalle`, `id_historial`, `id_sesion`, `fecha_registro`) VALUES (7, 6, 7, '2026-03-15 08:54:35');
INSERT INTO `Detalle_Historial` (`id_detalle`, `id_historial`, `id_sesion`, `fecha_registro`) VALUES (8, 7, 8, '2026-03-15 08:54:35');
INSERT INTO `Detalle_Historial` (`id_detalle`, `id_historial`, `id_sesion`, `fecha_registro`) VALUES (9, 8, 9, '2026-03-15 08:54:35');
INSERT INTO `Detalle_Historial` (`id_detalle`, `id_historial`, `id_sesion`, `fecha_registro`) VALUES (10, 9, 10, '2026-03-15 08:54:35');
INSERT INTO `Detalle_Historial` (`id_detalle`, `id_historial`, `id_sesion`, `fecha_registro`) VALUES (11, 9, 11, '2026-03-15 08:54:35');
INSERT INTO `Detalle_Historial` (`id_detalle`, `id_historial`, `id_sesion`, `fecha_registro`) VALUES (12, 10, 12, '2026-03-15 08:54:35');
INSERT INTO `Detalle_Historial` (`id_detalle`, `id_historial`, `id_sesion`, `fecha_registro`) VALUES (13, 11, 13, '2026-03-15 08:54:35');
INSERT INTO `Detalle_Historial` (`id_detalle`, `id_historial`, `id_sesion`, `fecha_registro`) VALUES (14, 12, 14, '2026-03-15 08:54:35');
INSERT INTO `Detalle_Historial` (`id_detalle`, `id_historial`, `id_sesion`, `fecha_registro`) VALUES (15, 12, 15, '2026-03-15 08:54:35');
INSERT INTO `Detalle_Historial` (`id_detalle`, `id_historial`, `id_sesion`, `fecha_registro`) VALUES (16, 12, 16, '2026-03-15 08:54:35');
INSERT INTO `Detalle_Historial` (`id_detalle`, `id_historial`, `id_sesion`, `fecha_registro`) VALUES (17, 13, 17, '2026-03-15 08:54:35');
INSERT INTO `Detalle_Historial` (`id_detalle`, `id_historial`, `id_sesion`, `fecha_registro`) VALUES (18, 14, 18, '2026-03-15 08:54:35');
INSERT INTO `Detalle_Historial` (`id_detalle`, `id_historial`, `id_sesion`, `fecha_registro`) VALUES (19, 15, 19, '2026-03-15 08:54:35');
INSERT INTO `Detalle_Historial` (`id_detalle`, `id_historial`, `id_sesion`, `fecha_registro`) VALUES (20, 16, 20, '2026-03-15 08:54:35');
INSERT INTO `Detalle_Historial` (`id_detalle`, `id_historial`, `id_sesion`, `fecha_registro`) VALUES (21, 17, 21, '2026-03-15 08:54:35');
INSERT INTO `Detalle_Historial` (`id_detalle`, `id_historial`, `id_sesion`, `fecha_registro`) VALUES (22, 18, 22, '2026-03-15 08:54:35');
INSERT INTO `Detalle_Historial` (`id_detalle`, `id_historial`, `id_sesion`, `fecha_registro`) VALUES (23, 19, 23, '2026-03-15 08:54:35');
INSERT INTO `Detalle_Historial` (`id_detalle`, `id_historial`, `id_sesion`, `fecha_registro`) VALUES (24, 20, 24, '2026-03-15 08:54:35');
INSERT INTO `Detalle_Historial` (`id_detalle`, `id_historial`, `id_sesion`, `fecha_registro`) VALUES (25, 21, 25, '2026-03-15 08:54:35');
INSERT INTO `Detalle_Historial` (`id_detalle`, `id_historial`, `id_sesion`, `fecha_registro`) VALUES (26, 22, 26, '2026-03-15 08:54:35');
INSERT INTO `Detalle_Historial` (`id_detalle`, `id_historial`, `id_sesion`, `fecha_registro`) VALUES (27, 23, 27, '2026-03-15 08:54:35');
INSERT INTO `Detalle_Historial` (`id_detalle`, `id_historial`, `id_sesion`, `fecha_registro`) VALUES (28, 24, 28, '2026-03-15 08:54:35');
INSERT INTO `Detalle_Historial` (`id_detalle`, `id_historial`, `id_sesion`, `fecha_registro`) VALUES (29, 25, 29, '2026-03-15 08:54:35');
INSERT INTO `Detalle_Historial` (`id_detalle`, `id_historial`, `id_sesion`, `fecha_registro`) VALUES (30, 26, 30, '2026-03-15 08:54:35');
INSERT INTO `Detalle_Historial` (`id_detalle`, `id_historial`, `id_sesion`, `fecha_registro`) VALUES (31, 27, 31, '2026-03-15 08:54:35');
INSERT INTO `Detalle_Historial` (`id_detalle`, `id_historial`, `id_sesion`, `fecha_registro`) VALUES (32, 28, 32, '2026-03-15 08:54:35');
INSERT INTO `Detalle_Historial` (`id_detalle`, `id_historial`, `id_sesion`, `fecha_registro`) VALUES (33, 29, 33, '2026-03-15 08:54:35');
INSERT INTO `Detalle_Historial` (`id_detalle`, `id_historial`, `id_sesion`, `fecha_registro`) VALUES (34, 30, 34, '2026-03-15 08:54:35');
INSERT INTO `Detalle_Historial` (`id_detalle`, `id_historial`, `id_sesion`, `fecha_registro`) VALUES (35, 31, 35, '2026-03-15 08:54:35');
INSERT INTO `Detalle_Historial` (`id_detalle`, `id_historial`, `id_sesion`, `fecha_registro`) VALUES (36, 32, 36, '2026-03-15 08:54:35');
INSERT INTO `Detalle_Historial` (`id_detalle`, `id_historial`, `id_sesion`, `fecha_registro`) VALUES (37, 33, 37, '2026-03-15 08:54:35');
INSERT INTO `Detalle_Historial` (`id_detalle`, `id_historial`, `id_sesion`, `fecha_registro`) VALUES (38, 34, 38, '2026-03-15 08:54:35');
INSERT INTO `Detalle_Historial` (`id_detalle`, `id_historial`, `id_sesion`, `fecha_registro`) VALUES (39, 35, 39, '2026-03-15 08:54:35');
INSERT INTO `Detalle_Historial` (`id_detalle`, `id_historial`, `id_sesion`, `fecha_registro`) VALUES (40, 36, 40, '2026-03-15 08:54:35');
INSERT INTO `Detalle_Historial` (`id_detalle`, `id_historial`, `id_sesion`, `fecha_registro`) VALUES (41, 37, 41, '2026-03-15 08:54:35');
INSERT INTO `Detalle_Historial` (`id_detalle`, `id_historial`, `id_sesion`, `fecha_registro`) VALUES (42, 38, 42, '2026-03-15 08:54:35');
INSERT INTO `Detalle_Historial` (`id_detalle`, `id_historial`, `id_sesion`, `fecha_registro`) VALUES (43, 39, 43, '2026-03-15 08:54:35');
INSERT INTO `Detalle_Historial` (`id_detalle`, `id_historial`, `id_sesion`, `fecha_registro`) VALUES (44, 38, 44, '2026-03-15 08:54:35');
INSERT INTO `Detalle_Historial` (`id_detalle`, `id_historial`, `id_sesion`, `fecha_registro`) VALUES (45, 39, 45, '2026-03-15 08:54:35');
INSERT INTO `Detalle_Historial` (`id_detalle`, `id_historial`, `id_sesion`, `fecha_registro`) VALUES (46, 40, 46, '2026-03-15 08:54:35');
INSERT INTO `Detalle_Historial` (`id_detalle`, `id_historial`, `id_sesion`, `fecha_registro`) VALUES (47, 41, 47, '2026-03-15 08:54:35');
INSERT INTO `Detalle_Historial` (`id_detalle`, `id_historial`, `id_sesion`, `fecha_registro`) VALUES (48, 42, 48, '2026-03-15 08:54:35');
INSERT INTO `Detalle_Historial` (`id_detalle`, `id_historial`, `id_sesion`, `fecha_registro`) VALUES (49, 43, 49, '2026-03-15 08:54:35');
INSERT INTO `Detalle_Historial` (`id_detalle`, `id_historial`, `id_sesion`, `fecha_registro`) VALUES (50, 44, 50, '2026-03-15 08:54:35');
INSERT INTO `Detalle_Historial` (`id_detalle`, `id_historial`, `id_sesion`, `fecha_registro`) VALUES (51, 45, 51, '2026-03-15 08:54:35');
INSERT INTO `Detalle_Historial` (`id_detalle`, `id_historial`, `id_sesion`, `fecha_registro`) VALUES (52, 46, 52, '2026-03-15 08:54:35');
INSERT INTO `Detalle_Historial` (`id_detalle`, `id_historial`, `id_sesion`, `fecha_registro`) VALUES (53, 47, 53, '2026-03-15 08:54:35');
INSERT INTO `Detalle_Historial` (`id_detalle`, `id_historial`, `id_sesion`, `fecha_registro`) VALUES (54, 48, 54, '2026-03-15 08:54:35');
INSERT INTO `Detalle_Historial` (`id_detalle`, `id_historial`, `id_sesion`, `fecha_registro`) VALUES (55, 49, 55, '2026-03-15 08:54:35');
INSERT INTO `Detalle_Historial` (`id_detalle`, `id_historial`, `id_sesion`, `fecha_registro`) VALUES (56, 48, 56, '2026-03-15 08:54:35');
INSERT INTO `Detalle_Historial` (`id_detalle`, `id_historial`, `id_sesion`, `fecha_registro`) VALUES (57, 50, 57, '2026-03-15 08:54:35');
INSERT INTO `Detalle_Historial` (`id_detalle`, `id_historial`, `id_sesion`, `fecha_registro`) VALUES (58, 51, 58, '2026-03-15 08:54:35');
INSERT INTO `Detalle_Historial` (`id_detalle`, `id_historial`, `id_sesion`, `fecha_registro`) VALUES (59, 52, 59, '2026-03-15 08:54:35');
INSERT INTO `Detalle_Historial` (`id_detalle`, `id_historial`, `id_sesion`, `fecha_registro`) VALUES (60, 52, 60, '2026-03-15 08:54:35');
INSERT INTO `Detalle_Historial` (`id_detalle`, `id_historial`, `id_sesion`, `fecha_registro`) VALUES (61, 53, 61, '2026-03-15 08:54:35');
INSERT INTO `Detalle_Historial` (`id_detalle`, `id_historial`, `id_sesion`, `fecha_registro`) VALUES (62, 54, 62, '2026-03-15 08:54:35');
INSERT INTO `Detalle_Historial` (`id_detalle`, `id_historial`, `id_sesion`, `fecha_registro`) VALUES (63, 55, 63, '2026-03-15 08:54:35');
INSERT INTO `Detalle_Historial` (`id_detalle`, `id_historial`, `id_sesion`, `fecha_registro`) VALUES (64, 56, 64, '2026-03-15 08:54:35');
INSERT INTO `Detalle_Historial` (`id_detalle`, `id_historial`, `id_sesion`, `fecha_registro`) VALUES (65, 57, 65, '2026-03-15 08:54:35');
INSERT INTO `Detalle_Historial` (`id_detalle`, `id_historial`, `id_sesion`, `fecha_registro`) VALUES (66, 58, 66, '2026-03-15 08:54:35');
INSERT INTO `Detalle_Historial` (`id_detalle`, `id_historial`, `id_sesion`, `fecha_registro`) VALUES (67, 59, 67, '2026-03-15 08:54:35');
INSERT INTO `Detalle_Historial` (`id_detalle`, `id_historial`, `id_sesion`, `fecha_registro`) VALUES (68, 60, 68, '2026-03-15 08:54:35');
INSERT INTO `Detalle_Historial` (`id_detalle`, `id_historial`, `id_sesion`, `fecha_registro`) VALUES (69, 61, 69, '2026-03-15 08:54:35');
INSERT INTO `Detalle_Historial` (`id_detalle`, `id_historial`, `id_sesion`, `fecha_registro`) VALUES (70, 62, 70, '2026-03-15 08:54:35');
INSERT INTO `Detalle_Historial` (`id_detalle`, `id_historial`, `id_sesion`, `fecha_registro`) VALUES (71, 63, 71, '2026-03-15 08:54:35');
INSERT INTO `Detalle_Historial` (`id_detalle`, `id_historial`, `id_sesion`, `fecha_registro`) VALUES (72, 64, 72, '2026-03-15 08:54:35');
INSERT INTO `Detalle_Historial` (`id_detalle`, `id_historial`, `id_sesion`, `fecha_registro`) VALUES (73, 65, 73, '2026-03-15 08:54:35');
INSERT INTO `Detalle_Historial` (`id_detalle`, `id_historial`, `id_sesion`, `fecha_registro`) VALUES (74, 66, 74, '2026-03-15 08:54:35');
INSERT INTO `Detalle_Historial` (`id_detalle`, `id_historial`, `id_sesion`, `fecha_registro`) VALUES (75, 67, 75, '2026-03-15 08:54:35');
INSERT INTO `Detalle_Historial` (`id_detalle`, `id_historial`, `id_sesion`, `fecha_registro`) VALUES (76, 68, 76, '2026-03-15 08:54:35');
INSERT INTO `Detalle_Historial` (`id_detalle`, `id_historial`, `id_sesion`, `fecha_registro`) VALUES (77, 69, 77, '2026-03-15 08:54:35');
INSERT INTO `Detalle_Historial` (`id_detalle`, `id_historial`, `id_sesion`, `fecha_registro`) VALUES (78, 70, 78, '2026-03-15 08:54:35');
INSERT INTO `Detalle_Historial` (`id_detalle`, `id_historial`, `id_sesion`, `fecha_registro`) VALUES (79, 71, 79, '2026-03-15 08:54:35');
INSERT INTO `Detalle_Historial` (`id_detalle`, `id_historial`, `id_sesion`, `fecha_registro`) VALUES (80, 72, 80, '2026-03-15 08:54:35');
INSERT INTO `Detalle_Historial` (`id_detalle`, `id_historial`, `id_sesion`, `fecha_registro`) VALUES (81, 73, 81, '2026-03-15 08:54:35');
INSERT INTO `Detalle_Historial` (`id_detalle`, `id_historial`, `id_sesion`, `fecha_registro`) VALUES (82, 74, 82, '2026-03-15 08:54:35');
INSERT INTO `Detalle_Historial` (`id_detalle`, `id_historial`, `id_sesion`, `fecha_registro`) VALUES (83, 75, 83, '2026-03-15 08:54:35');
INSERT INTO `Detalle_Historial` (`id_detalle`, `id_historial`, `id_sesion`, `fecha_registro`) VALUES (84, 75, 84, '2026-03-15 08:54:35');
INSERT INTO `Detalle_Historial` (`id_detalle`, `id_historial`, `id_sesion`, `fecha_registro`) VALUES (85, 76, 85, '2026-03-15 08:54:35');
INSERT INTO `Detalle_Historial` (`id_detalle`, `id_historial`, `id_sesion`, `fecha_registro`) VALUES (86, 77, 86, '2026-03-15 08:54:35');
INSERT INTO `Detalle_Historial` (`id_detalle`, `id_historial`, `id_sesion`, `fecha_registro`) VALUES (87, 78, 87, '2026-03-15 08:54:35');
INSERT INTO `Detalle_Historial` (`id_detalle`, `id_historial`, `id_sesion`, `fecha_registro`) VALUES (88, 79, 88, '2026-03-15 08:54:35');
INSERT INTO `Detalle_Historial` (`id_detalle`, `id_historial`, `id_sesion`, `fecha_registro`) VALUES (89, 80, 89, '2026-03-15 08:54:35');
INSERT INTO `Detalle_Historial` (`id_detalle`, `id_historial`, `id_sesion`, `fecha_registro`) VALUES (90, 81, 90, '2026-03-15 08:54:35');
INSERT INTO `Detalle_Historial` (`id_detalle`, `id_historial`, `id_sesion`, `fecha_registro`) VALUES (91, 82, 91, '2026-03-15 08:54:35');
INSERT INTO `Detalle_Historial` (`id_detalle`, `id_historial`, `id_sesion`, `fecha_registro`) VALUES (92, 83, 92, '2026-03-15 08:54:35');
INSERT INTO `Detalle_Historial` (`id_detalle`, `id_historial`, `id_sesion`, `fecha_registro`) VALUES (93, 84, 93, '2026-03-15 08:54:35');
INSERT INTO `Detalle_Historial` (`id_detalle`, `id_historial`, `id_sesion`, `fecha_registro`) VALUES (94, 82, 94, '2026-03-15 08:54:35');
INSERT INTO `Detalle_Historial` (`id_detalle`, `id_historial`, `id_sesion`, `fecha_registro`) VALUES (95, 85, 95, '2026-03-15 08:54:35');
INSERT INTO `Detalle_Historial` (`id_detalle`, `id_historial`, `id_sesion`, `fecha_registro`) VALUES (96, 85, 96, '2026-03-15 08:54:35');
INSERT INTO `Detalle_Historial` (`id_detalle`, `id_historial`, `id_sesion`, `fecha_registro`) VALUES (97, 86, 97, '2026-03-15 08:54:35');
INSERT INTO `Detalle_Historial` (`id_detalle`, `id_historial`, `id_sesion`, `fecha_registro`) VALUES (98, 85, 98, '2026-03-15 08:54:35');
INSERT INTO `Detalle_Historial` (`id_detalle`, `id_historial`, `id_sesion`, `fecha_registro`) VALUES (99, 87, 99, '2026-03-15 08:54:35');
INSERT INTO `Detalle_Historial` (`id_detalle`, `id_historial`, `id_sesion`, `fecha_registro`) VALUES (100, 88, 100, '2026-03-15 08:54:35');
INSERT INTO `Detalle_Historial` (`id_detalle`, `id_historial`, `id_sesion`, `fecha_registro`) VALUES (101, 89, 101, '2026-03-15 08:54:35');
INSERT INTO `Detalle_Historial` (`id_detalle`, `id_historial`, `id_sesion`, `fecha_registro`) VALUES (102, 90, 102, '2026-03-15 08:54:35');
INSERT INTO `Detalle_Historial` (`id_detalle`, `id_historial`, `id_sesion`, `fecha_registro`) VALUES (103, 91, 103, '2026-03-15 08:54:35');
INSERT INTO `Detalle_Historial` (`id_detalle`, `id_historial`, `id_sesion`, `fecha_registro`) VALUES (104, 92, 104, '2026-03-15 08:54:35');
INSERT INTO `Detalle_Historial` (`id_detalle`, `id_historial`, `id_sesion`, `fecha_registro`) VALUES (105, 93, 105, '2026-03-15 08:54:35');
INSERT INTO `Detalle_Historial` (`id_detalle`, `id_historial`, `id_sesion`, `fecha_registro`) VALUES (106, 94, 106, '2026-03-15 08:54:35');
INSERT INTO `Detalle_Historial` (`id_detalle`, `id_historial`, `id_sesion`, `fecha_registro`) VALUES (107, 95, 107, '2026-03-15 08:54:35');
INSERT INTO `Detalle_Historial` (`id_detalle`, `id_historial`, `id_sesion`, `fecha_registro`) VALUES (108, 96, 108, '2026-03-15 08:54:35');
INSERT INTO `Detalle_Historial` (`id_detalle`, `id_historial`, `id_sesion`, `fecha_registro`) VALUES (109, 97, 109, '2026-03-15 08:54:35');
INSERT INTO `Detalle_Historial` (`id_detalle`, `id_historial`, `id_sesion`, `fecha_registro`) VALUES (110, 98, 110, '2026-03-15 08:54:35');
INSERT INTO `Detalle_Historial` (`id_detalle`, `id_historial`, `id_sesion`, `fecha_registro`) VALUES (111, 99, 111, '2026-03-15 08:54:35');
INSERT INTO `Detalle_Historial` (`id_detalle`, `id_historial`, `id_sesion`, `fecha_registro`) VALUES (112, 100, 112, '2026-03-15 08:54:35');
INSERT INTO `Detalle_Historial` (`id_detalle`, `id_historial`, `id_sesion`, `fecha_registro`) VALUES (113, 101, 113, '2026-03-15 08:54:35');
INSERT INTO `Detalle_Historial` (`id_detalle`, `id_historial`, `id_sesion`, `fecha_registro`) VALUES (114, 102, 114, '2026-03-15 08:54:35');
INSERT INTO `Detalle_Historial` (`id_detalle`, `id_historial`, `id_sesion`, `fecha_registro`) VALUES (115, 102, 115, '2026-03-15 08:54:35');
INSERT INTO `Detalle_Historial` (`id_detalle`, `id_historial`, `id_sesion`, `fecha_registro`) VALUES (116, 103, 116, '2026-03-15 08:54:35');
INSERT INTO `Detalle_Historial` (`id_detalle`, `id_historial`, `id_sesion`, `fecha_registro`) VALUES (117, 104, 117, '2026-03-15 08:54:35');
INSERT INTO `Detalle_Historial` (`id_detalle`, `id_historial`, `id_sesion`, `fecha_registro`) VALUES (118, 105, 118, '2026-03-15 08:54:35');
INSERT INTO `Detalle_Historial` (`id_detalle`, `id_historial`, `id_sesion`, `fecha_registro`) VALUES (119, 106, 119, '2026-03-15 08:54:35');
INSERT INTO `Detalle_Historial` (`id_detalle`, `id_historial`, `id_sesion`, `fecha_registro`) VALUES (120, 107, 120, '2026-03-15 08:54:35');
INSERT INTO `Detalle_Historial` (`id_detalle`, `id_historial`, `id_sesion`, `fecha_registro`) VALUES (121, 108, 121, '2026-03-15 08:54:35');
INSERT INTO `Detalle_Historial` (`id_detalle`, `id_historial`, `id_sesion`, `fecha_registro`) VALUES (122, 107, 122, '2026-03-15 08:54:35');
INSERT INTO `Detalle_Historial` (`id_detalle`, `id_historial`, `id_sesion`, `fecha_registro`) VALUES (123, 109, 123, '2026-03-15 08:54:35');
INSERT INTO `Detalle_Historial` (`id_detalle`, `id_historial`, `id_sesion`, `fecha_registro`) VALUES (124, 110, 124, '2026-03-15 08:54:35');
INSERT INTO `Detalle_Historial` (`id_detalle`, `id_historial`, `id_sesion`, `fecha_registro`) VALUES (125, 111, 125, '2026-03-15 08:54:35');
INSERT INTO `Detalle_Historial` (`id_detalle`, `id_historial`, `id_sesion`, `fecha_registro`) VALUES (126, 112, 126, '2026-03-15 08:54:35');
INSERT INTO `Detalle_Historial` (`id_detalle`, `id_historial`, `id_sesion`, `fecha_registro`) VALUES (127, 113, 127, '2026-03-15 08:54:35');
INSERT INTO `Detalle_Historial` (`id_detalle`, `id_historial`, `id_sesion`, `fecha_registro`) VALUES (128, 114, 128, '2026-03-15 08:54:35');
INSERT INTO `Detalle_Historial` (`id_detalle`, `id_historial`, `id_sesion`, `fecha_registro`) VALUES (129, 115, 129, '2026-03-15 08:54:35');
INSERT INTO `Detalle_Historial` (`id_detalle`, `id_historial`, `id_sesion`, `fecha_registro`) VALUES (130, 116, 130, '2026-03-15 08:54:35');
INSERT INTO `Detalle_Historial` (`id_detalle`, `id_historial`, `id_sesion`, `fecha_registro`) VALUES (131, 117, 131, '2026-03-15 08:54:35');
INSERT INTO `Detalle_Historial` (`id_detalle`, `id_historial`, `id_sesion`, `fecha_registro`) VALUES (132, 118, 132, '2026-03-15 08:54:35');
INSERT INTO `Detalle_Historial` (`id_detalle`, `id_historial`, `id_sesion`, `fecha_registro`) VALUES (133, 119, 133, '2026-03-15 08:54:35');
INSERT INTO `Detalle_Historial` (`id_detalle`, `id_historial`, `id_sesion`, `fecha_registro`) VALUES (134, 120, 134, '2026-03-15 08:54:35');
INSERT INTO `Detalle_Historial` (`id_detalle`, `id_historial`, `id_sesion`, `fecha_registro`) VALUES (135, 121, 135, '2026-03-15 08:54:35');
INSERT INTO `Detalle_Historial` (`id_detalle`, `id_historial`, `id_sesion`, `fecha_registro`) VALUES (136, 122, 136, '2026-03-15 08:54:35');
INSERT INTO `Detalle_Historial` (`id_detalle`, `id_historial`, `id_sesion`, `fecha_registro`) VALUES (137, 123, 137, '2026-03-15 08:54:35');
INSERT INTO `Detalle_Historial` (`id_detalle`, `id_historial`, `id_sesion`, `fecha_registro`) VALUES (138, 123, 138, '2026-03-15 08:54:35');
INSERT INTO `Detalle_Historial` (`id_detalle`, `id_historial`, `id_sesion`, `fecha_registro`) VALUES (139, 124, 139, '2026-03-15 08:54:35');
INSERT INTO `Detalle_Historial` (`id_detalle`, `id_historial`, `id_sesion`, `fecha_registro`) VALUES (140, 125, 140, '2026-03-15 08:54:35');
INSERT INTO `Detalle_Historial` (`id_detalle`, `id_historial`, `id_sesion`, `fecha_registro`) VALUES (141, 125, 141, '2026-03-15 08:54:35');
INSERT INTO `Detalle_Historial` (`id_detalle`, `id_historial`, `id_sesion`, `fecha_registro`) VALUES (142, 126, 142, '2026-03-15 08:54:35');
INSERT INTO `Detalle_Historial` (`id_detalle`, `id_historial`, `id_sesion`, `fecha_registro`) VALUES (143, 127, 143, '2026-03-15 08:54:35');
INSERT INTO `Detalle_Historial` (`id_detalle`, `id_historial`, `id_sesion`, `fecha_registro`) VALUES (144, 128, 144, '2026-03-15 08:54:35');
INSERT INTO `Detalle_Historial` (`id_detalle`, `id_historial`, `id_sesion`, `fecha_registro`) VALUES (145, 129, 145, '2026-03-15 08:54:35');
INSERT INTO `Detalle_Historial` (`id_detalle`, `id_historial`, `id_sesion`, `fecha_registro`) VALUES (146, 130, 146, '2026-03-15 08:54:35');
INSERT INTO `Detalle_Historial` (`id_detalle`, `id_historial`, `id_sesion`, `fecha_registro`) VALUES (147, 129, 147, '2026-03-15 08:54:35');
INSERT INTO `Detalle_Historial` (`id_detalle`, `id_historial`, `id_sesion`, `fecha_registro`) VALUES (148, 131, 148, '2026-03-15 08:54:35');
INSERT INTO `Detalle_Historial` (`id_detalle`, `id_historial`, `id_sesion`, `fecha_registro`) VALUES (149, 132, 149, '2026-03-15 08:54:35');
INSERT INTO `Detalle_Historial` (`id_detalle`, `id_historial`, `id_sesion`, `fecha_registro`) VALUES (150, 132, 150, '2026-03-15 08:54:35');
INSERT INTO `Detalle_Historial` (`id_detalle`, `id_historial`, `id_sesion`, `fecha_registro`) VALUES (151, 133, 151, '2026-03-15 08:54:35');
INSERT INTO `Detalle_Historial` (`id_detalle`, `id_historial`, `id_sesion`, `fecha_registro`) VALUES (152, 132, 152, '2026-03-15 08:54:35');
INSERT INTO `Detalle_Historial` (`id_detalle`, `id_historial`, `id_sesion`, `fecha_registro`) VALUES (153, 134, 153, '2026-03-15 08:54:35');
INSERT INTO `Detalle_Historial` (`id_detalle`, `id_historial`, `id_sesion`, `fecha_registro`) VALUES (154, 135, 154, '2026-03-15 08:54:36');
INSERT INTO `Detalle_Historial` (`id_detalle`, `id_historial`, `id_sesion`, `fecha_registro`) VALUES (155, 136, 155, '2026-03-15 08:54:36');
INSERT INTO `Detalle_Historial` (`id_detalle`, `id_historial`, `id_sesion`, `fecha_registro`) VALUES (156, 137, 156, '2026-03-15 08:54:36');
INSERT INTO `Detalle_Historial` (`id_detalle`, `id_historial`, `id_sesion`, `fecha_registro`) VALUES (157, 138, 157, '2026-03-15 08:54:36');
INSERT INTO `Detalle_Historial` (`id_detalle`, `id_historial`, `id_sesion`, `fecha_registro`) VALUES (158, 139, 158, '2026-03-15 08:54:36');
INSERT INTO `Detalle_Historial` (`id_detalle`, `id_historial`, `id_sesion`, `fecha_registro`) VALUES (159, 140, 159, '2026-03-15 08:54:36');
INSERT INTO `Detalle_Historial` (`id_detalle`, `id_historial`, `id_sesion`, `fecha_registro`) VALUES (160, 141, 160, '2026-03-15 08:54:36');
INSERT INTO `Detalle_Historial` (`id_detalle`, `id_historial`, `id_sesion`, `fecha_registro`) VALUES (161, 142, 161, '2026-03-15 08:54:36');
INSERT INTO `Detalle_Historial` (`id_detalle`, `id_historial`, `id_sesion`, `fecha_registro`) VALUES (162, 141, 162, '2026-03-15 08:54:36');
INSERT INTO `Detalle_Historial` (`id_detalle`, `id_historial`, `id_sesion`, `fecha_registro`) VALUES (163, 143, 163, '2026-03-15 08:54:36');
INSERT INTO `Detalle_Historial` (`id_detalle`, `id_historial`, `id_sesion`, `fecha_registro`) VALUES (164, 144, 164, '2026-03-15 08:54:36');
INSERT INTO `Detalle_Historial` (`id_detalle`, `id_historial`, `id_sesion`, `fecha_registro`) VALUES (165, 145, 165, '2026-03-15 08:54:36');
INSERT INTO `Detalle_Historial` (`id_detalle`, `id_historial`, `id_sesion`, `fecha_registro`) VALUES (166, 145, 166, '2026-03-15 08:54:36');
INSERT INTO `Detalle_Historial` (`id_detalle`, `id_historial`, `id_sesion`, `fecha_registro`) VALUES (167, 145, 167, '2026-03-15 08:54:36');
INSERT INTO `Detalle_Historial` (`id_detalle`, `id_historial`, `id_sesion`, `fecha_registro`) VALUES (168, 146, 168, '2026-03-15 08:54:36');
INSERT INTO `Detalle_Historial` (`id_detalle`, `id_historial`, `id_sesion`, `fecha_registro`) VALUES (169, 147, 169, '2026-03-15 08:54:36');
INSERT INTO `Detalle_Historial` (`id_detalle`, `id_historial`, `id_sesion`, `fecha_registro`) VALUES (170, 148, 170, '2026-03-15 08:54:36');
INSERT INTO `Detalle_Historial` (`id_detalle`, `id_historial`, `id_sesion`, `fecha_registro`) VALUES (171, 149, 171, '2026-03-15 08:54:36');
INSERT INTO `Detalle_Historial` (`id_detalle`, `id_historial`, `id_sesion`, `fecha_registro`) VALUES (172, 150, 172, '2026-03-15 08:54:36');
INSERT INTO `Detalle_Historial` (`id_detalle`, `id_historial`, `id_sesion`, `fecha_registro`) VALUES (173, 151, 173, '2026-03-15 08:54:36');
INSERT INTO `Detalle_Historial` (`id_detalle`, `id_historial`, `id_sesion`, `fecha_registro`) VALUES (174, 152, 174, '2026-03-15 08:54:36');
INSERT INTO `Detalle_Historial` (`id_detalle`, `id_historial`, `id_sesion`, `fecha_registro`) VALUES (175, 153, 175, '2026-03-15 08:54:36');
INSERT INTO `Detalle_Historial` (`id_detalle`, `id_historial`, `id_sesion`, `fecha_registro`) VALUES (176, 154, 176, '2026-03-15 08:54:36');
INSERT INTO `Detalle_Historial` (`id_detalle`, `id_historial`, `id_sesion`, `fecha_registro`) VALUES (177, 155, 177, '2026-03-15 08:54:36');
INSERT INTO `Detalle_Historial` (`id_detalle`, `id_historial`, `id_sesion`, `fecha_registro`) VALUES (178, 156, 178, '2026-03-15 08:54:36');
INSERT INTO `Detalle_Historial` (`id_detalle`, `id_historial`, `id_sesion`, `fecha_registro`) VALUES (179, 157, 179, '2026-03-15 08:54:36');
INSERT INTO `Detalle_Historial` (`id_detalle`, `id_historial`, `id_sesion`, `fecha_registro`) VALUES (180, 158, 180, '2026-03-15 08:54:36');
INSERT INTO `Detalle_Historial` (`id_detalle`, `id_historial`, `id_sesion`, `fecha_registro`) VALUES (181, 159, 181, '2026-03-15 08:54:36');
INSERT INTO `Detalle_Historial` (`id_detalle`, `id_historial`, `id_sesion`, `fecha_registro`) VALUES (182, 160, 182, '2026-03-15 08:54:36');
INSERT INTO `Detalle_Historial` (`id_detalle`, `id_historial`, `id_sesion`, `fecha_registro`) VALUES (183, 160, 183, '2026-03-15 08:54:36');
INSERT INTO `Detalle_Historial` (`id_detalle`, `id_historial`, `id_sesion`, `fecha_registro`) VALUES (184, 160, 184, '2026-03-15 08:54:36');
INSERT INTO `Detalle_Historial` (`id_detalle`, `id_historial`, `id_sesion`, `fecha_registro`) VALUES (185, 161, 185, '2026-03-15 08:54:36');
INSERT INTO `Detalle_Historial` (`id_detalle`, `id_historial`, `id_sesion`, `fecha_registro`) VALUES (186, 162, 186, '2026-03-15 08:54:36');
INSERT INTO `Detalle_Historial` (`id_detalle`, `id_historial`, `id_sesion`, `fecha_registro`) VALUES (187, 163, 187, '2026-03-15 08:54:36');
INSERT INTO `Detalle_Historial` (`id_detalle`, `id_historial`, `id_sesion`, `fecha_registro`) VALUES (188, 164, 188, '2026-03-15 08:54:36');
INSERT INTO `Detalle_Historial` (`id_detalle`, `id_historial`, `id_sesion`, `fecha_registro`) VALUES (189, 165, 189, '2026-03-15 08:54:36');
INSERT INTO `Detalle_Historial` (`id_detalle`, `id_historial`, `id_sesion`, `fecha_registro`) VALUES (190, 166, 190, '2026-03-15 08:54:36');
INSERT INTO `Detalle_Historial` (`id_detalle`, `id_historial`, `id_sesion`, `fecha_registro`) VALUES (191, 166, 191, '2026-03-15 08:54:36');
INSERT INTO `Detalle_Historial` (`id_detalle`, `id_historial`, `id_sesion`, `fecha_registro`) VALUES (192, 167, 192, '2026-03-15 08:54:36');
INSERT INTO `Detalle_Historial` (`id_detalle`, `id_historial`, `id_sesion`, `fecha_registro`) VALUES (193, 168, 193, '2026-03-15 08:54:36');
INSERT INTO `Detalle_Historial` (`id_detalle`, `id_historial`, `id_sesion`, `fecha_registro`) VALUES (194, 169, 194, '2026-03-15 08:54:36');
INSERT INTO `Detalle_Historial` (`id_detalle`, `id_historial`, `id_sesion`, `fecha_registro`) VALUES (195, 170, 195, '2026-03-15 08:54:36');
INSERT INTO `Detalle_Historial` (`id_detalle`, `id_historial`, `id_sesion`, `fecha_registro`) VALUES (196, 170, 196, '2026-03-15 08:54:36');
INSERT INTO `Detalle_Historial` (`id_detalle`, `id_historial`, `id_sesion`, `fecha_registro`) VALUES (197, 171, 197, '2026-03-15 08:54:36');
INSERT INTO `Detalle_Historial` (`id_detalle`, `id_historial`, `id_sesion`, `fecha_registro`) VALUES (198, 172, 198, '2026-03-15 08:54:36');
INSERT INTO `Detalle_Historial` (`id_detalle`, `id_historial`, `id_sesion`, `fecha_registro`) VALUES (199, 173, 199, '2026-03-15 08:54:36');
INSERT INTO `Detalle_Historial` (`id_detalle`, `id_historial`, `id_sesion`, `fecha_registro`) VALUES (200, 174, 200, '2026-03-15 08:54:36');
INSERT INTO `Detalle_Historial` (`id_detalle`, `id_historial`, `id_sesion`, `fecha_registro`) VALUES (201, 175, 201, '2026-03-15 08:54:36');
INSERT INTO `Detalle_Historial` (`id_detalle`, `id_historial`, `id_sesion`, `fecha_registro`) VALUES (202, 176, 202, '2026-03-15 08:54:36');
INSERT INTO `Detalle_Historial` (`id_detalle`, `id_historial`, `id_sesion`, `fecha_registro`) VALUES (203, 177, 203, '2026-03-15 08:54:36');
INSERT INTO `Detalle_Historial` (`id_detalle`, `id_historial`, `id_sesion`, `fecha_registro`) VALUES (204, 175, 204, '2026-03-15 08:54:36');
INSERT INTO `Detalle_Historial` (`id_detalle`, `id_historial`, `id_sesion`, `fecha_registro`) VALUES (205, 178, 205, '2026-03-15 08:54:36');
INSERT INTO `Detalle_Historial` (`id_detalle`, `id_historial`, `id_sesion`, `fecha_registro`) VALUES (206, 179, 206, '2026-03-15 08:54:36');
INSERT INTO `Detalle_Historial` (`id_detalle`, `id_historial`, `id_sesion`, `fecha_registro`) VALUES (207, 180, 207, '2026-03-15 08:54:36');
INSERT INTO `Detalle_Historial` (`id_detalle`, `id_historial`, `id_sesion`, `fecha_registro`) VALUES (208, 181, 208, '2026-03-15 08:54:36');
INSERT INTO `Detalle_Historial` (`id_detalle`, `id_historial`, `id_sesion`, `fecha_registro`) VALUES (209, 182, 209, '2026-03-15 08:54:36');
INSERT INTO `Detalle_Historial` (`id_detalle`, `id_historial`, `id_sesion`, `fecha_registro`) VALUES (210, 183, 210, '2026-03-15 08:54:36');
INSERT INTO `Detalle_Historial` (`id_detalle`, `id_historial`, `id_sesion`, `fecha_registro`) VALUES (211, 184, 211, '2026-03-15 08:54:36');
INSERT INTO `Detalle_Historial` (`id_detalle`, `id_historial`, `id_sesion`, `fecha_registro`) VALUES (212, 185, 212, '2026-03-15 08:54:36');
INSERT INTO `Detalle_Historial` (`id_detalle`, `id_historial`, `id_sesion`, `fecha_registro`) VALUES (213, 186, 213, '2026-03-15 08:54:36');
INSERT INTO `Detalle_Historial` (`id_detalle`, `id_historial`, `id_sesion`, `fecha_registro`) VALUES (214, 187, 214, '2026-03-15 08:54:36');
INSERT INTO `Detalle_Historial` (`id_detalle`, `id_historial`, `id_sesion`, `fecha_registro`) VALUES (215, 188, 215, '2026-03-15 08:54:36');
INSERT INTO `Detalle_Historial` (`id_detalle`, `id_historial`, `id_sesion`, `fecha_registro`) VALUES (216, 189, 216, '2026-03-15 08:54:36');
INSERT INTO `Detalle_Historial` (`id_detalle`, `id_historial`, `id_sesion`, `fecha_registro`) VALUES (217, 190, 217, '2026-03-15 08:54:36');
INSERT INTO `Detalle_Historial` (`id_detalle`, `id_historial`, `id_sesion`, `fecha_registro`) VALUES (218, 191, 218, '2026-03-15 08:54:36');
INSERT INTO `Detalle_Historial` (`id_detalle`, `id_historial`, `id_sesion`, `fecha_registro`) VALUES (219, 192, 219, '2026-03-15 08:54:36');
INSERT INTO `Detalle_Historial` (`id_detalle`, `id_historial`, `id_sesion`, `fecha_registro`) VALUES (220, 193, 220, '2026-03-15 08:54:36');
INSERT INTO `Detalle_Historial` (`id_detalle`, `id_historial`, `id_sesion`, `fecha_registro`) VALUES (221, 194, 221, '2026-03-15 08:54:36');
INSERT INTO `Detalle_Historial` (`id_detalle`, `id_historial`, `id_sesion`, `fecha_registro`) VALUES (222, 195, 222, '2026-03-15 08:54:36');
INSERT INTO `Detalle_Historial` (`id_detalle`, `id_historial`, `id_sesion`, `fecha_registro`) VALUES (223, 196, 223, '2026-03-15 08:54:36');
INSERT INTO `Detalle_Historial` (`id_detalle`, `id_historial`, `id_sesion`, `fecha_registro`) VALUES (224, 197, 224, '2026-03-15 08:54:36');
INSERT INTO `Detalle_Historial` (`id_detalle`, `id_historial`, `id_sesion`, `fecha_registro`) VALUES (225, 198, 225, '2026-03-15 08:54:36');
INSERT INTO `Detalle_Historial` (`id_detalle`, `id_historial`, `id_sesion`, `fecha_registro`) VALUES (226, 199, 226, '2026-03-15 08:54:36');
INSERT INTO `Detalle_Historial` (`id_detalle`, `id_historial`, `id_sesion`, `fecha_registro`) VALUES (227, 200, 227, '2026-03-15 08:54:36');
INSERT INTO `Detalle_Historial` (`id_detalle`, `id_historial`, `id_sesion`, `fecha_registro`) VALUES (228, 200, 228, '2026-03-15 08:54:36');
INSERT INTO `Detalle_Historial` (`id_detalle`, `id_historial`, `id_sesion`, `fecha_registro`) VALUES (229, 201, 229, '2026-03-15 08:54:36');
INSERT INTO `Detalle_Historial` (`id_detalle`, `id_historial`, `id_sesion`, `fecha_registro`) VALUES (230, 202, 230, '2026-03-15 08:54:36');
INSERT INTO `Detalle_Historial` (`id_detalle`, `id_historial`, `id_sesion`, `fecha_registro`) VALUES (231, 203, 231, '2026-03-15 08:54:36');
INSERT INTO `Detalle_Historial` (`id_detalle`, `id_historial`, `id_sesion`, `fecha_registro`) VALUES (232, 204, 232, '2026-03-15 08:54:36');
INSERT INTO `Detalle_Historial` (`id_detalle`, `id_historial`, `id_sesion`, `fecha_registro`) VALUES (233, 203, 233, '2026-03-15 08:54:36');
INSERT INTO `Detalle_Historial` (`id_detalle`, `id_historial`, `id_sesion`, `fecha_registro`) VALUES (234, 205, 234, '2026-03-15 08:54:36');
INSERT INTO `Detalle_Historial` (`id_detalle`, `id_historial`, `id_sesion`, `fecha_registro`) VALUES (235, 206, 235, '2026-03-15 08:54:36');
INSERT INTO `Detalle_Historial` (`id_detalle`, `id_historial`, `id_sesion`, `fecha_registro`) VALUES (236, 207, 236, '2026-03-15 08:54:36');
INSERT INTO `Detalle_Historial` (`id_detalle`, `id_historial`, `id_sesion`, `fecha_registro`) VALUES (237, 207, 237, '2026-03-15 08:54:36');
INSERT INTO `Detalle_Historial` (`id_detalle`, `id_historial`, `id_sesion`, `fecha_registro`) VALUES (238, 208, 238, '2026-03-15 08:54:36');
INSERT INTO `Detalle_Historial` (`id_detalle`, `id_historial`, `id_sesion`, `fecha_registro`) VALUES (239, 209, 239, '2026-03-15 08:54:36');
INSERT INTO `Detalle_Historial` (`id_detalle`, `id_historial`, `id_sesion`, `fecha_registro`) VALUES (240, 208, 240, '2026-03-15 08:54:36');
INSERT INTO `Detalle_Historial` (`id_detalle`, `id_historial`, `id_sesion`, `fecha_registro`) VALUES (241, 210, 241, '2026-03-15 08:54:36');
INSERT INTO `Detalle_Historial` (`id_detalle`, `id_historial`, `id_sesion`, `fecha_registro`) VALUES (242, 211, 242, '2026-03-15 08:54:36');

SET FOREIGN_KEY_CHECKS = 1;
